experiment,config,item_id,trial,correct,outcome,anchor,total_ms,onset_total_ms,capture_ms,wake_ms,vad_ms,stt_ms,slm_prefill_ms,slm_decode_ms,validate_ms,fsm_ms,bus_ms,peak_rss_mb,temperature_c,throttle_flags,throttled_now,note,tokens_predicted,tokens_evaluated,host_host,host_machine,host_model,host_is_pi,host_cores
1,llama-3.2-1b-instruct-Q4_K_M-warmup,0151,0,,,end_of_speech,2175.41,,,,,,1066.62,1108.79,,,,1637.56,83.4,soft_temp_limit_now|arm_freq_capped_occurred|throttling_occurred|soft_temp_limit_occurred,1,,14,58,drone-pi,aarch64,Raspberry Pi 5 Model B Rev 1.0,true,4
1,llama-3.2-1b-instruct-Q4_K_M-warmup,0162,1,,,end_of_speech,2364.043,,,,,,614.821,1749.222,,,,1637.73,84.0,soft_temp_limit_now|arm_freq_capped_occurred|throttling_occurred|soft_temp_limit_occurred,1,,21,72,drone-pi,aarch64,Raspberry Pi 5 Model B Rev 1.0,true,4
1,llama-3.2-1b-instruct-Q4_K_M-warmup,0182,2,,,end_of_speech,748.325,,,,,,296.931,451.394,,,,1637.84,84.5,soft_temp_limit_now|arm_freq_capped_occurred|throttling_occurred|soft_temp_limit_occurred,1,,6,56,drone-pi,aarch64,Raspberry Pi 5 Model B Rev 1.0,true,4
1,llama-3.2-1b-instruct-Q4_K_M-warmup,0072,3,,,end_of_speech,1222.599,,,,,,247.571,975.028,,,,1637.95,87.8,arm_freq_capped_now|currently_throttled|arm_freq_capped_occurred|throttling_occurred|soft_temp_limit_occurred,1,,12,53,drone-pi,aarch64,Raspberry Pi 5 Model B Rev 1.0,true,4
1,llama-3.2-1b-instruct-Q4_K_M-warmup,0033,4,,,end_of_speech,1193.211,,,,,,397.649,795.562,,,,1637.95,84.5,soft_temp_limit_now|arm_freq_capped_occurred|throttling_occurred|soft_temp_limit_occurred,1,,10,58,drone-pi,aarch64,Raspberry Pi 5 Model B Rev 1.0,true,4
1,llama-3.2-1b-instruct-Q4_K_M-warmup,0116,5,,,end_of_speech,1906.164,,,,,,466.613,1439.551,,,,1637.97,86.2,arm_freq_capped_now|currently_throttled|arm_freq_capped_occurred|throttling_occurred|soft_temp_limit_occurred,1,,17,63,drone-pi,aarch64,Raspberry Pi 5 Model B Rev 1.0,true,4
1,llama-3.2-1b-instruct-Q4_K_M-warmup,0105,6,,,end_of_speech,2024.246,,,,,,429.99,1594.256,,,,1637.98,85.6,arm_freq_capped_now|currently_throttled|arm_freq_capped_occurred|throttling_occurred|soft_temp_limit_occurred,1,,19,60,drone-pi,aarch64,Raspberry Pi 5 Model B Rev 1.0,true,4
1,llama-3.2-1b-instruct-Q4_K_M-warmup,0089,7,,,end_of_speech,2983.119,,,,,,732.571,2250.548,,,,1638.06,85.1,arm_freq_capped_now|currently_throttled|arm_freq_capped_occurred|throttling_occurred|soft_temp_limit_occurred,1,,26,75,drone-pi,aarch64,Raspberry Pi 5 Model B Rev 1.0,true,4
1,llama-3.2-1b-instruct-Q4_K_M-warmup,0062,8,,,end_of_speech,1341.485,,,,,,365.458,976.027,,,,1638.06,87.3,arm_freq_capped_now|currently_throttled|arm_freq_capped_occurred|throttling_occurred|soft_temp_limit_occurred,1,,12,57,drone-pi,aarch64,Raspberry Pi 5 Model B Rev 1.0,true,4
1,llama-3.2-1b-instruct-Q4_K_M-warmup,0113,9,,,end_of_speech,2796.053,,,,,,550.297,2245.756,,,,1638.06,86.2,arm_freq_capped_now|currently_throttled|arm_freq_capped_occurred|throttling_occurred|soft_temp_limit_occurred,1,,26,65,drone-pi,aarch64,Raspberry Pi 5 Model B Rev 1.0,true,4
1,llama-3.2-1b-instruct-Q4_K_M-warmup,0193,10,,,end_of_speech,2379.512,,,,,,571.089,1808.423,,,,1640.89,85.6,arm_freq_capped_now|currently_throttled|arm_freq_capped_occurred|throttling_occurred|soft_temp_limit_occurred,1,,21,67,drone-pi,aarch64,Raspberry Pi 5 Model B Rev 1.0,true,4
1,llama-3.2-1b-instruct-Q4_K_M-warmup,0006,11,,,end_of_speech,730.849,,,,,,280.285,450.564,,,,1643.61,86.7,arm_freq_capped_now|currently_throttled|arm_freq_capped_occurred|throttling_occurred|soft_temp_limit_occurred,1,,6,53,drone-pi,aarch64,Raspberry Pi 5 Model B Rev 1.0,true,4
1,llama-3.2-1b-instruct-Q4_K_M-warmup,0196,12,,,end_of_speech,1858.412,,,,,,429.962,1428.45,,,,1643.61,87.3,arm_freq_capped_now|currently_throttled|arm_freq_capped_occurred|throttling_occurred|soft_temp_limit_occurred,1,,17,60,drone-pi,aarch64,Raspberry Pi 5 Model B Rev 1.0,true,4
1,llama-3.2-1b-instruct-Q4_K_M-warmup,0186,13,,,end_of_speech,1995.16,,,,,,461.041,1534.119,,,,1643.61,86.7,arm_freq_capped_now|currently_throttled|arm_freq_capped_occurred|throttling_occurred|soft_temp_limit_occurred,1,,18,61,drone-pi,aarch64,Raspberry Pi 5 Model B Rev 1.0,true,4
1,llama-3.2-1b-instruct-Q4_K_M-warmup,0075,14,,,end_of_speech,3030.822,,,,,,763.123,2267.699,,,,1643.64,85.1,arm_freq_capped_now|currently_throttled|arm_freq_capped_occurred|throttling_occurred|soft_temp_limit_occurred,1,,26,74,drone-pi,aarch64,Raspberry Pi 5 Model B Rev 1.0,true,4
1,llama-3.2-1b-instruct-Q4_K_M-warmup,0131,15,,,end_of_speech,2499.729,,,,,,601.937,1897.792,,,,1646.75,86.7,arm_freq_capped_now|currently_throttled|arm_freq_capped_occurred|throttling_occurred|soft_temp_limit_occurred,1,,22,68,drone-pi,aarch64,Raspberry Pi 5 Model B Rev 1.0,true,4
1,llama-3.2-1b-instruct-Q4_K_M-warmup,0121,16,,,end_of_speech,1238.516,,,,,,247.79,990.726,,,,1649.55,85.6,arm_freq_capped_now|currently_throttled|arm_freq_capped_occurred|throttling_occurred|soft_temp_limit_occurred,1,,12,52,drone-pi,aarch64,Raspberry Pi 5 Model B Rev 1.0,true,4
1,llama-3.2-1b-instruct-Q4_K_M-warmup,0101,17,,,end_of_speech,1905.627,,,,,,460.48,1445.147,,,,1649.56,85.6,arm_freq_capped_now|currently_throttled|arm_freq_capped_occurred|throttling_occurred|soft_temp_limit_occurred,1,,17,61,drone-pi,aarch64,Raspberry Pi 5 Model B Rev 1.0,true,4
1,llama-3.2-1b-instruct-Q4_K_M-warmup,0032,18,,,end_of_speech,698.058,,,,,,247.975,450.083,,,,1649.58,87.3,arm_freq_capped_now|currently_throttled|arm_freq_capped_occurred|throttling_occurred|soft_temp_limit_occurred,1,,6,52,drone-pi,aarch64,Raspberry Pi 5 Model B Rev 1.0,true,4
1,llama-3.2-1b-instruct-Q4_K_M-warmup,0018,19,,,end_of_speech,763.208,,,,,,312.69,450.518,,,,1649.58,85.6,arm_freq_capped_now|currently_throttled|arm_freq_capped_occurred|throttling_occurred|soft_temp_limit_occurred,1,,6,54,drone-pi,aarch64,Raspberry Pi 5 Model B Rev 1.0,true,4
1,llama-3.2-1b-instruct-Q4_K_M-warmup,0049,20,,,end_of_speech,2629.347,,,,,,549.972,2079.375,,,,1649.58,86.7,arm_freq_capped_now|currently_throttled|arm_freq_capped_occurred|throttling_occurred|soft_temp_limit_occurred,1,,24,65,drone-pi,aarch64,Raspberry Pi 5 Model B Rev 1.0,true,4
1,llama-3.2-1b-instruct-Q4_K_M-warmup,0065,21,,,end_of_speech,2926.774,,,,,,665.253,2261.521,,,,1652.33,85.6,arm_freq_capped_now|currently_throttled|arm_freq_capped_occurred|throttling_occurred|soft_temp_limit_occurred,1,,26,71,drone-pi,aarch64,Raspberry Pi 5 Model B Rev 1.0,true,4
1,llama-3.2-1b-instruct-Q4_K_M-warmup,0110,22,,,end_of_speech,2626.996,,,,,,549.607,2077.389,,,,1655.33,85.6,arm_freq_capped_now|currently_throttled|arm_freq_capped_occurred|throttling_occurred|soft_temp_limit_occurred,1,,24,65,drone-pi,aarch64,Raspberry Pi 5 Model B Rev 1.0,true,4
1,llama-3.2-1b-instruct-Q4_K_M-warmup,0048,23,,,end_of_speech,664.779,,,,,,214.492,450.287,,,,1658.08,87.3,arm_freq_capped_now|currently_throttled|arm_freq_capped_occurred|throttling_occurred|soft_temp_limit_occurred,1,,6,51,drone-pi,aarch64,Raspberry Pi 5 Model B Rev 1.0,true,4
1,llama-3.2-1b-instruct-Q4_K_M-warmup,0097,24,,,end_of_speech,782.833,,,,,,332.438,450.395,,,,1658.08,86.7,arm_freq_capped_now|currently_throttled|arm_freq_capped_occurred|throttling_occurred|soft_temp_limit_occurred,1,,6,56,drone-pi,aarch64,Raspberry Pi 5 Model B Rev 1.0,true,4
1,llama-3.2-1b-instruct-Q4_K_M-warmup,0127,25,,,end_of_speech,1552.537,,,,,,396.687,1155.85,,,,1658.08,86.7,arm_freq_capped_now|currently_throttled|arm_freq_capped_occurred|throttling_occurred|soft_temp_limit_occurred,1,,14,59,drone-pi,aarch64,Raspberry Pi 5 Model B Rev 1.0,true,4
1,llama-3.2-1b-instruct-Q4_K_M-warmup,0123,26,,,end_of_speech,2053.552,,,,,,429.976,1623.576,,,,1658.08,86.2,arm_freq_capped_now|currently_throttled|arm_freq_capped_occurred|throttling_occurred|soft_temp_limit_occurred,1,,19,60,drone-pi,aarch64,Raspberry Pi 5 Model B Rev 1.0,true,4
1,llama-3.2-1b-instruct-Q4_K_M-warmup,0144,27,,,end_of_speech,1389.455,,,,,,398.093,991.362,,,,1658.08,86.2,arm_freq_capped_now|currently_throttled|arm_freq_capped_occurred|throttling_occurred|soft_temp_limit_occurred,1,,12,58,drone-pi,aarch64,Raspberry Pi 5 Model B Rev 1.0,true,4
1,llama-3.2-1b-instruct-Q4_K_M-warmup,0057,28,,,end_of_speech,763.344,,,,,,312.447,450.897,,,,1658.08,86.2,arm_freq_capped_now|currently_throttled|arm_freq_capped_occurred|throttling_occurred|soft_temp_limit_occurred,1,,6,54,drone-pi,aarch64,Raspberry Pi 5 Model B Rev 1.0,true,4
1,llama-3.2-1b-instruct-Q4_K_M-warmup,0083,29,,,end_of_speech,1815.672,,,,,,460.849,1354.823,,,,1658.08,87.3,arm_freq_capped_now|currently_throttled|arm_freq_capped_occurred|throttling_occurred|soft_temp_limit_occurred,1,,16,61,drone-pi,aarch64,Raspberry Pi 5 Model B Rev 1.0,true,4
1,llama-3.2-1b-instruct-Q4_K_M-warmup,0168,30,,,end_of_speech,1111.892,,,,,,301.338,810.554,,,,1658.08,86.7,arm_freq_capped_now|currently_throttled|arm_freq_capped_occurred|throttling_occurred|soft_temp_limit_occurred,1,,10,55,drone-pi,aarch64,Raspberry Pi 5 Model B Rev 1.0,true,4
1,llama-3.2-1b-instruct-Q4_K_M-warmup,0134,31,,,end_of_speech,1989.733,,,,,,633.851,1355.882,,,,1658.08,86.2,arm_freq_capped_now|currently_throttled|arm_freq_capped_occurred|throttling_occurred|soft_temp_limit_occurred,1,,16,69,drone-pi,aarch64,Raspberry Pi 5 Model B Rev 1.0,true,4
1,llama-3.2-1b-instruct-Q4_K_M-warmup,0128,32,,,end_of_speech,2265.964,,,,,,550.612,1715.352,,,,1658.08,86.7,arm_freq_capped_now|currently_throttled|arm_freq_capped_occurred|throttling_occurred|soft_temp_limit_occurred,1,,20,65,drone-pi,aarch64,Raspberry Pi 5 Model B Rev 1.0,true,4
1,llama-3.2-1b-instruct-Q4_K_M-warmup,0092,33,,,end_of_speech,1719.697,,,,,,364.89,1354.807,,,,1658.08,86.2,arm_freq_capped_now|currently_throttled|arm_freq_capped_occurred|throttling_occurred|soft_temp_limit_occurred,1,,16,57,drone-pi,aarch64,Raspberry Pi 5 Model B Rev 1.0,true,4
1,llama-3.2-1b-instruct-Q4_K_M-warmup,0120,34,,,end_of_speech,2326.628,,,,,,698.592,1628.036,,,,1658.08,86.2,arm_freq_capped_now|currently_throttled|arm_freq_capped_occurred|throttling_occurred|soft_temp_limit_occurred,1,,19,72,drone-pi,aarch64,Raspberry Pi 5 Model B Rev 1.0,true,4
1,llama-3.2-1b-instruct-Q4_K_M-warmup,0059,35,,,end_of_speech,2158.634,,,,,,514.82,1643.814,,,,1660.89,87.8,arm_freq_capped_now|currently_throttled|arm_freq_capped_occurred|throttling_occurred|soft_temp_limit_occurred,1,,19,64,drone-pi,aarch64,Raspberry Pi 5 Model B Rev 1.0,true,4
1,llama-3.2-1b-instruct-Q4_K_M-warmup,0141,36,,,end_of_speech,2295.495,,,,,,666.146,1629.349,,,,1660.89,87.3,arm_freq_capped_now|currently_throttled|arm_freq_capped_occurred|throttling_occurred|soft_temp_limit_occurred,1,,19,70,drone-pi,aarch64,Raspberry Pi 5 Model B Rev 1.0,true,4
1,llama-3.2-1b-instruct-Q4_K_M-warmup,0108,37,,,end_of_speech,1422.439,,,,,,429.561,992.878,,,,1663.64,87.3,arm_freq_capped_now|currently_throttled|arm_freq_capped_occurred|throttling_occurred|soft_temp_limit_occurred,1,,12,60,drone-pi,aarch64,Raspberry Pi 5 Model B Rev 1.0,true,4
1,llama-3.2-1b-instruct-Q4_K_M-warmup,0159,38,,,end_of_speech,1873.713,,,,,,430.0,1443.713,,,,1663.66,86.2,arm_freq_capped_now|currently_throttled|arm_freq_capped_occurred|throttling_occurred|soft_temp_limit_occurred,1,,17,60,drone-pi,aarch64,Raspberry Pi 5 Model B Rev 1.0,true,4
1,llama-3.2-1b-instruct-Q4_K_M-warmup,0056,39,,,end_of_speech,1815.546,,,,,,460.825,1354.721,,,,1663.66,86.7,arm_freq_capped_now|currently_throttled|arm_freq_capped_occurred|throttling_occurred|soft_temp_limit_occurred,1,,16,61,drone-pi,aarch64,Raspberry Pi 5 Model B Rev 1.0,true,4
1,llama-3.2-1b-instruct-Q4_K_M-warmup,0009,40,,,end_of_speech,815.362,,,,,,364.906,450.456,,,,1663.66,86.7,arm_freq_capped_now|currently_throttled|arm_freq_capped_occurred|throttling_occurred|soft_temp_limit_occurred,1,,6,57,drone-pi,aarch64,Raspberry Pi 5 Model B Rev 1.0,true,4
1,llama-3.2-1b-instruct-Q4_K_M-warmup,0038,41,,,end_of_speech,2963.144,,,,,,698.308,2264.836,,,,1663.66,87.8,arm_freq_capped_now|currently_throttled|arm_freq_capped_occurred|throttling_occurred|soft_temp_limit_occurred,1,,26,72,drone-pi,aarch64,Raspberry Pi 5 Model B Rev 1.0,true,4
1,llama-3.2-1b-instruct-Q4_K_M-warmup,0167,42,,,end_of_speech,1716.921,,,,,,365.231,1351.69,,,,1666.69,86.7,arm_freq_capped_now|currently_throttled|arm_freq_capped_occurred|throttling_occurred|soft_temp_limit_occurred,1,,16,57,drone-pi,aarch64,Raspberry Pi 5 Model B Rev 1.0,true,4
1,llama-3.2-1b-instruct-Q4_K_M-warmup,0114,43,,,end_of_speech,2289.428,,,,,,571.692,1717.736,,,,1666.69,86.7,arm_freq_capped_now|currently_throttled|arm_freq_capped_occurred|throttling_occurred|soft_temp_limit_occurred,1,,20,67,drone-pi,aarch64,Raspberry Pi 5 Model B Rev 1.0,true,4
1,llama-3.2-1b-instruct-Q4_K_M-warmup,0145,44,,,end_of_speech,763.51,,,,,,312.531,450.979,,,,1666.69,87.3,arm_freq_capped_now|currently_throttled|arm_freq_capped_occurred|throttling_occurred|soft_temp_limit_occurred,1,,6,54,drone-pi,aarch64,Raspberry Pi 5 Model B Rev 1.0,true,4
1,llama-3.2-1b-instruct-Q4_K_M-warmup,0137,45,,,end_of_speech,1325.001,,,,,,332.316,992.685,,,,1666.69,87.3,arm_freq_capped_now|currently_throttled|arm_freq_capped_occurred|throttling_occurred|soft_temp_limit_occurred,1,,12,57,drone-pi,aarch64,Raspberry Pi 5 Model B Rev 1.0,true,4
1,llama-3.2-1b-instruct-Q4_K_M-warmup,0020,46,,,end_of_speech,1111.02,,,,,,301.121,809.899,,,,1666.69,86.7,arm_freq_capped_now|currently_throttled|arm_freq_capped_occurred|throttling_occurred|soft_temp_limit_occurred,1,,10,55,drone-pi,aarch64,Raspberry Pi 5 Model B Rev 1.0,true,4
1,llama-3.2-1b-instruct-Q4_K_M-warmup,0080,47,,,end_of_speech,730.914,,,,,,280.483,450.431,,,,1666.69,87.8,arm_freq_capped_now|currently_throttled|arm_freq_capped_occurred|throttling_occurred|soft_temp_limit_occurred,1,,6,53,drone-pi,aarch64,Raspberry Pi 5 Model B Rev 1.0,true,4
1,llama-3.2-1b-instruct-Q4_K_M-warmup,0069,48,,,end_of_speech,1291.824,,,,,,301.011,990.813,,,,1666.69,87.3,arm_freq_capped_now|currently_throttled|arm_freq_capped_occurred|throttling_occurred|soft_temp_limit_occurred,1,,12,55,drone-pi,aarch64,Raspberry Pi 5 Model B Rev 1.0,true,4
1,llama-3.2-1b-instruct-Q4_K_M-warmup,0047,49,,,end_of_speech,1420.308,,,,,,429.603,990.705,,,,1666.69,86.7,arm_freq_capped_now|currently_throttled|arm_freq_capped_occurred|throttling_occurred|soft_temp_limit_occurred,1,,12,60,drone-pi,aarch64,Raspberry Pi 5 Model B Rev 1.0,true,4
1,llama-3.2-1b-instruct-Q4_K_M-warmup,0050,50,,,end_of_speech,1388.783,,,,,,397.023,991.76,,,,1666.69,87.8,arm_freq_capped_now|currently_throttled|arm_freq_capped_occurred|throttling_occurred|soft_temp_limit_occurred,1,,12,59,drone-pi,aarch64,Raspberry Pi 5 Model B Rev 1.0,true,4
1,llama-3.2-1b-instruct-Q4_K_M-warmup,0172,51,,,end_of_speech,1814.88,,,,,,461.07,1353.81,,,,1666.7,86.7,arm_freq_capped_now|currently_throttled|arm_freq_capped_occurred|throttling_occurred|soft_temp_limit_occurred,1,,16,61,drone-pi,aarch64,Raspberry Pi 5 Model B Rev 1.0,true,4
1,llama-3.2-1b-instruct-Q4_K_M-warmup,0076,52,,,end_of_speech,1122.956,,,,,,312.361,810.595,,,,1666.72,88.4,arm_freq_capped_now|currently_throttled|arm_freq_capped_occurred|throttling_occurred|soft_temp_limit_occurred,1,,10,54,drone-pi,aarch64,Raspberry Pi 5 Model B Rev 1.0,true,4
1,llama-3.2-1b-instruct-Q4_K_M-warmup,0180,53,,,end_of_speech,2357.616,,,,,,461.301,1896.315,,,,1666.72,87.8,arm_freq_capped_now|currently_throttled|arm_freq_capped_occurred|throttling_occurred|soft_temp_limit_occurred,1,,22,61,drone-pi,aarch64,Raspberry Pi 5 Model B Rev 1.0,true,4
1,llama-3.2-1b-instruct-Q4_K_M-warmup,0064,54,,,end_of_speech,1303.177,,,,,,312.65,990.527,,,,1666.72,87.8,arm_freq_capped_now|currently_throttled|arm_freq_capped_occurred|throttling_occurred|soft_temp_limit_occurred,1,,12,54,drone-pi,aarch64,Raspberry Pi 5 Model B Rev 1.0,true,4
1,llama-3.2-1b-instruct-Q4_K_M-warmup,0022,55,,,end_of_speech,1664.047,,,,,,312.266,1351.781,,,,1666.72,87.3,arm_freq_capped_now|currently_throttled|arm_freq_capped_occurred|throttling_occurred|soft_temp_limit_occurred,1,,16,54,drone-pi,aarch64,Raspberry Pi 5 Model B Rev 1.0,true,4
1,llama-3.2-1b-instruct-Q4_K_M-warmup,0149,56,,,end_of_speech,2292.377,,,,,,397.7,1894.677,,,,1666.72,88.4,arm_freq_capped_now|currently_throttled|arm_freq_capped_occurred|throttling_occurred|soft_temp_limit_occurred,1,,22,58,drone-pi,aarch64,Raspberry Pi 5 Model B Rev 1.0,true,4
1,llama-3.2-1b-instruct-Q4_K_M-warmup,0169,57,,,end_of_speech,2196.487,,,,,,481.265,1715.222,,,,1666.72,86.7,arm_freq_capped_now|currently_throttled|arm_freq_capped_occurred|throttling_occurred|soft_temp_limit_occurred,1,,20,63,drone-pi,aarch64,Raspberry Pi 5 Model B Rev 1.0,true,4
1,llama-3.2-1b-instruct-Q4_K_M-warmup,0152,58,,,end_of_speech,1388.399,,,,,,397.383,991.016,,,,1666.72,87.8,arm_freq_capped_now|currently_throttled|arm_freq_capped_occurred|throttling_occurred|soft_temp_limit_occurred,1,,12,59,drone-pi,aarch64,Raspberry Pi 5 Model B Rev 1.0,true,4
1,llama-3.2-1b-instruct-Q4_K_M-warmup,0010,59,,,end_of_speech,2931.111,,,,,,666.425,2264.686,,,,1666.72,87.3,arm_freq_capped_now|currently_throttled|arm_freq_capped_occurred|throttling_occurred|soft_temp_limit_occurred,1,,26,72,drone-pi,aarch64,Raspberry Pi 5 Model B Rev 1.0,true,4
1,llama-3.2-1b-instruct-Q4_K_M-warmup,0151,60,,,end_of_speech,1571.964,,,,,,398.003,1173.961,,,,1669.75,87.8,arm_freq_capped_now|currently_throttled|arm_freq_capped_occurred|throttling_occurred|soft_temp_limit_occurred,1,,14,58,drone-pi,aarch64,Raspberry Pi 5 Model B Rev 1.0,true,4
1,llama-3.2-1b-instruct-Q4_K_M-warmup,0162,61,,,end_of_speech,2509.57,,,,,,698.856,1810.714,,,,1669.75,87.8,arm_freq_capped_now|currently_throttled|arm_freq_capped_occurred|throttling_occurred|soft_temp_limit_occurred,1,,21,72,drone-pi,aarch64,Raspberry Pi 5 Model B Rev 1.0,true,4
1,llama-3.2-1b-instruct-Q4_K_M-warmup,0182,62,,,end_of_speech,783.877,,,,,,332.781,451.096,,,,1669.75,88.9,arm_freq_capped_now|currently_throttled|arm_freq_capped_occurred|throttling_occurred|soft_temp_limit_occurred,1,,6,56,drone-pi,aarch64,Raspberry Pi 5 Model B Rev 1.0,true,4
1,llama-3.2-1b-instruct-Q4_K_M-warmup,0072,63,,,end_of_speech,1271.39,,,,,,281.283,990.107,,,,1669.75,88.9,arm_freq_capped_now|currently_throttled|arm_freq_capped_occurred|throttling_occurred|soft_temp_limit_occurred,1,,12,53,drone-pi,aarch64,Raspberry Pi 5 Model B Rev 1.0,true,4
1,llama-3.2-1b-instruct-Q4_K_M-warmup,0033,64,,,end_of_speech,1240.44,,,,,,401.712,838.728,,,,1669.75,88.9,arm_freq_capped_now|currently_throttled|arm_freq_capped_occurred|throttling_occurred|soft_temp_limit_occurred,1,,10,58,drone-pi,aarch64,Raspberry Pi 5 Model B Rev 1.0,true,4
1,llama-3.2-1b-instruct-Q4_K_M-warmup,0116,65,,,end_of_speech,1980.378,,,,,,481.192,1499.186,,,,1669.77,88.9,arm_freq_capped_now|currently_throttled|arm_freq_capped_occurred|throttling_occurred|soft_temp_limit_occurred,1,,17,63,drone-pi,aarch64,Raspberry Pi 5 Model B Rev 1.0,true,4
1,llama-3.2-1b-instruct-Q4_K_M-warmup,0105,66,,,end_of_speech,2086.591,,,,,,429.79,1656.801,,,,1669.77,88.4,arm_freq_capped_now|currently_throttled|arm_freq_capped_occurred|throttling_occurred|soft_temp_limit_occurred,1,,19,60,drone-pi,aarch64,Raspberry Pi 5 Model B Rev 1.0,true,4
1,llama-3.2-1b-instruct-Q4_K_M-warmup,0089,67,,,end_of_speech,3001.487,,,,,,732.462,2269.025,,,,1669.77,88.9,arm_freq_capped_now|currently_throttled|arm_freq_capped_occurred|throttling_occurred|soft_temp_limit_occurred,1,,26,75,drone-pi,aarch64,Raspberry Pi 5 Model B Rev 1.0,true,4
1,llama-3.2-1b-instruct-Q4_K_M-warmup,0062,68,,,end_of_speech,1423.326,,,,,,367.021,1056.305,,,,1669.77,88.4,arm_freq_capped_now|currently_throttled|arm_freq_capped_occurred|throttling_occurred|soft_temp_limit_occurred,1,,12,57,drone-pi,aarch64,Raspberry Pi 5 Model B Rev 1.0,true,4
1,llama-3.2-1b-instruct-Q4_K_M-warmup,0113,69,,,end_of_speech,2841.853,,,,,,576.045,2265.808,,,,1669.77,87.3,arm_freq_capped_now|currently_throttled|arm_freq_capped_occurred|throttling_occurred|soft_temp_limit_occurred,1,,26,65,drone-pi,aarch64,Raspberry Pi 5 Model B Rev 1.0,true,4
1,llama-3.2-1b-instruct-Q4_K_M-warmup,0193,70,,,end_of_speech,1897.328,,,,,,90.457,1806.871,,,,1669.77,88.4,arm_freq_capped_now|currently_throttled|arm_freq_capped_occurred|throttling_occurred|soft_temp_limit_occurred,1,,21,67,drone-pi,aarch64,Raspberry Pi 5 Model B Rev 1.0,true,4
1,llama-3.2-1b-instruct-Q4_K_M-warmup,0006,71,,,end_of_speech,730.502,,,,,,280.385,450.117,,,,1669.77,87.3,arm_freq_capped_now|currently_throttled|arm_freq_capped_occurred|throttling_occurred|soft_temp_limit_occurred,1,,6,53,drone-pi,aarch64,Raspberry Pi 5 Model B Rev 1.0,true,4
1,llama-3.2-1b-instruct-Q4_K_M-warmup,0196,72,,,end_of_speech,1873.966,,,,,,430.28,1443.686,,,,1669.77,87.8,arm_freq_capped_now|currently_throttled|arm_freq_capped_occurred|throttling_occurred|soft_temp_limit_occurred,1,,17,60,drone-pi,aarch64,Raspberry Pi 5 Model B Rev 1.0,true,4
1,llama-3.2-1b-instruct-Q4_K_M-warmup,0186,73,,,end_of_speech,1993.97,,,,,,461.243,1532.727,,,,1669.77,88.9,arm_freq_capped_now|currently_throttled|arm_freq_capped_occurred|throttling_occurred|soft_temp_limit_occurred,1,,18,61,drone-pi,aarch64,Raspberry Pi 5 Model B Rev 1.0,true,4
1,llama-3.2-1b-instruct-Q4_K_M-warmup,0075,74,,,end_of_speech,3091.893,,,,,,793.902,2297.991,,,,1669.77,87.8,arm_freq_capped_now|currently_throttled|arm_freq_capped_occurred|throttling_occurred|soft_temp_limit_occurred,1,,26,74,drone-pi,aarch64,Raspberry Pi 5 Model B Rev 1.0,true,4
1,llama-3.2-1b-instruct-Q4_K_M-warmup,0131,75,,,end_of_speech,1987.713,,,,,,90.501,1897.212,,,,1669.77,87.8,arm_freq_capped_now|currently_throttled|arm_freq_capped_occurred|throttling_occurred|soft_temp_limit_occurred,1,,22,68,drone-pi,aarch64,Raspberry Pi 5 Model B Rev 1.0,true,4
1,llama-3.2-1b-instruct-Q4_K_M-warmup,0121,76,,,end_of_speech,1236.325,,,,,,247.532,988.793,,,,1669.77,88.9,arm_freq_capped_now|currently_throttled|arm_freq_capped_occurred|throttling_occurred|soft_temp_limit_occurred,1,,12,52,drone-pi,aarch64,Raspberry Pi 5 Model B Rev 1.0,true,4
1,llama-3.2-1b-instruct-Q4_K_M-warmup,0101,77,,,end_of_speech,1903.368,,,,,,460.717,1442.651,,,,1669.77,89.5,arm_freq_capped_now|currently_throttled|arm_freq_capped_occurred|throttling_occurred|soft_temp_limit_occurred,1,,17,61,drone-pi,aarch64,Raspberry Pi 5 Model B Rev 1.0,true,4
1,llama-3.2-1b-instruct-Q4_K_M-warmup,0032,78,,,end_of_speech,697.502,,,,,,247.685,449.817,,,,1669.77,89.5,arm_freq_capped_now|currently_throttled|arm_freq_capped_occurred|throttling_occurred|soft_temp_limit_occurred,1,,6,52,drone-pi,aarch64,Raspberry Pi 5 Model B Rev 1.0,true,4
1,llama-3.2-1b-instruct-Q4_K_M-warmup,0018,79,,,end_of_speech,796.052,,,,,,312.623,483.429,,,,1669.77,88.4,arm_freq_capped_now|currently_throttled|arm_freq_capped_occurred|throttling_occurred|soft_temp_limit_occurred,1,,6,54,drone-pi,aarch64,Raspberry Pi 5 Model B Rev 1.0,true,4
1,llama-3.2-1b-instruct-Q4_K_M-warmup,0049,80,,,end_of_speech,2740.67,,,,,,549.938,2190.732,,,,1669.78,89.5,arm_freq_capped_now|currently_throttled|arm_freq_capped_occurred|throttling_occurred|soft_temp_limit_occurred,1,,24,65,drone-pi,aarch64,Raspberry Pi 5 Model B Rev 1.0,true,4
1,llama-3.2-1b-instruct-Q4_K_M-warmup,0065,81,,,end_of_speech,2382.815,,,,,,90.349,2292.466,,,,1669.78,87.8,arm_freq_capped_now|currently_throttled|arm_freq_capped_occurred|throttling_occurred|soft_temp_limit_occurred,1,,26,71,drone-pi,aarch64,Raspberry Pi 5 Model B Rev 1.0,true,4
1,llama-3.2-1b-instruct-Q4_K_M-warmup,0110,82,,,end_of_speech,2199.826,,,,,,90.317,2109.509,,,,1669.78,88.4,arm_freq_capped_now|currently_throttled|arm_freq_capped_occurred|throttling_occurred|soft_temp_limit_occurred,1,,24,65,drone-pi,aarch64,Raspberry Pi 5 Model B Rev 1.0,true,4
1,llama-3.2-1b-instruct-Q4_K_M-warmup,0048,83,,,end_of_speech,696.843,,,,,,247.226,449.617,,,,1669.78,88.4,arm_freq_capped_now|currently_throttled|arm_freq_capped_occurred|throttling_occurred|soft_temp_limit_occurred,1,,6,51,drone-pi,aarch64,Raspberry Pi 5 Model B Rev 1.0,true,4
1,llama-3.2-1b-instruct-Q4_K_M-warmup,0097,84,,,end_of_speech,816.239,,,,,,365.548,450.691,,,,1669.78,87.8,arm_freq_capped_now|currently_throttled|arm_freq_capped_occurred|throttling_occurred|soft_temp_limit_occurred,1,,6,56,drone-pi,aarch64,Raspberry Pi 5 Model B Rev 1.0,true,4
1,llama-3.2-1b-instruct-Q4_K_M-warmup,0127,85,,,end_of_speech,1600.611,,,,,,396.846,1203.765,,,,1669.78,88.9,arm_freq_capped_now|currently_throttled|arm_freq_capped_occurred|throttling_occurred|soft_temp_limit_occurred,1,,14,59,drone-pi,aarch64,Raspberry Pi 5 Model B Rev 1.0,true,4
1,llama-3.2-1b-instruct-Q4_K_M-warmup,0123,86,,,end_of_speech,2052.313,,,,,,429.814,1622.499,,,,1669.78,88.9,arm_freq_capped_now|currently_throttled|arm_freq_capped_occurred|throttling_occurred|soft_temp_limit_occurred,1,,19,60,drone-pi,aarch64,Raspberry Pi 5 Model B Rev 1.0,true,4
1,llama-3.2-1b-instruct-Q4_K_M-warmup,0144,87,,,end_of_speech,1420.69,,,,,,397.642,1023.048,,,,1669.78,89.5,arm_freq_capped_now|currently_throttled|arm_freq_capped_occurred|throttling_occurred|soft_temp_limit_occurred,1,,12,58,drone-pi,aarch64,Raspberry Pi 5 Model B Rev 1.0,true,4
1,llama-3.2-1b-instruct-Q4_K_M-warmup,0057,88,,,end_of_speech,762.393,,,,,,312.022,450.371,,,,1669.78,89.5,arm_freq_capped_now|currently_throttled|arm_freq_capped_occurred|throttling_occurred|soft_temp_limit_occurred,1,,6,54,drone-pi,aarch64,Raspberry Pi 5 Model B Rev 1.0,true,4
1,llama-3.2-1b-instruct-Q4_K_M-warmup,0083,89,,,end_of_speech,1814.8,,,,,,461.094,1353.706,,,,1669.78,88.9,arm_freq_capped_now|currently_throttled|arm_freq_capped_occurred|throttling_occurred|soft_temp_limit_occurred,1,,16,61,drone-pi,aarch64,Raspberry Pi 5 Model B Rev 1.0,true,4
1,llama-3.2-1b-instruct-Q4_K_M-warmup,0168,90,,,end_of_speech,1145.11,,,,,,301.428,843.682,,,,1669.78,87.3,arm_freq_capped_now|currently_throttled|arm_freq_capped_occurred|throttling_occurred|soft_temp_limit_occurred,1,,10,55,drone-pi,aarch64,Raspberry Pi 5 Model B Rev 1.0,true,4
1,llama-3.2-1b-instruct-Q4_K_M-warmup,0134,91,,,end_of_speech,2042.371,,,,,,632.667,1409.704,,,,1669.78,88.9,arm_freq_capped_now|currently_throttled|arm_freq_capped_occurred|throttling_occurred|soft_temp_limit_occurred,1,,16,69,drone-pi,aarch64,Raspberry Pi 5 Model B Rev 1.0,true,4
1,llama-3.2-1b-instruct-Q4_K_M-warmup,0128,92,,,end_of_speech,2341.048,,,,,,550.28,1790.768,,,,1669.78,87.8,arm_freq_capped_now|currently_throttled|arm_freq_capped_occurred|throttling_occurred|soft_temp_limit_occurred,1,,20,65,drone-pi,aarch64,Raspberry Pi 5 Model B Rev 1.0,true,4
1,llama-3.2-1b-instruct-Q4_K_M-warmup,0092,93,,,end_of_speech,1760.379,,,,,,405.755,1354.624,,,,1669.78,88.4,arm_freq_capped_now|currently_throttled|arm_freq_capped_occurred|throttling_occurred|soft_temp_limit_occurred,1,,16,57,drone-pi,aarch64,Raspberry Pi 5 Model B Rev 1.0,true,4
1,llama-3.2-1b-instruct-Q4_K_M-warmup,0120,94,,,end_of_speech,2391.884,,,,,,731.949,1659.935,,,,1669.78,89.5,arm_freq_capped_now|currently_throttled|arm_freq_capped_occurred|throttling_occurred|soft_temp_limit_occurred,1,,19,72,drone-pi,aarch64,Raspberry Pi 5 Model B Rev 1.0,true,4
1,llama-3.2-1b-instruct-Q4_K_M-warmup,0059,95,,,end_of_speech,2205.88,,,,,,514.813,1691.067,,,,1669.78,88.4,arm_freq_capped_now|currently_throttled|arm_freq_capped_occurred|throttling_occurred|soft_temp_limit_occurred,1,,19,64,drone-pi,aarch64,Raspberry Pi 5 Model B Rev 1.0,true,4
1,llama-3.2-1b-instruct-Q4_K_M-warmup,0141,96,,,end_of_speech,2391.119,,,,,,698.269,1692.85,,,,1669.78,88.4,arm_freq_capped_now|currently_throttled|arm_freq_capped_occurred|throttling_occurred|soft_temp_limit_occurred,1,,19,70,drone-pi,aarch64,Raspberry Pi 5 Model B Rev 1.0,true,4
1,llama-3.2-1b-instruct-Q4_K_M-warmup,0108,97,,,end_of_speech,1455.208,,,,,,429.695,1025.513,,,,1669.78,88.4,arm_freq_capped_now|currently_throttled|arm_freq_capped_occurred|throttling_occurred|soft_temp_limit_occurred,1,,12,60,drone-pi,aarch64,Raspberry Pi 5 Model B Rev 1.0,true,4
1,llama-3.2-1b-instruct-Q4_K_M-warmup,0159,98,,,end_of_speech,1971.183,,,,,,429.8,1541.383,,,,1669.78,89.5,arm_freq_capped_now|currently_throttled|arm_freq_capped_occurred|throttling_occurred|soft_temp_limit_occurred,1,,17,60,drone-pi,aarch64,Raspberry Pi 5 Model B Rev 1.0,true,4
1,llama-3.2-1b-instruct-Q4_K_M-warmup,0056,99,,,end_of_speech,1881.127,,,,,,460.639,1420.488,,,,1669.78,88.4,arm_freq_capped_now|currently_throttled|arm_freq_capped_occurred|throttling_occurred|soft_temp_limit_occurred,1,,16,61,drone-pi,aarch64,Raspberry Pi 5 Model B Rev 1.0,true,4
1,llama-3.2-1b-instruct-Q4_K_M-warmup,0009,100,,,end_of_speech,816.296,,,,,,365.328,450.968,,,,1669.78,89.5,arm_freq_capped_now|currently_throttled|arm_freq_capped_occurred|throttling_occurred|soft_temp_limit_occurred,1,,6,57,drone-pi,aarch64,Raspberry Pi 5 Model B Rev 1.0,true,4
1,llama-3.2-1b-instruct-Q4_K_M-warmup,0038,101,,,end_of_speech,3060.992,,,,,,732.212,2328.78,,,,1669.78,88.4,arm_freq_capped_now|currently_throttled|arm_freq_capped_occurred|throttling_occurred|soft_temp_limit_occurred,1,,26,72,drone-pi,aarch64,Raspberry Pi 5 Model B Rev 1.0,true,4
1,llama-3.2-1b-instruct-Q4_K_M-warmup,0167,102,,,end_of_speech,1783.072,,,,,,398.124,1384.948,,,,1669.78,88.9,arm_freq_capped_now|currently_throttled|arm_freq_capped_occurred|throttling_occurred|soft_temp_limit_occurred,1,,16,57,drone-pi,aarch64,Raspberry Pi 5 Model B Rev 1.0,true,4
1,llama-3.2-1b-instruct-Q4_K_M-warmup,0114,103,,,end_of_speech,2402.439,,,,,,644.47,1757.969,,,,1669.78,88.4,arm_freq_capped_now|currently_throttled|arm_freq_capped_occurred|throttling_occurred|soft_temp_limit_occurred,1,,20,67,drone-pi,aarch64,Raspberry Pi 5 Model B Rev 1.0,true,4
1,llama-3.2-1b-instruct-Q4_K_M-warmup,0145,104,,,end_of_speech,795.755,,,,,,312.574,483.181,,,,1669.78,88.4,arm_freq_capped_now|currently_throttled|arm_freq_capped_occurred|throttling_occurred|soft_temp_limit_occurred,1,,6,54,drone-pi,aarch64,Raspberry Pi 5 Model B Rev 1.0,true,4
1,llama-3.2-1b-instruct-Q4_K_M-warmup,0137,105,,,end_of_speech,1357.871,,,,,,332.651,1025.22,,,,1669.78,87.8,arm_freq_capped_now|currently_throttled|arm_freq_capped_occurred|throttling_occurred|soft_temp_limit_occurred,1,,12,57,drone-pi,aarch64,Raspberry Pi 5 Model B Rev 1.0,true,4
1,llama-3.2-1b-instruct-Q4_K_M-warmup,0020,106,,,end_of_speech,1178.298,,,,,,333.93,844.368,,,,1669.78,87.8,arm_freq_capped_now|currently_throttled|arm_freq_capped_occurred|throttling_occurred|soft_temp_limit_occurred,1,,10,55,drone-pi,aarch64,Raspberry Pi 5 Model B Rev 1.0,true,4
1,llama-3.2-1b-instruct-Q4_K_M-warmup,0080,107,,,end_of_speech,764.41,,,,,,313.535,450.875,,,,1669.78,88.9,arm_freq_capped_now|currently_throttled|arm_freq_capped_occurred|throttling_occurred|soft_temp_limit_occurred,1,,6,53,drone-pi,aarch64,Raspberry Pi 5 Model B Rev 1.0,true,4
1,llama-3.2-1b-instruct-Q4_K_M-warmup,0069,108,,,end_of_speech,1325.852,,,,,,300.929,1024.923,,,,1669.78,87.8,arm_freq_capped_now|currently_throttled|arm_freq_capped_occurred|throttling_occurred|soft_temp_limit_occurred,1,,12,55,drone-pi,aarch64,Raspberry Pi 5 Model B Rev 1.0,true,4
1,llama-3.2-1b-instruct-Q4_K_M-warmup,0047,109,,,end_of_speech,1487.57,,,,,,448.101,1039.469,,,,1669.78,88.4,arm_freq_capped_now|currently_throttled|arm_freq_capped_occurred|throttling_occurred|soft_temp_limit_occurred,1,,12,60,drone-pi,aarch64,Raspberry Pi 5 Model B Rev 1.0,true,4
1,llama-3.2-1b-instruct-Q4_K_M-warmup,0050,110,,,end_of_speech,1454.272,,,,,,429.737,1024.535,,,,1669.78,88.9,arm_freq_capped_now|currently_throttled|arm_freq_capped_occurred|throttling_occurred|soft_temp_limit_occurred,1,,12,59,drone-pi,aarch64,Raspberry Pi 5 Model B Rev 1.0,true,4
1,llama-3.2-1b-instruct-Q4_K_M-warmup,0172,111,,,end_of_speech,1915.69,,,,,,526.84,1388.85,,,,1669.78,89.5,arm_freq_capped_now|currently_throttled|arm_freq_capped_occurred|throttling_occurred|soft_temp_limit_occurred,1,,16,61,drone-pi,aarch64,Raspberry Pi 5 Model B Rev 1.0,true,4
1,llama-3.2-1b-instruct-Q4_K_M-warmup,0076,112,,,end_of_speech,1151.898,,,,,,312.144,839.754,,,,1669.78,87.8,arm_freq_capped_now|currently_throttled|arm_freq_capped_occurred|throttling_occurred|soft_temp_limit_occurred,1,,10,54,drone-pi,aarch64,Raspberry Pi 5 Model B Rev 1.0,true,4
1,llama-3.2-1b-instruct-Q4_K_M-warmup,0180,113,,,end_of_speech,2422.227,,,,,,461.358,1960.869,,,,1669.78,88.4,arm_freq_capped_now|currently_throttled|arm_freq_capped_occurred|throttling_occurred|soft_temp_limit_occurred,1,,22,61,drone-pi,aarch64,Raspberry Pi 5 Model B Rev 1.0,true,4
1,llama-3.2-1b-instruct-Q4_K_M-warmup,0064,114,,,end_of_speech,1415.868,,,,,,344.91,1070.958,,,,1669.78,87.8,arm_freq_capped_now|currently_throttled|arm_freq_capped_occurred|throttling_occurred|soft_temp_limit_occurred,1,,12,54,drone-pi,aarch64,Raspberry Pi 5 Model B Rev 1.0,true,4
1,llama-3.2-1b-instruct-Q4_K_M-warmup,0022,115,,,end_of_speech,1728.194,,,,,,312.567,1415.627,,,,1669.78,87.8,arm_freq_capped_now|currently_throttled|arm_freq_capped_occurred|throttling_occurred|soft_temp_limit_occurred,1,,16,54,drone-pi,aarch64,Raspberry Pi 5 Model B Rev 1.0,true,4
1,llama-3.2-1b-instruct-Q4_K_M-warmup,0149,116,,,end_of_speech,2461.822,,,,,,430.52,2031.302,,,,1669.78,89.5,arm_freq_capped_now|currently_throttled|arm_freq_capped_occurred|throttling_occurred|soft_temp_limit_occurred,1,,22,58,drone-pi,aarch64,Raspberry Pi 5 Model B Rev 1.0,true,4
1,llama-3.2-1b-instruct-Q4_K_M-warmup,0169,117,,,end_of_speech,2264.794,,,,,,514.695,1750.099,,,,1669.78,88.4,arm_freq_capped_now|currently_throttled|arm_freq_capped_occurred|throttling_occurred|soft_temp_limit_occurred,1,,20,63,drone-pi,aarch64,Raspberry Pi 5 Model B Rev 1.0,true,4
1,llama-3.2-1b-instruct-Q4_K_M-warmup,0152,118,,,end_of_speech,1488.337,,,,,,463.1,1025.237,,,,1669.78,88.4,arm_freq_capped_now|currently_throttled|arm_freq_capped_occurred|throttling_occurred|soft_temp_limit_occurred,1,,12,59,drone-pi,aarch64,Raspberry Pi 5 Model B Rev 1.0,true,4
1,llama-3.2-1b-instruct-Q4_K_M-warmup,0010,119,,,end_of_speech,3064.175,,,,,,700.408,2363.767,,,,1669.78,89.5,arm_freq_capped_now|currently_throttled|arm_freq_capped_occurred|throttling_occurred|soft_temp_limit_occurred,1,,26,72,drone-pi,aarch64,Raspberry Pi 5 Model B Rev 1.0,true,4
1,llama-3.2-1b-instruct-Q4_K_M-warmup,0151,120,,,end_of_speech,1700.732,,,,,,450.613,1250.119,,,,1669.78,89.5,arm_freq_capped_now|currently_throttled|arm_freq_capped_occurred|throttling_occurred|soft_temp_limit_occurred,1,,14,58,drone-pi,aarch64,Raspberry Pi 5 Model B Rev 1.0,true,4
1,llama-3.2-1b-instruct-Q4_K_M-warmup,0162,121,,,end_of_speech,2608.498,,,,,,731.076,1877.422,,,,1669.78,90.0,arm_freq_capped_now|currently_throttled|arm_freq_capped_occurred|throttling_occurred|soft_temp_limit_occurred,1,,21,72,drone-pi,aarch64,Raspberry Pi 5 Model B Rev 1.0,true,4
1,llama-3.2-1b-instruct-Q4_K_M-warmup,0182,122,,,end_of_speech,809.393,,,,,,357.641,451.752,,,,1669.78,89.5,arm_freq_capped_now|currently_throttled|arm_freq_capped_occurred|throttling_occurred|soft_temp_limit_occurred,1,,6,56,drone-pi,aarch64,Raspberry Pi 5 Model B Rev 1.0,true,4
1,llama-3.2-1b-instruct-Q4_K_M-warmup,0072,123,,,end_of_speech,1369.053,,,,,,325.121,1043.932,,,,1669.78,88.4,arm_freq_capped_now|currently_throttled|arm_freq_capped_occurred|throttling_occurred|soft_temp_limit_occurred,1,,12,53,drone-pi,aarch64,Raspberry Pi 5 Model B Rev 1.0,true,4
1,llama-3.2-1b-instruct-Q4_K_M-warmup,0033,124,,,end_of_speech,1241.765,,,,,,397.768,843.997,,,,1669.78,87.8,arm_freq_capped_now|currently_throttled|arm_freq_capped_occurred|throttling_occurred|soft_temp_limit_occurred,1,,10,58,drone-pi,aarch64,Raspberry Pi 5 Model B Rev 1.0,true,4
1,llama-3.2-1b-instruct-Q4_K_M-warmup,0116,125,,,end_of_speech,2027.757,,,,,,515.649,1512.108,,,,1669.78,88.9,arm_freq_capped_now|currently_throttled|arm_freq_capped_occurred|throttling_occurred|soft_temp_limit_occurred,1,,17,63,drone-pi,aarch64,Raspberry Pi 5 Model B Rev 1.0,true,4
1,llama-3.2-1b-instruct-Q4_K_M-warmup,0105,126,,,end_of_speech,2153.809,,,,,,463.131,1690.678,,,,1669.78,89.5,arm_freq_capped_now|currently_throttled|arm_freq_capped_occurred|throttling_occurred|soft_temp_limit_occurred,1,,19,60,drone-pi,aarch64,Raspberry Pi 5 Model B Rev 1.0,true,4
1,llama-3.2-1b-instruct-Q4_K_M-warmup,0089,127,,,end_of_speech,3187.945,,,,,,764.999,2422.946,,,,1669.78,88.9,arm_freq_capped_now|currently_throttled|arm_freq_capped_occurred|throttling_occurred|soft_temp_limit_occurred,1,,26,75,drone-pi,aarch64,Raspberry Pi 5 Model B Rev 1.0,true,4
1,llama-3.2-1b-instruct-Q4_K_M-warmup,0062,128,,,end_of_speech,1428.249,,,,,,364.965,1063.284,,,,1669.78,89.5,arm_freq_capped_now|currently_throttled|arm_freq_capped_occurred|throttling_occurred|soft_temp_limit_occurred,1,,12,57,drone-pi,aarch64,Raspberry Pi 5 Model B Rev 1.0,true,4
1,llama-3.2-1b-instruct-Q4_K_M-warmup,0113,129,,,end_of_speech,3002.253,,,,,,582.95,2419.303,,,,1669.78,87.8,arm_freq_capped_now|currently_throttled|arm_freq_capped_occurred|throttling_occurred|soft_temp_limit_occurred,1,,26,65,drone-pi,aarch64,Raspberry Pi 5 Model B Rev 1.0,true,4
1,llama-3.2-1b-instruct-Q4_K_M-warmup,0193,130,,,end_of_speech,1995.386,,,,,,90.778,1904.608,,,,1669.78,89.5,arm_freq_capped_now|currently_throttled|arm_freq_capped_occurred|throttling_occurred|soft_temp_limit_occurred,1,,21,67,drone-pi,aarch64,Raspberry Pi 5 Model B Rev 1.0,true,4
1,llama-3.2-1b-instruct-Q4_K_M-warmup,0006,131,,,end_of_speech,732.056,,,,,,280.925,451.131,,,,1669.78,87.8,arm_freq_capped_now|currently_throttled|arm_freq_capped_occurred|throttling_occurred|soft_temp_limit_occurred,1,,6,53,drone-pi,aarch64,Raspberry Pi 5 Model B Rev 1.0,true,4
1,llama-3.2-1b-instruct-Q4_K_M-warmup,0196,132,,,end_of_speech,2004.432,,,,,,462.998,1541.434,,,,1669.78,89.5,arm_freq_capped_now|currently_throttled|arm_freq_capped_occurred|throttling_occurred|soft_temp_limit_occurred,1,,17,60,drone-pi,aarch64,Raspberry Pi 5 Model B Rev 1.0,true,4
1,llama-3.2-1b-instruct-Q4_K_M-warmup,0186,133,,,end_of_speech,2158.996,,,,,,526.908,1632.088,,,,1669.78,87.8,arm_freq_capped_now|currently_throttled|arm_freq_capped_occurred|throttling_occurred|soft_temp_limit_occurred,1,,18,61,drone-pi,aarch64,Raspberry Pi 5 Model B Rev 1.0,true,4
1,llama-3.2-1b-instruct-Q4_K_M-warmup,0075,134,,,end_of_speech,3126.903,,,,,,827.903,2299.0,,,,1669.78,88.4,arm_freq_capped_now|currently_throttled|arm_freq_capped_occurred|throttling_occurred|soft_temp_limit_occurred,1,,26,74,drone-pi,aarch64,Raspberry Pi 5 Model B Rev 1.0,true,4
1,llama-3.2-1b-instruct-Q4_K_M-warmup,0131,135,,,end_of_speech,2086.627,,,,,,90.353,1996.274,,,,1669.78,89.5,arm_freq_capped_now|currently_throttled|arm_freq_capped_occurred|throttling_occurred|soft_temp_limit_occurred,1,,22,68,drone-pi,aarch64,Raspberry Pi 5 Model B Rev 1.0,true,4
1,llama-3.2-1b-instruct-Q4_K_M-warmup,0121,136,,,end_of_speech,1271.841,,,,,,247.515,1024.326,,,,1669.78,88.4,arm_freq_capped_now|currently_throttled|arm_freq_capped_occurred|throttling_occurred|soft_temp_limit_occurred,1,,12,52,drone-pi,aarch64,Raspberry Pi 5 Model B Rev 1.0,true,4
1,llama-3.2-1b-instruct-Q4_K_M-warmup,0101,137,,,end_of_speech,2106.45,,,,,,524.645,1581.805,,,,1669.78,89.5,arm_freq_capped_now|currently_throttled|arm_freq_capped_occurred|throttling_occurred|soft_temp_limit_occurred,1,,17,61,drone-pi,aarch64,Raspberry Pi 5 Model B Rev 1.0,true,4
1,llama-3.2-1b-instruct-Q4_K_M-warmup,0032,138,,,end_of_speech,697.927,,,,,,247.287,450.64,,,,1669.78,88.9,arm_freq_capped_now|currently_throttled|arm_freq_capped_occurred|throttling_occurred|soft_temp_limit_occurred,1,,6,52,drone-pi,aarch64,Raspberry Pi 5 Model B Rev 1.0,true,4
1,llama-3.2-1b-instruct-Q4_K_M-warmup,0018,139,,,end_of_speech,795.12,,,,,,345.133,449.987,,,,1669.78,88.4,arm_freq_capped_now|currently_throttled|arm_freq_capped_occurred|throttling_occurred|soft_temp_limit_occurred,1,,6,54,drone-pi,aarch64,Raspberry Pi 5 Model B Rev 1.0,true,4
1,llama-3.2-1b-instruct-Q4_K_M-warmup,0049,140,,,end_of_speech,2826.679,,,,,,617.896,2208.783,,,,1669.78,88.4,arm_freq_capped_now|currently_throttled|arm_freq_capped_occurred|throttling_occurred|soft_temp_limit_occurred,1,,24,65,drone-pi,aarch64,Raspberry Pi 5 Model B Rev 1.0,true,4
1,llama-3.2-1b-instruct-Q4_K_M-warmup,0065,141,,,end_of_speech,2426.816,,,,,,90.415,2336.401,,,,1669.78,87.8,arm_freq_capped_now|currently_throttled|arm_freq_capped_occurred|throttling_occurred|soft_temp_limit_occurred,1,,26,71,drone-pi,aarch64,Raspberry Pi 5 Model B Rev 1.0,true,4
1,llama-3.2-1b-instruct-Q4_K_M-warmup,0110,142,,,end_of_speech,2296.679,,,,,,90.464,2206.215,,,,1669.78,88.4,arm_freq_capped_now|currently_throttled|arm_freq_capped_occurred|throttling_occurred|soft_temp_limit_occurred,1,,24,65,drone-pi,aarch64,Raspberry Pi 5 Model B Rev 1.0,true,4
1,llama-3.2-1b-instruct-Q4_K_M-warmup,0048,143,,,end_of_speech,704.004,,,,,,214.597,489.407,,,,1669.78,88.9,arm_freq_capped_now|currently_throttled|arm_freq_capped_occurred|throttling_occurred|soft_temp_limit_occurred,1,,6,51,drone-pi,aarch64,Raspberry Pi 5 Model B Rev 1.0,true,4
1,llama-3.2-1b-instruct-Q4_K_M-warmup,0097,144,,,end_of_speech,783.331,,,,,,332.893,450.438,,,,1669.78,88.9,arm_freq_capped_now|currently_throttled|arm_freq_capped_occurred|throttling_occurred|soft_temp_limit_occurred,1,,6,56,drone-pi,aarch64,Raspberry Pi 5 Model B Rev 1.0,true,4
1,llama-3.2-1b-instruct-Q4_K_M-warmup,0127,145,,,end_of_speech,1634.256,,,,,,396.803,1237.453,,,,1669.8,88.9,arm_freq_capped_now|currently_throttled|arm_freq_capped_occurred|throttling_occurred|soft_temp_limit_occurred,1,,14,59,drone-pi,aarch64,Raspberry Pi 5 Model B Rev 1.0,true,4
1,llama-3.2-1b-instruct-Q4_K_M-warmup,0123,146,,,end_of_speech,2216.519,,,,,,463.005,1753.514,,,,1669.8,88.9,arm_freq_capped_now|currently_throttled|arm_freq_capped_occurred|throttling_occurred|soft_temp_limit_occurred,1,,19,60,drone-pi,aarch64,Raspberry Pi 5 Model B Rev 1.0,true,4
1,llama-3.2-1b-instruct-Q4_K_M-warmup,0144,147,,,end_of_speech,1519.678,,,,,,430.742,1088.936,,,,1669.8,89.5,arm_freq_capped_now|currently_throttled|arm_freq_capped_occurred|throttling_occurred|soft_temp_limit_occurred,1,,12,58,drone-pi,aarch64,Raspberry Pi 5 Model B Rev 1.0,true,4
1,llama-3.2-1b-instruct-Q4_K_M-warmup,0057,148,,,end_of_speech,762.735,,,,,,312.052,450.683,,,,1669.8,90.0,arm_freq_capped_now|currently_throttled|arm_freq_capped_occurred|throttling_occurred|soft_temp_limit_occurred,1,,6,54,drone-pi,aarch64,Raspberry Pi 5 Model B Rev 1.0,true,4
1,llama-3.2-1b-instruct-Q4_K_M-warmup,0083,149,,,end_of_speech,1903.939,,,,,,518.742,1385.197,,,,1669.8,89.5,arm_freq_capped_now|currently_throttled|arm_freq_capped_occurred|throttling_occurred|soft_temp_limit_occurred,1,,16,61,drone-pi,aarch64,Raspberry Pi 5 Model B Rev 1.0,true,4
1,llama-3.2-1b-instruct-Q4_K_M-warmup,0168,150,,,end_of_speech,1183.284,,,,,,334.546,848.738,,,,1669.8,88.9,arm_freq_capped_now|currently_throttled|arm_freq_capped_occurred|throttling_occurred|soft_temp_limit_occurred,1,,10,55,drone-pi,aarch64,Raspberry Pi 5 Model B Rev 1.0,true,4
1,llama-3.2-1b-instruct-Q4_K_M-warmup,0134,151,,,end_of_speech,2084.925,,,,,,632.988,1451.937,,,,1669.8,88.4,arm_freq_capped_now|currently_throttled|arm_freq_capped_occurred|throttling_occurred|soft_temp_limit_occurred,1,,16,69,drone-pi,aarch64,Raspberry Pi 5 Model B Rev 1.0,true,4
1,llama-3.2-1b-instruct-Q4_K_M-warmup,0128,152,,,end_of_speech,2365.08,,,,,,549.607,1815.473,,,,1669.8,88.4,arm_freq_capped_now|currently_throttled|arm_freq_capped_occurred|throttling_occurred|soft_temp_limit_occurred,1,,20,65,drone-pi,aarch64,Raspberry Pi 5 Model B Rev 1.0,true,4
1,llama-3.2-1b-instruct-Q4_K_M-warmup,0092,153,,,end_of_speech,1878.05,,,,,,431.838,1446.212,,,,1669.8,89.5,arm_freq_capped_now|currently_throttled|arm_freq_capped_occurred|throttling_occurred|soft_temp_limit_occurred,1,,16,57,drone-pi,aarch64,Raspberry Pi 5 Model B Rev 1.0,true,4
1,llama-3.2-1b-instruct-Q4_K_M-warmup,0120,154,,,end_of_speech,2490.609,,,,,,765.438,1725.171,,,,1669.8,88.9,arm_freq_capped_now|currently_throttled|arm_freq_capped_occurred|throttling_occurred|soft_temp_limit_occurred,1,,19,72,drone-pi,aarch64,Raspberry Pi 5 Model B Rev 1.0,true,4
1,llama-3.2-1b-instruct-Q4_K_M-warmup,0059,155,,,end_of_speech,2272.077,,,,,,548.135,1723.942,,,,1669.8,88.4,arm_freq_capped_now|currently_throttled|arm_freq_capped_occurred|throttling_occurred|soft_temp_limit_occurred,1,,19,64,drone-pi,aarch64,Raspberry Pi 5 Model B Rev 1.0,true,4
1,llama-3.2-1b-instruct-Q4_K_M-warmup,0141,156,,,end_of_speech,2425.209,,,,,,700.46,1724.749,,,,1669.8,87.8,arm_freq_capped_now|currently_throttled|arm_freq_capped_occurred|throttling_occurred|soft_temp_limit_occurred,1,,19,70,drone-pi,aarch64,Raspberry Pi 5 Model B Rev 1.0,true,4
1,llama-3.2-1b-instruct-Q4_K_M-warmup,0108,157,,,end_of_speech,1487.571,,,,,,462.852,1024.719,,,,1669.8,88.4,arm_freq_capped_now|currently_throttled|arm_freq_capped_occurred|throttling_occurred|soft_temp_limit_occurred,1,,12,60,drone-pi,aarch64,Raspberry Pi 5 Model B Rev 1.0,true,4
1,llama-3.2-1b-instruct-Q4_K_M-warmup,0159,158,,,end_of_speech,1907.332,,,,,,430.099,1477.233,,,,1669.8,90.0,arm_freq_capped_now|currently_throttled|arm_freq_capped_occurred|throttling_occurred|soft_temp_limit_occurred,1,,17,60,drone-pi,aarch64,Raspberry Pi 5 Model B Rev 1.0,true,4
1,llama-3.2-1b-instruct-Q4_K_M-warmup,0056,159,,,end_of_speech,1927.769,,,,,,488.162,1439.607,,,,1669.8,88.4,arm_freq_capped_now|currently_throttled|arm_freq_capped_occurred|throttling_occurred|soft_temp_limit_occurred,1,,16,61,drone-pi,aarch64,Raspberry Pi 5 Model B Rev 1.0,true,4
1,llama-3.2-1b-instruct-Q4_K_M-warmup,0009,160,,,end_of_speech,922.357,,,,,,401.622,520.735,,,,1669.8,87.8,arm_freq_capped_now|currently_throttled|arm_freq_capped_occurred|throttling_occurred|soft_temp_limit_occurred,1,,6,57,drone-pi,aarch64,Raspberry Pi 5 Model B Rev 1.0,true,4
1,llama-3.2-1b-instruct-Q4_K_M-warmup,0038,161,,,end_of_speech,3170.258,,,,,,779.401,2390.857,,,,1669.8,89.5,arm_freq_capped_now|currently_throttled|arm_freq_capped_occurred|throttling_occurred|soft_temp_limit_occurred,1,,26,72,drone-pi,aarch64,Raspberry Pi 5 Model B Rev 1.0,true,4
1,llama-3.2-1b-instruct-Q4_K_M-warmup,0167,162,,,end_of_speech,1814.708,,,,,,397.783,1416.925,,,,1669.8,87.8,arm_freq_capped_now|currently_throttled|arm_freq_capped_occurred|throttling_occurred|soft_temp_limit_occurred,1,,16,57,drone-pi,aarch64,Raspberry Pi 5 Model B Rev 1.0,true,4
1,llama-3.2-1b-instruct-Q4_K_M-warmup,0114,163,,,end_of_speech,2452.169,,,,,,637.694,1814.475,,,,1669.8,88.9,arm_freq_capped_now|currently_throttled|arm_freq_capped_occurred|throttling_occurred|soft_temp_limit_occurred,1,,20,67,drone-pi,aarch64,Raspberry Pi 5 Model B Rev 1.0,true,4
1,llama-3.2-1b-instruct-Q4_K_M-warmup,0145,164,,,end_of_speech,809.087,,,,,,326.368,482.719,,,,1669.8,89.5,arm_freq_capped_now|currently_throttled|arm_freq_capped_occurred|throttling_occurred|soft_temp_limit_occurred,1,,6,54,drone-pi,aarch64,Raspberry Pi 5 Model B Rev 1.0,true,4
1,llama-3.2-1b-instruct-Q4_K_M-warmup,0137,165,,,end_of_speech,1324.608,,,,,,332.63,991.978,,,,1669.8,88.4,arm_freq_capped_now|currently_throttled|arm_freq_capped_occurred|throttling_occurred|soft_temp_limit_occurred,1,,12,57,drone-pi,aarch64,Raspberry Pi 5 Model B Rev 1.0,true,4
1,llama-3.2-1b-instruct-Q4_K_M-warmup,0020,166,,,end_of_speech,1209.077,,,,,,334.445,874.632,,,,1669.8,88.4,arm_freq_capped_now|currently_throttled|arm_freq_capped_occurred|throttling_occurred|soft_temp_limit_occurred,1,,10,55,drone-pi,aarch64,Raspberry Pi 5 Model B Rev 1.0,true,4
1,llama-3.2-1b-instruct-Q4_K_M-warmup,0080,167,,,end_of_speech,796.937,,,,,,313.761,483.176,,,,1669.8,89.5,arm_freq_capped_now|currently_throttled|arm_freq_capped_occurred|throttling_occurred|soft_temp_limit_occurred,1,,6,53,drone-pi,aarch64,Raspberry Pi 5 Model B Rev 1.0,true,4
1,llama-3.2-1b-instruct-Q4_K_M-warmup,0069,168,,,end_of_speech,1356.76,,,,,,334.127,1022.633,,,,1669.8,88.4,arm_freq_capped_now|currently_throttled|arm_freq_capped_occurred|throttling_occurred|soft_temp_limit_occurred,1,,12,55,drone-pi,aarch64,Raspberry Pi 5 Model B Rev 1.0,true,4
1,llama-3.2-1b-instruct-Q4_K_M-warmup,0047,169,,,end_of_speech,1521.062,,,,,,496.468,1024.594,,,,1669.8,90.0,arm_freq_capped_now|currently_throttled|arm_freq_capped_occurred|throttling_occurred|soft_temp_limit_occurred,1,,12,60,drone-pi,aarch64,Raspberry Pi 5 Model B Rev 1.0,true,4
1,llama-3.2-1b-instruct-Q4_K_M-warmup,0050,170,,,end_of_speech,1511.444,,,,,,439.8,1071.644,,,,1669.8,89.5,arm_freq_capped_now|currently_throttled|arm_freq_capped_occurred|throttling_occurred|soft_temp_limit_occurred,1,,12,59,drone-pi,aarch64,Raspberry Pi 5 Model B Rev 1.0,true,4
1,llama-3.2-1b-instruct-Q4_K_M-warmup,0172,171,,,end_of_speech,2008.627,,,,,,494.011,1514.616,,,,1669.8,88.4,arm_freq_capped_now|currently_throttled|arm_freq_capped_occurred|throttling_occurred|soft_temp_limit_occurred,1,,16,61,drone-pi,aarch64,Raspberry Pi 5 Model B Rev 1.0,true,4
1,llama-3.2-1b-instruct-Q4_K_M-warmup,0076,172,,,end_of_speech,1189.057,,,,,,371.253,817.804,,,,1669.8,88.9,arm_freq_capped_now|currently_throttled|arm_freq_capped_occurred|throttling_occurred|soft_temp_limit_occurred,1,,10,54,drone-pi,aarch64,Raspberry Pi 5 Model B Rev 1.0,true,4
1,llama-3.2-1b-instruct-Q4_K_M-warmup,0180,173,,,end_of_speech,2548.512,,,,,,497.536,2050.976,,,,1669.8,88.4,arm_freq_capped_now|currently_throttled|arm_freq_capped_occurred|throttling_occurred|soft_temp_limit_occurred,1,,22,61,drone-pi,aarch64,Raspberry Pi 5 Model B Rev 1.0,true,4
1,llama-3.2-1b-instruct-Q4_K_M-warmup,0064,174,,,end_of_speech,1368.614,,,,,,345.118,1023.496,,,,1669.8,89.5,arm_freq_capped_now|currently_throttled|arm_freq_capped_occurred|throttling_occurred|soft_temp_limit_occurred,1,,12,54,drone-pi,aarch64,Raspberry Pi 5 Model B Rev 1.0,true,4
1,llama-3.2-1b-instruct-Q4_K_M-warmup,0022,175,,,end_of_speech,1760.745,,,,,,344.899,1415.846,,,,1669.8,90.0,arm_freq_capped_now|currently_throttled|arm_freq_capped_occurred|throttling_occurred|soft_temp_limit_occurred,1,,16,54,drone-pi,aarch64,Raspberry Pi 5 Model B Rev 1.0,true,4
1,llama-3.2-1b-instruct-Q4_K_M-warmup,0149,176,,,end_of_speech,2380.733,,,,,,398.274,1982.459,,,,1669.8,88.4,arm_freq_capped_now|currently_throttled|arm_freq_capped_occurred|throttling_occurred|soft_temp_limit_occurred,1,,22,58,drone-pi,aarch64,Raspberry Pi 5 Model B Rev 1.0,true,4
1,llama-3.2-1b-instruct-Q4_K_M-warmup,0169,177,,,end_of_speech,2326.751,,,,,,481.646,1845.105,,,,1669.8,88.4,arm_freq_capped_now|currently_throttled|arm_freq_capped_occurred|throttling_occurred|soft_temp_limit_occurred,1,,20,63,drone-pi,aarch64,Raspberry Pi 5 Model B Rev 1.0,true,4
1,llama-3.2-1b-instruct-Q4_K_M-warmup,0152,178,,,end_of_speech,1454.781,,,,,,429.512,1025.269,,,,1669.8,88.9,arm_freq_capped_now|currently_throttled|arm_freq_capped_occurred|throttling_occurred|soft_temp_limit_occurred,1,,12,59,drone-pi,aarch64,Raspberry Pi 5 Model B Rev 1.0,true,4
1,llama-3.2-1b-instruct-Q4_K_M-warmup,0010,179,,,end_of_speech,3120.081,,,,,,750.102,2369.979,,,,1669.8,88.4,arm_freq_capped_now|currently_throttled|arm_freq_capped_occurred|throttling_occurred|soft_temp_limit_occurred,1,,26,72,drone-pi,aarch64,Raspberry Pi 5 Model B Rev 1.0,true,4
1,llama-3.2-1b-instruct-Q4_K_M-warmup,0151,180,,,end_of_speech,1715.04,,,,,,430.797,1284.243,,,,1669.8,88.4,arm_freq_capped_now|currently_throttled|arm_freq_capped_occurred|throttling_occurred|soft_temp_limit_occurred,1,,14,58,drone-pi,aarch64,Raspberry Pi 5 Model B Rev 1.0,true,4
1,llama-3.2-1b-instruct-Q4_K_M-warmup,0162,181,,,end_of_speech,2736.13,,,,,,797.948,1938.182,,,,1669.8,86.7,arm_freq_capped_now|currently_throttled|arm_freq_capped_occurred|throttling_occurred|soft_temp_limit_occurred,1,,21,72,drone-pi,aarch64,Raspberry Pi 5 Model B Rev 1.0,true,4
1,llama-3.2-1b-instruct-Q4_K_M-warmup,0182,182,,,end_of_speech,832.8,,,,,,365.107,467.693,,,,1669.8,88.9,arm_freq_capped_now|currently_throttled|arm_freq_capped_occurred|throttling_occurred|soft_temp_limit_occurred,1,,6,56,drone-pi,aarch64,Raspberry Pi 5 Model B Rev 1.0,true,4
1,llama-3.2-1b-instruct-Q4_K_M-warmup,0072,183,,,end_of_speech,1395.792,,,,,,296.014,1099.778,,,,1669.8,87.8,arm_freq_capped_now|currently_throttled|arm_freq_capped_occurred|throttling_occurred|soft_temp_limit_occurred,1,,12,53,drone-pi,aarch64,Raspberry Pi 5 Model B Rev 1.0,true,4
1,llama-3.2-1b-instruct-Q4_K_M-warmup,0033,184,,,end_of_speech,1227.971,,,,,,416.401,811.57,,,,1669.8,88.9,arm_freq_capped_now|currently_throttled|arm_freq_capped_occurred|throttling_occurred|soft_temp_limit_occurred,1,,10,58,drone-pi,aarch64,Raspberry Pi 5 Model B Rev 1.0,true,4
1,llama-3.2-1b-instruct-Q4_K_M-warmup,0116,185,,,end_of_speech,2056.74,,,,,,514.166,1542.574,,,,1669.8,89.5,arm_freq_capped_now|currently_throttled|arm_freq_capped_occurred|throttling_occurred|soft_temp_limit_occurred,1,,17,63,drone-pi,aarch64,Raspberry Pi 5 Model B Rev 1.0,true,4
1,llama-3.2-1b-instruct-Q4_K_M-warmup,0105,186,,,end_of_speech,2155.17,,,,,,463.054,1692.116,,,,1669.8,87.8,arm_freq_capped_now|currently_throttled|arm_freq_capped_occurred|throttling_occurred|soft_temp_limit_occurred,1,,19,60,drone-pi,aarch64,Raspberry Pi 5 Model B Rev 1.0,true,4
1,llama-3.2-1b-instruct-Q4_K_M-warmup,0089,187,,,end_of_speech,3191.979,,,,,,765.596,2426.383,,,,1669.81,88.9,arm_freq_capped_now|currently_throttled|arm_freq_capped_occurred|throttling_occurred|soft_temp_limit_occurred,1,,26,75,drone-pi,aarch64,Raspberry Pi 5 Model B Rev 1.0,true,4
1,llama-3.2-1b-instruct-Q4_K_M-warmup,0062,188,,,end_of_speech,1420.111,,,,,,397.811,1022.3,,,,1669.81,88.9,arm_freq_capped_now|currently_throttled|arm_freq_capped_occurred|throttling_occurred|soft_temp_limit_occurred,1,,12,57,drone-pi,aarch64,Raspberry Pi 5 Model B Rev 1.0,true,4
1,llama-3.2-1b-instruct-Q4_K_M-warmup,0113,189,,,end_of_speech,3030.906,,,,,,582.804,2448.102,,,,1669.81,90.0,arm_freq_capped_now|currently_throttled|arm_freq_capped_occurred|throttling_occurred|soft_temp_limit_occurred,1,,26,65,drone-pi,aarch64,Raspberry Pi 5 Model B Rev 1.0,true,4
1,llama-3.2-1b-instruct-Q4_K_M-warmup,0193,190,,,end_of_speech,2115.035,,,,,,115.003,2000.032,,,,1669.81,87.8,arm_freq_capped_now|currently_throttled|arm_freq_capped_occurred|throttling_occurred|soft_temp_limit_occurred,1,,21,67,drone-pi,aarch64,Raspberry Pi 5 Model B Rev 1.0,true,4
1,llama-3.2-1b-instruct-Q4_K_M-warmup,0006,191,,,end_of_speech,795.751,,,,,,324.001,471.75,,,,1669.81,88.4,arm_freq_capped_now|currently_throttled|arm_freq_capped_occurred|throttling_occurred|soft_temp_limit_occurred,1,,6,53,drone-pi,aarch64,Raspberry Pi 5 Model B Rev 1.0,true,4
1,llama-3.2-1b-instruct-Q4_K_M-warmup,0196,192,,,end_of_speech,1969.965,,,,,,463.145,1506.82,,,,1669.81,89.5,arm_freq_capped_now|currently_throttled|arm_freq_capped_occurred|throttling_occurred|soft_temp_limit_occurred,1,,17,60,drone-pi,aarch64,Raspberry Pi 5 Model B Rev 1.0,true,4
1,llama-3.2-1b-instruct-Q4_K_M-warmup,0186,193,,,end_of_speech,2093.017,,,,,,460.771,1632.246,,,,1669.81,89.5,arm_freq_capped_now|currently_throttled|arm_freq_capped_occurred|throttling_occurred|soft_temp_limit_occurred,1,,18,61,drone-pi,aarch64,Raspberry Pi 5 Model B Rev 1.0,true,4
1,llama-3.2-1b-instruct-Q4_K_M-warmup,0075,194,,,end_of_speech,3309.317,,,,,,884.903,2424.414,,,,1669.81,89.5,arm_freq_capped_now|currently_throttled|arm_freq_capped_occurred|throttling_occurred|soft_temp_limit_occurred,1,,26,74,drone-pi,aarch64,Raspberry Pi 5 Model B Rev 1.0,true,4
1,llama-3.2-1b-instruct-Q4_K_M-warmup,0131,195,,,end_of_speech,2092.03,,,,,,90.3,2001.73,,,,1669.81,89.5,arm_freq_capped_now|currently_throttled|arm_freq_capped_occurred|throttling_occurred|soft_temp_limit_occurred,1,,22,68,drone-pi,aarch64,Raspberry Pi 5 Model B Rev 1.0,true,4
1,llama-3.2-1b-instruct-Q4_K_M-warmup,0121,196,,,end_of_speech,1284.395,,,,,,247.391,1037.004,,,,1669.81,88.4,arm_freq_capped_now|currently_throttled|arm_freq_capped_occurred|throttling_occurred|soft_temp_limit_occurred,1,,12,52,drone-pi,aarch64,Raspberry Pi 5 Model B Rev 1.0,true,4
1,llama-3.2-1b-instruct-Q4_K_M-warmup,0101,197,,,end_of_speech,2034.838,,,,,,494.31,1540.528,,,,1669.81,90.6,arm_freq_capped_now|currently_throttled|arm_freq_capped_occurred|throttling_occurred|soft_temp_limit_occurred,1,,17,61,drone-pi,aarch64,Raspberry Pi 5 Model B Rev 1.0,true,4
1,llama-3.2-1b-instruct-Q4_K_M-warmup,0032,198,,,end_of_speech,782.475,,,,,,267.994,514.481,,,,1669.81,88.4,arm_freq_capped_now|currently_throttled|arm_freq_capped_occurred|throttling_occurred|soft_temp_limit_occurred,1,,6,52,drone-pi,aarch64,Raspberry Pi 5 Model B Rev 1.0,true,4
1,llama-3.2-1b-instruct-Q4_K_M-warmup,0018,199,,,end_of_speech,795.315,,,,,,312.65,482.665,,,,1669.81,90.0,arm_freq_capped_now|currently_throttled|arm_freq_capped_occurred|throttling_occurred|soft_temp_limit_occurred,1,,6,54,drone-pi,aarch64,Raspberry Pi 5 Model B Rev 1.0,true,4
1,llama-3.2-1b-instruct-Q4_K_M-warmup,0049,200,,,end_of_speech,2850.222,,,,,,641.571,2208.651,,,,1669.81,87.8,arm_freq_capped_now|currently_throttled|arm_freq_capped_occurred|throttling_occurred|soft_temp_limit_occurred,1,,24,65,drone-pi,aarch64,Raspberry Pi 5 Model B Rev 1.0,true,4
1,llama-3.2-1b-instruct-Q4_K_M-warmup,0065,201,,,end_of_speech,2484.302,,,,,,90.528,2393.774,,,,1669.81,90.0,arm_freq_capped_now|currently_throttled|arm_freq_capped_occurred|throttling_occurred|soft_temp_limit_occurred,1,,26,71,drone-pi,aarch64,Raspberry Pi 5 Model B Rev 1.0,true,4
1,llama-3.2-1b-instruct-Q4_K_M-warmup,0110,202,,,end_of_speech,2352.577,,,,,,114.853,2237.724,,,,1669.81,88.4,arm_freq_capped_now|currently_throttled|arm_freq_capped_occurred|throttling_occurred|soft_temp_limit_occurred,1,,24,65,drone-pi,aarch64,Raspberry Pi 5 Model B Rev 1.0,true,4
1,llama-3.2-1b-instruct-Q4_K_M-warmup,0048,203,,,end_of_speech,700.231,,,,,,228.115,472.116,,,,1669.81,90.0,arm_freq_capped_now|currently_throttled|arm_freq_capped_occurred|throttling_occurred|soft_temp_limit_occurred,1,,6,51,drone-pi,aarch64,Raspberry Pi 5 Model B Rev 1.0,true,4
1,llama-3.2-1b-instruct-Q4_K_M-warmup,0097,204,,,end_of_speech,874.302,,,,,,391.854,482.448,,,,1669.81,88.4,arm_freq_capped_now|currently_throttled|arm_freq_capped_occurred|throttling_occurred|soft_temp_limit_occurred,1,,6,56,drone-pi,aarch64,Raspberry Pi 5 Model B Rev 1.0,true,4
1,llama-3.2-1b-instruct-Q4_K_M-warmup,0127,205,,,end_of_speech,1683.694,,,,,,396.787,1286.907,,,,1669.81,88.9,arm_freq_capped_now|currently_throttled|arm_freq_capped_occurred|throttling_occurred|soft_temp_limit_occurred,1,,14,59,drone-pi,aarch64,Raspberry Pi 5 Model B Rev 1.0,true,4
1,llama-3.2-1b-instruct-Q4_K_M-warmup,0123,206,,,end_of_speech,2217.248,,,,,,462.896,1754.352,,,,1669.81,88.9,arm_freq_capped_now|currently_throttled|arm_freq_capped_occurred|throttling_occurred|soft_temp_limit_occurred,1,,19,60,drone-pi,aarch64,Raspberry Pi 5 Model B Rev 1.0,true,4
1,llama-3.2-1b-instruct-Q4_K_M-warmup,0144,207,,,end_of_speech,1574.232,,,,,,431.079,1143.153,,,,1669.81,87.8,arm_freq_capped_now|currently_throttled|arm_freq_capped_occurred|throttling_occurred|soft_temp_limit_occurred,1,,12,58,drone-pi,aarch64,Raspberry Pi 5 Model B Rev 1.0,true,4
1,llama-3.2-1b-instruct-Q4_K_M-warmup,0057,208,,,end_of_speech,828.562,,,,,,346.021,482.541,,,,1669.81,89.5,arm_freq_capped_now|currently_throttled|arm_freq_capped_occurred|throttling_occurred|soft_temp_limit_occurred,1,,6,54,drone-pi,aarch64,Raspberry Pi 5 Model B Rev 1.0,true,4
1,llama-3.2-1b-instruct-Q4_K_M-warmup,0083,209,,,end_of_speech,2003.897,,,,,,521.951,1481.946,,,,1669.81,88.4,arm_freq_capped_now|currently_throttled|arm_freq_capped_occurred|throttling_occurred|soft_temp_limit_occurred,1,,16,61,drone-pi,aarch64,Raspberry Pi 5 Model B Rev 1.0,true,4
1,llama-3.2-1b-instruct-Q4_K_M-warmup,0168,210,,,end_of_speech,1167.117,,,,,,324.85,842.267,,,,1669.81,88.4,arm_freq_capped_now|currently_throttled|arm_freq_capped_occurred|throttling_occurred|soft_temp_limit_occurred,1,,10,55,drone-pi,aarch64,Raspberry Pi 5 Model B Rev 1.0,true,4
1,llama-3.2-1b-instruct-Q4_K_M-warmup,0134,211,,,end_of_speech,2121.581,,,,,,700.312,1421.269,,,,1669.81,88.4,arm_freq_capped_now|currently_throttled|arm_freq_capped_occurred|throttling_occurred|soft_temp_limit_occurred,1,,16,69,drone-pi,aarch64,Raspberry Pi 5 Model B Rev 1.0,true,4
1,llama-3.2-1b-instruct-Q4_K_M-warmup,0128,212,,,end_of_speech,2444.107,,,,,,575.582,1868.525,,,,1669.81,88.4,arm_freq_capped_now|currently_throttled|arm_freq_capped_occurred|throttling_occurred|soft_temp_limit_occurred,1,,20,65,drone-pi,aarch64,Raspberry Pi 5 Model B Rev 1.0,true,4
1,llama-3.2-1b-instruct-Q4_K_M-warmup,0092,213,,,end_of_speech,1856.295,,,,,,401.764,1454.531,,,,1669.81,88.4,arm_freq_capped_now|currently_throttled|arm_freq_capped_occurred|throttling_occurred|soft_temp_limit_occurred,1,,16,57,drone-pi,aarch64,Raspberry Pi 5 Model B Rev 1.0,true,4
1,llama-3.2-1b-instruct-Q4_K_M-warmup,0120,214,,,end_of_speech,2500.396,,,,,,711.783,1788.613,,,,1669.81,89.5,arm_freq_capped_now|currently_throttled|arm_freq_capped_occurred|throttling_occurred|soft_temp_limit_occurred,1,,19,72,drone-pi,aarch64,Raspberry Pi 5 Model B Rev 1.0,true,4
1,llama-3.2-1b-instruct-Q4_K_M-warmup,0059,215,,,end_of_speech,2340.664,,,,,,574.031,1766.633,,,,1669.81,88.4,arm_freq_capped_now|currently_throttled|arm_freq_capped_occurred|throttling_occurred|soft_temp_limit_occurred,1,,19,64,drone-pi,aarch64,Raspberry Pi 5 Model B Rev 1.0,true,4
1,llama-3.2-1b-instruct-Q4_K_M-warmup,0141,216,,,end_of_speech,2500.44,,,,,,701.538,1798.902,,,,1669.81,88.4,arm_freq_capped_now|currently_throttled|arm_freq_capped_occurred|throttling_occurred|soft_temp_limit_occurred,1,,19,70,drone-pi,aarch64,Raspberry Pi 5 Model B Rev 1.0,true,4
1,llama-3.2-1b-instruct-Q4_K_M-warmup,0108,217,,,end_of_speech,1573.577,,,,,,463.405,1110.172,,,,1669.81,86.7,arm_freq_capped_now|currently_throttled|arm_freq_capped_occurred|throttling_occurred|soft_temp_limit_occurred,1,,12,60,drone-pi,aarch64,Raspberry Pi 5 Model B Rev 1.0,true,4
1,llama-3.2-1b-instruct-Q4_K_M-warmup,0159,218,,,end_of_speech,1957.154,,,,,,462.706,1494.448,,,,1669.81,87.8,arm_freq_capped_now|currently_throttled|arm_freq_capped_occurred|throttling_occurred|soft_temp_limit_occurred,1,,17,60,drone-pi,aarch64,Raspberry Pi 5 Model B Rev 1.0,true,4
1,llama-3.2-1b-instruct-Q4_K_M-warmup,0056,219,,,end_of_speech,1975.387,,,,,,461.143,1514.244,,,,1669.81,89.5,arm_freq_capped_now|currently_throttled|arm_freq_capped_occurred|throttling_occurred|soft_temp_limit_occurred,1,,16,61,drone-pi,aarch64,Raspberry Pi 5 Model B Rev 1.0,true,4
1,llama-3.2-1b-instruct-Q4_K_M-warmup,0009,220,,,end_of_speech,848.665,,,,,,398.062,450.603,,,,1669.81,89.5,arm_freq_capped_now|currently_throttled|arm_freq_capped_occurred|throttling_occurred|soft_temp_limit_occurred,1,,6,57,drone-pi,aarch64,Raspberry Pi 5 Model B Rev 1.0,true,4
1,llama-3.2-1b-instruct-Q4_K_M-warmup,0038,221,,,end_of_speech,3211.962,,,,,,757.13,2454.832,,,,1669.81,88.9,arm_freq_capped_now|currently_throttled|arm_freq_capped_occurred|throttling_occurred|soft_temp_limit_occurred,1,,26,72,drone-pi,aarch64,Raspberry Pi 5 Model B Rev 1.0,true,4
1,llama-3.2-1b-instruct-Q4_K_M-warmup,0167,222,,,end_of_speech,1912.454,,,,,,402.7,1509.754,,,,1669.81,88.4,arm_freq_capped_now|currently_throttled|arm_freq_capped_occurred|throttling_occurred|soft_temp_limit_occurred,1,,16,57,drone-pi,aarch64,Raspberry Pi 5 Model B Rev 1.0,true,4
1,llama-3.2-1b-instruct-Q4_K_M-warmup,0114,223,,,end_of_speech,2513.283,,,,,,640.044,1873.239,,,,1669.81,89.5,arm_freq_capped_now|currently_throttled|arm_freq_capped_occurred|throttling_occurred|soft_temp_limit_occurred,1,,20,67,drone-pi,aarch64,Raspberry Pi 5 Model B Rev 1.0,true,4
1,llama-3.2-1b-instruct-Q4_K_M-warmup,0145,224,,,end_of_speech,827.947,,,,,,325.051,502.896,,,,1669.81,89.5,arm_freq_capped_now|currently_throttled|arm_freq_capped_occurred|throttling_occurred|soft_temp_limit_occurred,1,,6,54,drone-pi,aarch64,Raspberry Pi 5 Model B Rev 1.0,true,4
1,llama-3.2-1b-instruct-Q4_K_M-warmup,0137,225,,,end_of_speech,1425.074,,,,,,366.897,1058.177,,,,1669.81,89.5,arm_freq_capped_now|currently_throttled|arm_freq_capped_occurred|throttling_occurred|soft_temp_limit_occurred,1,,12,57,drone-pi,aarch64,Raspberry Pi 5 Model B Rev 1.0,true,4
1,llama-3.2-1b-instruct-Q4_K_M-warmup,0020,226,,,end_of_speech,1176.299,,,,,,308.194,868.105,,,,1669.81,89.5,arm_freq_capped_now|currently_throttled|arm_freq_capped_occurred|throttling_occurred|soft_temp_limit_occurred,1,,10,55,drone-pi,aarch64,Raspberry Pi 5 Model B Rev 1.0,true,4
1,llama-3.2-1b-instruct-Q4_K_M-warmup,0080,227,,,end_of_speech,830.163,,,,,,313.885,516.278,,,,1669.81,88.4,arm_freq_capped_now|currently_throttled|arm_freq_capped_occurred|throttling_occurred|soft_temp_limit_occurred,1,,6,53,drone-pi,aarch64,Raspberry Pi 5 Model B Rev 1.0,true,4
1,llama-3.2-1b-instruct-Q4_K_M-warmup,0069,228,,,end_of_speech,1438.721,,,,,,301.156,1137.565,,,,1669.81,88.9,arm_freq_capped_now|currently_throttled|arm_freq_capped_occurred|throttling_occurred|soft_temp_limit_occurred,1,,12,55,drone-pi,aarch64,Raspberry Pi 5 Model B Rev 1.0,true,4
1,llama-3.2-1b-instruct-Q4_K_M-warmup,0047,229,,,end_of_speech,1499.197,,,,,,430.0,1069.197,,,,1669.81,90.0,arm_freq_capped_now|currently_throttled|arm_freq_capped_occurred|throttling_occurred|soft_temp_limit_occurred,1,,12,60,drone-pi,aarch64,Raspberry Pi 5 Model B Rev 1.0,true,4
1,llama-3.2-1b-instruct-Q4_K_M-warmup,0050,230,,,end_of_speech,1512.047,,,,,,455.151,1056.896,,,,1669.81,88.4,arm_freq_capped_now|currently_throttled|arm_freq_capped_occurred|throttling_occurred|soft_temp_limit_occurred,1,,12,59,drone-pi,aarch64,Raspberry Pi 5 Model B Rev 1.0,true,4
1,llama-3.2-1b-instruct-Q4_K_M-warmup,0172,231,,,end_of_speech,1975.81,,,,,,524.726,1451.084,,,,1669.81,90.0,arm_freq_capped_now|currently_throttled|arm_freq_capped_occurred|throttling_occurred|soft_temp_limit_occurred,1,,16,61,drone-pi,aarch64,Raspberry Pi 5 Model B Rev 1.0,true,4
1,llama-3.2-1b-instruct-Q4_K_M-warmup,0076,232,,,end_of_speech,1264.6,,,,,,361.59,903.01,,,,1669.81,88.9,arm_freq_capped_now|currently_throttled|arm_freq_capped_occurred|throttling_occurred|soft_temp_limit_occurred,1,,10,54,drone-pi,aarch64,Raspberry Pi 5 Model B Rev 1.0,true,4
1,llama-3.2-1b-instruct-Q4_K_M-warmup,0180,233,,,end_of_speech,2512.139,,,,,,461.084,2051.055,,,,1669.81,90.0,arm_freq_capped_now|currently_throttled|arm_freq_capped_occurred|throttling_occurred|soft_temp_limit_occurred,1,,22,61,drone-pi,aarch64,Raspberry Pi 5 Model B Rev 1.0,true,4
1,llama-3.2-1b-instruct-Q4_K_M-warmup,0064,234,,,end_of_speech,1393.122,,,,,,337.316,1055.806,,,,1669.81,88.9,arm_freq_capped_now|currently_throttled|arm_freq_capped_occurred|throttling_occurred|soft_temp_limit_occurred,1,,12,54,drone-pi,aarch64,Raspberry Pi 5 Model B Rev 1.0,true,4
1,llama-3.2-1b-instruct-Q4_K_M-warmup,0022,235,,,end_of_speech,1794.776,,,,,,372.965,1421.811,,,,1669.81,89.5,arm_freq_capped_now|currently_throttled|arm_freq_capped_occurred|throttling_occurred|soft_temp_limit_occurred,1,,16,54,drone-pi,aarch64,Raspberry Pi 5 Model B Rev 1.0,true,4
1,llama-3.2-1b-instruct-Q4_K_M-warmup,0149,236,,,end_of_speech,2519.38,,,,,,397.385,2121.995,,,,1669.81,88.4,arm_freq_capped_now|currently_throttled|arm_freq_capped_occurred|throttling_occurred|soft_temp_limit_occurred,1,,22,58,drone-pi,aarch64,Raspberry Pi 5 Model B Rev 1.0,true,4
1,llama-3.2-1b-instruct-Q4_K_M-warmup,0169,237,,,end_of_speech,2262.857,,,,,,514.039,1748.818,,,,1669.81,87.3,arm_freq_capped_now|currently_throttled|arm_freq_capped_occurred|throttling_occurred|soft_temp_limit_occurred,1,,20,63,drone-pi,aarch64,Raspberry Pi 5 Model B Rev 1.0,true,4
1,llama-3.2-1b-instruct-Q4_K_M-warmup,0152,238,,,end_of_speech,1389.89,,,,,,397.081,992.809,,,,1669.81,87.3,arm_freq_capped_now|currently_throttled|arm_freq_capped_occurred|throttling_occurred|soft_temp_limit_occurred,1,,12,59,drone-pi,aarch64,Raspberry Pi 5 Model B Rev 1.0,true,4
1,llama-3.2-1b-instruct-Q4_K_M-warmup,0010,239,,,end_of_speech,3033.747,,,,,,665.613,2368.134,,,,1669.81,88.4,arm_freq_capped_now|currently_throttled|arm_freq_capped_occurred|throttling_occurred|soft_temp_limit_occurred,1,,26,72,drone-pi,aarch64,Raspberry Pi 5 Model B Rev 1.0,true,4
1,llama-3.2-1b-instruct-Q4_K_M-warmup,0151,240,,,end_of_speech,1569.786,,,,,,397.739,1172.047,,,,1669.81,88.4,arm_freq_capped_now|currently_throttled|arm_freq_capped_occurred|throttling_occurred|soft_temp_limit_occurred,1,,14,58,drone-pi,aarch64,Raspberry Pi 5 Model B Rev 1.0,true,4
1,llama-3.2-1b-instruct-Q4_K_M-warmup,0162,241,,,end_of_speech,2701.973,,,,,,698.54,2003.433,,,,1669.81,88.4,arm_freq_capped_now|currently_throttled|arm_freq_capped_occurred|throttling_occurred|soft_temp_limit_occurred,1,,21,72,drone-pi,aarch64,Raspberry Pi 5 Model B Rev 1.0,true,4
1,llama-3.2-1b-instruct-Q4_K_M-warmup,0182,242,,,end_of_speech,818.342,,,,,,332.357,485.985,,,,1669.81,88.4,arm_freq_capped_now|currently_throttled|arm_freq_capped_occurred|throttling_occurred|soft_temp_limit_occurred,1,,6,56,drone-pi,aarch64,Raspberry Pi 5 Model B Rev 1.0,true,4
1,llama-3.2-1b-instruct-Q4_K_M-warmup,0072,243,,,end_of_speech,1432.285,,,,,,312.962,1119.323,,,,1669.81,88.4,arm_freq_capped_now|currently_throttled|arm_freq_capped_occurred|throttling_occurred|soft_temp_limit_occurred,1,,12,53,drone-pi,aarch64,Raspberry Pi 5 Model B Rev 1.0,true,4
1,llama-3.2-1b-instruct-Q4_K_M-warmup,0033,244,,,end_of_speech,1273.895,,,,,,430.941,842.954,,,,1669.81,89.5,arm_freq_capped_now|currently_throttled|arm_freq_capped_occurred|throttling_occurred|soft_temp_limit_occurred,1,,10,58,drone-pi,aarch64,Raspberry Pi 5 Model B Rev 1.0,true,4
1,llama-3.2-1b-instruct-Q4_K_M-warmup,0116,245,,,end_of_speech,1989.427,,,,,,482.589,1506.838,,,,1669.81,86.7,arm_freq_capped_now|currently_throttled|arm_freq_capped_occurred|throttling_occurred|soft_temp_limit_occurred,1,,17,63,drone-pi,aarch64,Raspberry Pi 5 Model B Rev 1.0,true,4
1,llama-3.2-1b-instruct-Q4_K_M-warmup,0105,246,,,end_of_speech,2133.711,,,,,,431.785,1701.926,,,,1669.81,89.5,arm_freq_capped_now|currently_throttled|arm_freq_capped_occurred|throttling_occurred|soft_temp_limit_occurred,1,,19,60,drone-pi,aarch64,Raspberry Pi 5 Model B Rev 1.0,true,4
1,llama-3.2-1b-instruct-Q4_K_M-warmup,0089,247,,,end_of_speech,3224.767,,,,,,831.139,2393.628,,,,1669.81,87.3,arm_freq_capped_now|currently_throttled|arm_freq_capped_occurred|throttling_occurred|soft_temp_limit_occurred,1,,26,75,drone-pi,aarch64,Raspberry Pi 5 Model B Rev 1.0,true,4
1,llama-3.2-1b-instruct-Q4_K_M-warmup,0062,248,,,end_of_speech,1356.965,,,,,,365.768,991.197,,,,1669.81,87.3,arm_freq_capped_now|currently_throttled|arm_freq_capped_occurred|throttling_occurred|soft_temp_limit_occurred,1,,12,57,drone-pi,aarch64,Raspberry Pi 5 Model B Rev 1.0,true,4
1,llama-3.2-1b-instruct-Q4_K_M-warmup,0113,249,,,end_of_speech,2943.688,,,,,,553.87,2389.818,,,,1669.81,87.8,arm_freq_capped_now|currently_throttled|arm_freq_capped_occurred|throttling_occurred|soft_temp_limit_occurred,1,,26,65,drone-pi,aarch64,Raspberry Pi 5 Model B Rev 1.0,true,4
1,llama-3.2-1b-instruct-Q4_K_M-warmup,0193,250,,,end_of_speech,1927.654,,,,,,90.59,1837.064,,,,1669.81,88.9,arm_freq_capped_now|currently_throttled|arm_freq_capped_occurred|throttling_occurred|soft_temp_limit_occurred,1,,21,67,drone-pi,aarch64,Raspberry Pi 5 Model B Rev 1.0,true,4
1,llama-3.2-1b-instruct-Q4_K_M-warmup,0006,251,,,end_of_speech,763.05,,,,,,312.653,450.397,,,,1669.81,87.8,arm_freq_capped_now|currently_throttled|arm_freq_capped_occurred|throttling_occurred|soft_temp_limit_occurred,1,,6,53,drone-pi,aarch64,Raspberry Pi 5 Model B Rev 1.0,true,4
1,llama-3.2-1b-instruct-Q4_K_M-warmup,0196,252,,,end_of_speech,1904.063,,,,,,462.743,1441.32,,,,1669.81,89.5,arm_freq_capped_now|currently_throttled|arm_freq_capped_occurred|throttling_occurred|soft_temp_limit_occurred,1,,17,60,drone-pi,aarch64,Raspberry Pi 5 Model B Rev 1.0,true,4
1,llama-3.2-1b-instruct-Q4_K_M-warmup,0186,253,,,end_of_speech,2122.443,,,,,,494.048,1628.395,,,,1669.81,88.9,arm_freq_capped_now|currently_throttled|arm_freq_capped_occurred|throttling_occurred|soft_temp_limit_occurred,1,,18,61,drone-pi,aarch64,Raspberry Pi 5 Model B Rev 1.0,true,4
1,llama-3.2-1b-instruct-Q4_K_M-warmup,0075,254,,,end_of_speech,3380.937,,,,,,893.399,2487.538,,,,1669.81,88.4,arm_freq_capped_now|currently_throttled|arm_freq_capped_occurred|throttling_occurred|soft_temp_limit_occurred,1,,26,74,drone-pi,aarch64,Raspberry Pi 5 Model B Rev 1.0,true,4
1,llama-3.2-1b-instruct-Q4_K_M-warmup,0131,255,,,end_of_speech,2019.419,,,,,,90.384,1929.035,,,,1669.81,88.4,arm_freq_capped_now|currently_throttled|arm_freq_capped_occurred|throttling_occurred|soft_temp_limit_occurred,1,,22,68,drone-pi,aarch64,Raspberry Pi 5 Model B Rev 1.0,true,4
1,llama-3.2-1b-instruct-Q4_K_M-warmup,0121,256,,,end_of_speech,1302.0,,,,,,280.437,1021.563,,,,1669.81,88.9,arm_freq_capped_now|currently_throttled|arm_freq_capped_occurred|throttling_occurred|soft_temp_limit_occurred,1,,12,52,drone-pi,aarch64,Raspberry Pi 5 Model B Rev 1.0,true,4
1,llama-3.2-1b-instruct-Q4_K_M-warmup,0101,257,,,end_of_speech,2098.06,,,,,,527.072,1570.988,,,,1669.81,88.4,arm_freq_capped_now|currently_throttled|arm_freq_capped_occurred|throttling_occurred|soft_temp_limit_occurred,1,,17,61,drone-pi,aarch64,Raspberry Pi 5 Model B Rev 1.0,true,4
1,llama-3.2-1b-instruct-Q4_K_M-warmup,0032,258,,,end_of_speech,762.511,,,,,,280.132,482.379,,,,1669.81,90.6,arm_freq_capped_now|currently_throttled|arm_freq_capped_occurred|throttling_occurred|soft_temp_limit_occurred,1,,6,52,drone-pi,aarch64,Raspberry Pi 5 Model B Rev 1.0,true,4
1,llama-3.2-1b-instruct-Q4_K_M-warmup,0018,259,,,end_of_speech,827.028,,,,,,376.649,450.379,,,,1669.81,89.5,arm_freq_capped_now|currently_throttled|arm_freq_capped_occurred|throttling_occurred|soft_temp_limit_occurred,1,,6,54,drone-pi,aarch64,Raspberry Pi 5 Model B Rev 1.0,true,4
1,llama-3.2-1b-instruct-Q4_K_M-warmup,0049,260,,,end_of_speech,2918.939,,,,,,615.907,2303.032,,,,1669.81,89.5,arm_freq_capped_now|currently_throttled|arm_freq_capped_occurred|throttling_occurred|soft_temp_limit_occurred,1,,24,65,drone-pi,aarch64,Raspberry Pi 5 Model B Rev 1.0,true,4
1,llama-3.2-1b-instruct-Q4_K_M-warmup,0065,261,,,end_of_speech,2582.393,,,,,,90.396,2491.997,,,,1669.81,90.0,arm_freq_capped_now|currently_throttled|arm_freq_capped_occurred|throttling_occurred|soft_temp_limit_occurred,1,,26,71,drone-pi,aarch64,Raspberry Pi 5 Model B Rev 1.0,true,4
1,llama-3.2-1b-instruct-Q4_K_M-warmup,0110,262,,,end_of_speech,2319.561,,,,,,114.536,2205.025,,,,1669.81,88.4,arm_freq_capped_now|currently_throttled|arm_freq_capped_occurred|throttling_occurred|soft_temp_limit_occurred,1,,24,65,drone-pi,aarch64,Raspberry Pi 5 Model B Rev 1.0,true,4
1,llama-3.2-1b-instruct-Q4_K_M-warmup,0048,263,,,end_of_speech,761.271,,,,,,275.041,486.23,,,,1669.81,88.4,arm_freq_capped_now|currently_throttled|arm_freq_capped_occurred|throttling_occurred|soft_temp_limit_occurred,1,,6,51,drone-pi,aarch64,Raspberry Pi 5 Model B Rev 1.0,true,4
1,llama-3.2-1b-instruct-Q4_K_M-warmup,0097,264,,,end_of_speech,849.642,,,,,,399.393,450.249,,,,1669.81,88.9,arm_freq_capped_now|currently_throttled|arm_freq_capped_occurred|throttling_occurred|soft_temp_limit_occurred,1,,6,56,drone-pi,aarch64,Raspberry Pi 5 Model B Rev 1.0,true,4
1,llama-3.2-1b-instruct-Q4_K_M-warmup,0127,265,,,end_of_speech,1730.333,,,,,,448.738,1281.595,,,,1669.81,88.4,arm_freq_capped_now|currently_throttled|arm_freq_capped_occurred|throttling_occurred|soft_temp_limit_occurred,1,,14,59,drone-pi,aarch64,Raspberry Pi 5 Model B Rev 1.0,true,4
1,llama-3.2-1b-instruct-Q4_K_M-warmup,0123,266,,,end_of_speech,2298.165,,,,,,526.94,1771.225,,,,1669.81,88.9,arm_freq_capped_now|currently_throttled|arm_freq_capped_occurred|throttling_occurred|soft_temp_limit_occurred,1,,19,60,drone-pi,aarch64,Raspberry Pi 5 Model B Rev 1.0,true,4
1,llama-3.2-1b-instruct-Q4_K_M-warmup,0144,267,,,end_of_speech,1518.108,,,,,,450.982,1067.126,,,,1669.81,90.0,arm_freq_capped_now|currently_throttled|arm_freq_capped_occurred|throttling_occurred|soft_temp_limit_occurred,1,,12,58,drone-pi,aarch64,Raspberry Pi 5 Model B Rev 1.0,true,4
1,llama-3.2-1b-instruct-Q4_K_M-warmup,0057,268,,,end_of_speech,827.318,,,,,,345.158,482.16,,,,1669.81,89.5,arm_freq_capped_now|currently_throttled|arm_freq_capped_occurred|throttling_occurred|soft_temp_limit_occurred,1,,6,54,drone-pi,aarch64,Raspberry Pi 5 Model B Rev 1.0,true,4
1,llama-3.2-1b-instruct-Q4_K_M-warmup,0083,269,,,end_of_speech,2040.543,,,,,,494.979,1545.564,,,,1669.81,89.5,arm_freq_capped_now|currently_throttled|arm_freq_capped_occurred|throttling_occurred|soft_temp_limit_occurred,1,,16,61,drone-pi,aarch64,Raspberry Pi 5 Model B Rev 1.0,true,4
1,llama-3.2-1b-instruct-Q4_K_M-warmup,0168,270,,,end_of_speech,1209.156,,,,,,334.815,874.341,,,,1669.81,88.9,arm_freq_capped_now|currently_throttled|arm_freq_capped_occurred|throttling_occurred|soft_temp_limit_occurred,1,,10,55,drone-pi,aarch64,Raspberry Pi 5 Model B Rev 1.0,true,4
1,llama-3.2-1b-instruct-Q4_K_M-warmup,0134,271,,,end_of_speech,2147.695,,,,,,698.822,1448.873,,,,1669.81,88.9,arm_freq_capped_now|currently_throttled|arm_freq_capped_occurred|throttling_occurred|soft_temp_limit_occurred,1,,16,69,drone-pi,aarch64,Raspberry Pi 5 Model B Rev 1.0,true,4
1,llama-3.2-1b-instruct-Q4_K_M-warmup,0128,272,,,end_of_speech,2464.656,,,,,,600.391,1864.265,,,,1669.81,88.9,arm_freq_capped_now|currently_throttled|arm_freq_capped_occurred|throttling_occurred|soft_temp_limit_occurred,1,,20,65,drone-pi,aarch64,Raspberry Pi 5 Model B Rev 1.0,true,4
1,llama-3.2-1b-instruct-Q4_K_M-warmup,0092,273,,,end_of_speech,1928.205,,,,,,431.179,1497.026,,,,1669.81,90.6,arm_freq_capped_now|currently_throttled|arm_freq_capped_occurred|throttling_occurred|soft_temp_limit_occurred,1,,16,57,drone-pi,aarch64,Raspberry Pi 5 Model B Rev 1.0,true,4
1,llama-3.2-1b-instruct-Q4_K_M-warmup,0120,274,,,end_of_speech,2515.855,,,,,,790.58,1725.275,,,,1669.81,87.8,arm_freq_capped_now|currently_throttled|arm_freq_capped_occurred|throttling_occurred|soft_temp_limit_occurred,1,,19,72,drone-pi,aarch64,Raspberry Pi 5 Model B Rev 1.0,true,4
1,llama-3.2-1b-instruct-Q4_K_M-warmup,0059,275,,,end_of_speech,2345.683,,,,,,514.945,1830.738,,,,1669.81,88.9,arm_freq_capped_now|currently_throttled|arm_freq_capped_occurred|throttling_occurred|soft_temp_limit_occurred,1,,19,64,drone-pi,aarch64,Raspberry Pi 5 Model B Rev 1.0,true,4
1,llama-3.2-1b-instruct-Q4_K_M-warmup,0141,276,,,end_of_speech,2489.88,,,,,,797.961,1691.919,,,,1669.81,89.5,arm_freq_capped_now|currently_throttled|arm_freq_capped_occurred|throttling_occurred|soft_temp_limit_occurred,1,,19,70,drone-pi,aarch64,Raspberry Pi 5 Model B Rev 1.0,true,4
1,llama-3.2-1b-instruct-Q4_K_M-warmup,0108,277,,,end_of_speech,1518.288,,,,,,462.758,1055.53,,,,1669.81,88.4,arm_freq_capped_now|currently_throttled|arm_freq_capped_occurred|throttling_occurred|soft_temp_limit_occurred,1,,12,60,drone-pi,aarch64,Raspberry Pi 5 Model B Rev 1.0,true,4
1,llama-3.2-1b-instruct-Q4_K_M-warmup,0159,278,,,end_of_speech,2139.142,,,,,,498.283,1640.859,,,,1669.81,89.5,arm_freq_capped_now|currently_throttled|arm_freq_capped_occurred|throttling_occurred|soft_temp_limit_occurred,1,,17,60,drone-pi,aarch64,Raspberry Pi 5 Model B Rev 1.0,true,4
1,llama-3.2-1b-instruct-Q4_K_M-warmup,0056,279,,,end_of_speech,2043.391,,,,,,562.589,1480.802,,,,1669.81,88.4,arm_freq_capped_now|currently_throttled|arm_freq_capped_occurred|throttling_occurred|soft_temp_limit_occurred,1,,16,61,drone-pi,aarch64,Raspberry Pi 5 Model B Rev 1.0,true,4
1,llama-3.2-1b-instruct-Q4_K_M-warmup,0009,280,,,end_of_speech,881.21,,,,,,397.901,483.309,,,,1669.81,90.0,arm_freq_capped_now|currently_throttled|arm_freq_capped_occurred|throttling_occurred|soft_temp_limit_occurred,1,,6,57,drone-pi,aarch64,Raspberry Pi 5 Model B Rev 1.0,true,4
1,llama-3.2-1b-instruct-Q4_K_M-warmup,0038,281,,,end_of_speech,3278.492,,,,,,791.188,2487.304,,,,1669.81,89.5,arm_freq_capped_now|currently_throttled|arm_freq_capped_occurred|throttling_occurred|soft_temp_limit_occurred,1,,26,72,drone-pi,aarch64,Raspberry Pi 5 Model B Rev 1.0,true,4
1,llama-3.2-1b-instruct-Q4_K_M-warmup,0167,282,,,end_of_speech,1822.928,,,,,,409.89,1413.038,,,,1669.81,89.5,arm_freq_capped_now|currently_throttled|arm_freq_capped_occurred|throttling_occurred|soft_temp_limit_occurred,1,,16,57,drone-pi,aarch64,Raspberry Pi 5 Model B Rev 1.0,true,4
1,llama-3.2-1b-instruct-Q4_K_M-warmup,0114,283,,,end_of_speech,2563.058,,,,,,728.343,1834.715,,,,1669.81,88.9,arm_freq_capped_now|currently_throttled|arm_freq_capped_occurred|throttling_occurred|soft_temp_limit_occurred,1,,20,67,drone-pi,aarch64,Raspberry Pi 5 Model B Rev 1.0,true,4
1,llama-3.2-1b-instruct-Q4_K_M-warmup,0145,284,,,end_of_speech,858.118,,,,,,408.0,450.118,,,,1669.81,90.0,arm_freq_capped_now|currently_throttled|arm_freq_capped_occurred|throttling_occurred|soft_temp_limit_occurred,1,,6,54,drone-pi,aarch64,Raspberry Pi 5 Model B Rev 1.0,true,4
1,llama-3.2-1b-instruct-Q4_K_M-warmup,0137,285,,,end_of_speech,1479.089,,,,,,357.709,1121.38,,,,1669.81,88.4,arm_freq_capped_now|currently_throttled|arm_freq_capped_occurred|throttling_occurred|soft_temp_limit_occurred,1,,12,57,drone-pi,aarch64,Raspberry Pi 5 Model B Rev 1.0,true,4
1,llama-3.2-1b-instruct-Q4_K_M-warmup,0020,286,,,end_of_speech,1242.382,,,,,,333.909,908.473,,,,1669.81,89.5,arm_freq_capped_now|currently_throttled|arm_freq_capped_occurred|throttling_occurred|soft_temp_limit_occurred,1,,10,55,drone-pi,aarch64,Raspberry Pi 5 Model B Rev 1.0,true,4
1,llama-3.2-1b-instruct-Q4_K_M-warmup,0080,287,,,end_of_speech,763.826,,,,,,313.271,450.555,,,,1669.81,88.4,arm_freq_capped_now|currently_throttled|arm_freq_capped_occurred|throttling_occurred|soft_temp_limit_occurred,1,,6,53,drone-pi,aarch64,Raspberry Pi 5 Model B Rev 1.0,true,4
1,llama-3.2-1b-instruct-Q4_K_M-warmup,0069,288,,,end_of_speech,1421.225,,,,,,333.611,1087.614,,,,1669.81,89.5,arm_freq_capped_now|currently_throttled|arm_freq_capped_occurred|throttling_occurred|soft_temp_limit_occurred,1,,12,55,drone-pi,aarch64,Raspberry Pi 5 Model B Rev 1.0,true,4
1,llama-3.2-1b-instruct-Q4_K_M-warmup,0047,289,,,end_of_speech,1518.638,,,,,,446.121,1072.517,,,,1669.81,90.0,arm_freq_capped_now|currently_throttled|arm_freq_capped_occurred|throttling_occurred|soft_temp_limit_occurred,1,,12,60,drone-pi,aarch64,Raspberry Pi 5 Model B Rev 1.0,true,4
1,llama-3.2-1b-instruct-Q4_K_M-warmup,0050,290,,,end_of_speech,1639.527,,,,,,470.074,1169.453,,,,1669.81,89.5,arm_freq_capped_now|currently_throttled|arm_freq_capped_occurred|throttling_occurred|soft_temp_limit_occurred,1,,12,59,drone-pi,aarch64,Raspberry Pi 5 Model B Rev 1.0,true,4
1,llama-3.2-1b-instruct-Q4_K_M-warmup,0172,291,,,end_of_speech,1968.548,,,,,,461.173,1507.375,,,,1669.81,89.5,arm_freq_capped_now|currently_throttled|arm_freq_capped_occurred|throttling_occurred|soft_temp_limit_occurred,1,,16,61,drone-pi,aarch64,Raspberry Pi 5 Model B Rev 1.0,true,4
1,llama-3.2-1b-instruct-Q4_K_M-warmup,0076,292,,,end_of_speech,1188.641,,,,,,345.043,843.598,,,,1669.81,89.5,arm_freq_capped_now|currently_throttled|arm_freq_capped_occurred|throttling_occurred|soft_temp_limit_occurred,1,,10,54,drone-pi,aarch64,Raspberry Pi 5 Model B Rev 1.0,true,4
1,llama-3.2-1b-instruct-Q4_K_M-warmup,0180,293,,,end_of_speech,2524.718,,,,,,493.809,2030.909,,,,1669.81,88.9,arm_freq_capped_now|currently_throttled|arm_freq_capped_occurred|throttling_occurred|soft_temp_limit_occurred,1,,22,61,drone-pi,aarch64,Raspberry Pi 5 Model B Rev 1.0,true,4
1,llama-3.2-1b-instruct-Q4_K_M-warmup,0064,294,,,end_of_speech,1368.204,,,,,,312.312,1055.892,,,,1669.81,88.9,arm_freq_capped_now|currently_throttled|arm_freq_capped_occurred|throttling_occurred|soft_temp_limit_occurred,1,,12,54,drone-pi,aarch64,Raspberry Pi 5 Model B Rev 1.0,true,4
1,llama-3.2-1b-instruct-Q4_K_M-warmup,0022,295,,,end_of_speech,1887.545,,,,,,346.132,1541.413,,,,1669.81,88.9,arm_freq_capped_now|currently_throttled|arm_freq_capped_occurred|throttling_occurred|soft_temp_limit_occurred,1,,16,54,drone-pi,aarch64,Raspberry Pi 5 Model B Rev 1.0,true,4
1,llama-3.2-1b-instruct-Q4_K_M-warmup,0149,296,,,end_of_speech,2520.412,,,,,,438.437,2081.975,,,,1669.81,90.0,arm_freq_capped_now|currently_throttled|arm_freq_capped_occurred|throttling_occurred|soft_temp_limit_occurred,1,,22,58,drone-pi,aarch64,Raspberry Pi 5 Model B Rev 1.0,true,4
1,llama-3.2-1b-instruct-Q4_K_M-warmup,0169,297,,,end_of_speech,2433.236,,,,,,539.383,1893.853,,,,1669.81,89.5,arm_freq_capped_now|currently_throttled|arm_freq_capped_occurred|throttling_occurred|soft_temp_limit_occurred,1,,20,63,drone-pi,aarch64,Raspberry Pi 5 Model B Rev 1.0,true,4
1,llama-3.2-1b-instruct-Q4_K_M-warmup,0152,298,,,end_of_speech,1517.929,,,,,,462.308,1055.621,,,,1669.81,88.4,arm_freq_capped_now|currently_throttled|arm_freq_capped_occurred|throttling_occurred|soft_temp_limit_occurred,1,,12,59,drone-pi,aarch64,Raspberry Pi 5 Model B Rev 1.0,true,4
1,llama-3.2-1b-instruct-Q4_K_M-warmup,0010,299,,,end_of_speech,3278.604,,,,,,799.078,2479.526,,,,1669.81,88.9,arm_freq_capped_now|currently_throttled|arm_freq_capped_occurred|throttling_occurred|soft_temp_limit_occurred,1,,26,72,drone-pi,aarch64,Raspberry Pi 5 Model B Rev 1.0,true,4
1,llama-3.2-1b-instruct-Q4_K_M-warmup,0151,300,,,end_of_speech,1765.097,,,,,,463.954,1301.143,,,,1669.81,88.9,arm_freq_capped_now|currently_throttled|arm_freq_capped_occurred|throttling_occurred|soft_temp_limit_occurred,1,,14,58,drone-pi,aarch64,Raspberry Pi 5 Model B Rev 1.0,true,4
1,llama-3.2-1b-instruct-Q4_K_M-warmup,0162,301,,,end_of_speech,2671.344,,,,,,731.749,1939.595,,,,1669.81,88.9,arm_freq_capped_now|currently_throttled|arm_freq_capped_occurred|throttling_occurred|soft_temp_limit_occurred,1,,21,72,drone-pi,aarch64,Raspberry Pi 5 Model B Rev 1.0,true,4
1,llama-3.2-1b-instruct-Q4_K_M-warmup,0182,302,,,end_of_speech,874.782,,,,,,399.267,475.515,,,,1669.81,88.4,arm_freq_capped_now|currently_throttled|arm_freq_capped_occurred|throttling_occurred|soft_temp_limit_occurred,1,,6,56,drone-pi,aarch64,Raspberry Pi 5 Model B Rev 1.0,true,4
1,llama-3.2-1b-instruct-Q4_K_M-warmup,0072,303,,,end_of_speech,1445.145,,,,,,313.731,1131.414,,,,1669.81,88.4,arm_freq_capped_now|currently_throttled|arm_freq_capped_occurred|throttling_occurred|soft_temp_limit_occurred,1,,12,53,drone-pi,aarch64,Raspberry Pi 5 Model B Rev 1.0,true,4
1,llama-3.2-1b-instruct-Q4_K_M-warmup,0033,304,,,end_of_speech,1355.618,,,,,,430.306,925.312,,,,1669.81,90.0,arm_freq_capped_now|currently_throttled|arm_freq_capped_occurred|throttling_occurred|soft_temp_limit_occurred,1,,10,58,drone-pi,aarch64,Raspberry Pi 5 Model B Rev 1.0,true,4
1,llama-3.2-1b-instruct-Q4_K_M-warmup,0116,305,,,end_of_speech,2147.441,,,,,,567.791,1579.65,,,,1669.81,89.5,arm_freq_capped_now|currently_throttled|arm_freq_capped_occurred|throttling_occurred|soft_temp_limit_occurred,1,,17,63,drone-pi,aarch64,Raspberry Pi 5 Model B Rev 1.0,true,4
1,llama-3.2-1b-instruct-Q4_K_M-warmup,0105,306,,,end_of_speech,2336.281,,,,,,462.82,1873.461,,,,1669.81,88.4,arm_freq_capped_now|currently_throttled|arm_freq_capped_occurred|throttling_occurred|soft_temp_limit_occurred,1,,19,60,drone-pi,aarch64,Raspberry Pi 5 Model B Rev 1.0,true,4
1,llama-3.2-1b-instruct-Q4_K_M-warmup,0089,307,,,end_of_speech,3292.212,,,,,,800.341,2491.871,,,,1669.81,88.9,arm_freq_capped_now|currently_throttled|arm_freq_capped_occurred|throttling_occurred|soft_temp_limit_occurred,1,,26,75,drone-pi,aarch64,Raspberry Pi 5 Model B Rev 1.0,true,4
1,llama-3.2-1b-instruct-Q4_K_M-warmup,0062,308,,,end_of_speech,1421.326,,,,,,397.972,1023.354,,,,1669.83,89.5,arm_freq_capped_now|currently_throttled|arm_freq_capped_occurred|throttling_occurred|soft_temp_limit_occurred,1,,12,57,drone-pi,aarch64,Raspberry Pi 5 Model B Rev 1.0,true,4
1,llama-3.2-1b-instruct-Q4_K_M-warmup,0113,309,,,end_of_speech,3068.432,,,,,,583.5,2484.932,,,,1669.83,88.4,arm_freq_capped_now|currently_throttled|arm_freq_capped_occurred|throttling_occurred|soft_temp_limit_occurred,1,,26,65,drone-pi,aarch64,Raspberry Pi 5 Model B Rev 1.0,true,4
1,llama-3.2-1b-instruct-Q4_K_M-warmup,0193,310,,,end_of_speech,2161.077,,,,,,90.484,2070.593,,,,1669.83,88.4,arm_freq_capped_now|currently_throttled|arm_freq_capped_occurred|throttling_occurred|soft_temp_limit_occurred,1,,21,67,drone-pi,aarch64,Raspberry Pi 5 Model B Rev 1.0,true,4
1,llama-3.2-1b-instruct-Q4_K_M-warmup,0006,311,,,end_of_speech,796.387,,,,,,312.543,483.844,,,,1669.83,89.5,arm_freq_capped_now|currently_throttled|arm_freq_capped_occurred|throttling_occurred|soft_temp_limit_occurred,1,,6,53,drone-pi,aarch64,Raspberry Pi 5 Model B Rev 1.0,true,4
1,llama-3.2-1b-instruct-Q4_K_M-warmup,0196,312,,,end_of_speech,2035.759,,,,,,480.697,1555.062,,,,1669.83,88.9,arm_freq_capped_now|currently_throttled|arm_freq_capped_occurred|throttling_occurred|soft_temp_limit_occurred,1,,17,60,drone-pi,aarch64,Raspberry Pi 5 Model B Rev 1.0,true,4
1,llama-3.2-1b-instruct-Q4_K_M-warmup,0186,313,,,end_of_speech,2130.744,,,,,,522.733,1608.011,,,,1669.83,89.5,arm_freq_capped_now|currently_throttled|arm_freq_capped_occurred|throttling_occurred|soft_temp_limit_occurred,1,,18,61,drone-pi,aarch64,Raspberry Pi 5 Model B Rev 1.0,true,4
1,llama-3.2-1b-instruct-Q4_K_M-warmup,0075,314,,,end_of_speech,3388.511,,,,,,861.41,2527.101,,,,1669.83,88.9,arm_freq_capped_now|currently_throttled|arm_freq_capped_occurred|throttling_occurred|soft_temp_limit_occurred,1,,26,74,drone-pi,aarch64,Raspberry Pi 5 Model B Rev 1.0,true,4
1,llama-3.2-1b-instruct-Q4_K_M-warmup,0131,315,,,end_of_speech,2206.339,,,,,,93.15,2113.189,,,,1669.83,88.9,arm_freq_capped_now|currently_throttled|arm_freq_capped_occurred|throttling_occurred|soft_temp_limit_occurred,1,,22,68,drone-pi,aarch64,Raspberry Pi 5 Model B Rev 1.0,true,4
1,llama-3.2-1b-instruct-Q4_K_M-warmup,0121,316,,,end_of_speech,1335.18,,,,,,275.8,1059.38,,,,1669.83,88.9,arm_freq_capped_now|currently_throttled|arm_freq_capped_occurred|throttling_occurred|soft_temp_limit_occurred,1,,12,52,drone-pi,aarch64,Raspberry Pi 5 Model B Rev 1.0,true,4
1,llama-3.2-1b-instruct-Q4_K_M-warmup,0101,317,,,end_of_speech,2133.811,,,,,,545.312,1588.499,,,,1669.83,88.9,arm_freq_capped_now|currently_throttled|arm_freq_capped_occurred|throttling_occurred|soft_temp_limit_occurred,1,,17,61,drone-pi,aarch64,Raspberry Pi 5 Model B Rev 1.0,true,4
1,llama-3.2-1b-instruct-Q4_K_M-warmup,0032,318,,,end_of_speech,828.704,,,,,,281.494,547.21,,,,1669.83,88.4,arm_freq_capped_now|currently_throttled|arm_freq_capped_occurred|throttling_occurred|soft_temp_limit_occurred,1,,6,52,drone-pi,aarch64,Raspberry Pi 5 Model B Rev 1.0,true,4
1,llama-3.2-1b-instruct-Q4_K_M-warmup,0018,319,,,end_of_speech,790.551,,,,,,312.293,478.258,,,,1669.83,88.4,arm_freq_capped_now|currently_throttled|arm_freq_capped_occurred|throttling_occurred|soft_temp_limit_occurred,1,,6,54,drone-pi,aarch64,Raspberry Pi 5 Model B Rev 1.0,true,4
1,llama-3.2-1b-instruct-Q4_K_M-warmup,0049,320,,,end_of_speech,2884.844,,,,,,583.162,2301.682,,,,1669.83,88.9,arm_freq_capped_now|currently_throttled|arm_freq_capped_occurred|throttling_occurred|soft_temp_limit_occurred,1,,24,65,drone-pi,aarch64,Raspberry Pi 5 Model B Rev 1.0,true,4
1,llama-3.2-1b-instruct-Q4_K_M-warmup,0065,321,,,end_of_speech,2579.138,,,,,,90.449,2488.689,,,,1669.83,88.9,arm_freq_capped_now|currently_throttled|arm_freq_capped_occurred|throttling_occurred|soft_temp_limit_occurred,1,,26,71,drone-pi,aarch64,Raspberry Pi 5 Model B Rev 1.0,true,4
1,llama-3.2-1b-instruct-Q4_K_M-warmup,0110,322,,,end_of_speech,2393.973,,,,,,90.506,2303.467,,,,1669.83,90.0,arm_freq_capped_now|currently_throttled|arm_freq_capped_occurred|throttling_occurred|soft_temp_limit_occurred,1,,24,65,drone-pi,aarch64,Raspberry Pi 5 Model B Rev 1.0,true,4
1,llama-3.2-1b-instruct-Q4_K_M-warmup,0048,323,,,end_of_speech,752.875,,,,,,267.072,485.803,,,,1669.83,88.4,arm_freq_capped_now|currently_throttled|arm_freq_capped_occurred|throttling_occurred|soft_temp_limit_occurred,1,,6,51,drone-pi,aarch64,Raspberry Pi 5 Model B Rev 1.0,true,4
1,llama-3.2-1b-instruct-Q4_K_M-warmup,0097,324,,,end_of_speech,827.334,,,,,,365.283,462.051,,,,1669.83,89.5,arm_freq_capped_now|currently_throttled|arm_freq_capped_occurred|throttling_occurred|soft_temp_limit_occurred,1,,6,56,drone-pi,aarch64,Raspberry Pi 5 Model B Rev 1.0,true,4
1,llama-3.2-1b-instruct-Q4_K_M-warmup,0127,325,,,end_of_speech,1735.505,,,,,,396.668,1338.837,,,,1669.83,88.9,arm_freq_capped_now|currently_throttled|arm_freq_capped_occurred|throttling_occurred|soft_temp_limit_occurred,1,,14,59,drone-pi,aarch64,Raspberry Pi 5 Model B Rev 1.0,true,4
1,llama-3.2-1b-instruct-Q4_K_M-warmup,0123,326,,,end_of_speech,2249.885,,,,,,475.523,1774.362,,,,1669.83,88.9,arm_freq_capped_now|currently_throttled|arm_freq_capped_occurred|throttling_occurred|soft_temp_limit_occurred,1,,19,60,drone-pi,aarch64,Raspberry Pi 5 Model B Rev 1.0,true,4
1,llama-3.2-1b-instruct-Q4_K_M,0151,0,,,end_of_speech,1762.853,,,,,,430.842,1332.011,,,,1669.84,88.9,arm_freq_capped_now|currently_throttled|arm_freq_capped_occurred|throttling_occurred|soft_temp_limit_occurred,1,,14,58,drone-pi,aarch64,Raspberry Pi 5 Model B Rev 1.0,true,4
1,llama-3.2-1b-instruct-Q4_K_M,0162,1,,,end_of_speech,2766.151,,,,,,794.491,1971.66,,,,1669.84,87.8,arm_freq_capped_now|currently_throttled|arm_freq_capped_occurred|throttling_occurred|soft_temp_limit_occurred,1,,21,72,drone-pi,aarch64,Raspberry Pi 5 Model B Rev 1.0,true,4
1,llama-3.2-1b-instruct-Q4_K_M,0182,2,,,end_of_speech,874.09,,,,,,398.949,475.141,,,,1669.86,89.5,arm_freq_capped_now|currently_throttled|arm_freq_capped_occurred|throttling_occurred|soft_temp_limit_occurred,1,,6,56,drone-pi,aarch64,Raspberry Pi 5 Model B Rev 1.0,true,4
1,llama-3.2-1b-instruct-Q4_K_M,0072,3,,,end_of_speech,1446.628,,,,,,312.568,1134.06,,,,1669.86,88.4,arm_freq_capped_now|currently_throttled|arm_freq_capped_occurred|throttling_occurred|soft_temp_limit_occurred,1,,12,53,drone-pi,aarch64,Raspberry Pi 5 Model B Rev 1.0,true,4
1,llama-3.2-1b-instruct-Q4_K_M,0033,4,,,end_of_speech,1271.653,,,,,,430.836,840.817,,,,1669.86,87.8,arm_freq_capped_now|currently_throttled|arm_freq_capped_occurred|throttling_occurred|soft_temp_limit_occurred,1,,10,58,drone-pi,aarch64,Raspberry Pi 5 Model B Rev 1.0,true,4
1,llama-3.2-1b-instruct-Q4_K_M,0116,5,,,end_of_speech,2134.595,,,,,,549.518,1585.077,,,,1669.86,88.4,arm_freq_capped_now|currently_throttled|arm_freq_capped_occurred|throttling_occurred|soft_temp_limit_occurred,1,,17,63,drone-pi,aarch64,Raspberry Pi 5 Model B Rev 1.0,true,4
1,llama-3.2-1b-instruct-Q4_K_M,0105,6,,,end_of_speech,2196.422,,,,,,429.751,1766.671,,,,1669.86,88.9,arm_freq_capped_now|currently_throttled|arm_freq_capped_occurred|throttling_occurred|soft_temp_limit_occurred,1,,19,60,drone-pi,aarch64,Raspberry Pi 5 Model B Rev 1.0,true,4
1,llama-3.2-1b-instruct-Q4_K_M,0089,7,,,end_of_speech,3289.023,,,,,,830.173,2458.85,,,,1669.86,88.4,arm_freq_capped_now|currently_throttled|arm_freq_capped_occurred|throttling_occurred|soft_temp_limit_occurred,1,,26,75,drone-pi,aarch64,Raspberry Pi 5 Model B Rev 1.0,true,4
1,llama-3.2-1b-instruct-Q4_K_M,0062,8,,,end_of_speech,1505.693,,,,,,417.213,1088.48,,,,1669.86,90.0,arm_freq_capped_now|currently_throttled|arm_freq_capped_occurred|throttling_occurred|soft_temp_limit_occurred,1,,12,57,drone-pi,aarch64,Raspberry Pi 5 Model B Rev 1.0,true,4
1,llama-3.2-1b-instruct-Q4_K_M,0113,9,,,end_of_speech,3171.474,,,,,,619.047,2552.427,,,,1669.86,90.0,arm_freq_capped_now|currently_throttled|arm_freq_capped_occurred|throttling_occurred|soft_temp_limit_occurred,1,,26,65,drone-pi,aarch64,Raspberry Pi 5 Model B Rev 1.0,true,4
1,llama-3.2-1b-instruct-Q4_K_M,0193,10,,,end_of_speech,2137.914,,,,,,115.252,2022.662,,,,1669.86,88.4,arm_freq_capped_now|currently_throttled|arm_freq_capped_occurred|throttling_occurred|soft_temp_limit_occurred,1,,21,67,drone-pi,aarch64,Raspberry Pi 5 Model B Rev 1.0,true,4
1,llama-3.2-1b-instruct-Q4_K_M,0006,11,,,end_of_speech,831.826,,,,,,329.806,502.02,,,,1669.86,89.5,arm_freq_capped_now|currently_throttled|arm_freq_capped_occurred|throttling_occurred|soft_temp_limit_occurred,1,,6,53,drone-pi,aarch64,Raspberry Pi 5 Model B Rev 1.0,true,4
1,llama-3.2-1b-instruct-Q4_K_M,0196,12,,,end_of_speech,2065.968,,,,,,429.74,1636.228,,,,1669.86,89.5,arm_freq_capped_now|currently_throttled|arm_freq_capped_occurred|throttling_occurred|soft_temp_limit_occurred,1,,17,60,drone-pi,aarch64,Raspberry Pi 5 Model B Rev 1.0,true,4
1,llama-3.2-1b-instruct-Q4_K_M,0186,13,,,end_of_speech,2221.408,,,,,,527.225,1694.183,,,,1669.86,88.4,arm_freq_capped_now|currently_throttled|arm_freq_capped_occurred|throttling_occurred|soft_temp_limit_occurred,1,,18,61,drone-pi,aarch64,Raspberry Pi 5 Model B Rev 1.0,true,4
1,llama-3.2-1b-instruct-Q4_K_M,0075,14,,,end_of_speech,3238.569,,,,,,779.724,2458.845,,,,1669.86,89.5,arm_freq_capped_now|currently_throttled|arm_freq_capped_occurred|throttling_occurred|soft_temp_limit_occurred,1,,26,74,drone-pi,aarch64,Raspberry Pi 5 Model B Rev 1.0,true,4
1,llama-3.2-1b-instruct-Q4_K_M,0131,15,,,end_of_speech,2189.085,,,,,,90.642,2098.443,,,,1669.86,88.9,arm_freq_capped_now|currently_throttled|arm_freq_capped_occurred|throttling_occurred|soft_temp_limit_occurred,1,,22,68,drone-pi,aarch64,Raspberry Pi 5 Model B Rev 1.0,true,4
1,llama-3.2-1b-instruct-Q4_K_M,0121,16,,,end_of_speech,1431.067,,,,,,280.402,1150.665,,,,1669.86,88.9,arm_freq_capped_now|currently_throttled|arm_freq_capped_occurred|throttling_occurred|soft_temp_limit_occurred,1,,12,52,drone-pi,aarch64,Raspberry Pi 5 Model B Rev 1.0,true,4
1,llama-3.2-1b-instruct-Q4_K_M,0101,17,,,end_of_speech,2085.885,,,,,,460.748,1625.137,,,,1669.86,88.4,arm_freq_capped_now|currently_throttled|arm_freq_capped_occurred|throttling_occurred|soft_temp_limit_occurred,1,,17,61,drone-pi,aarch64,Raspberry Pi 5 Model B Rev 1.0,true,4
1,llama-3.2-1b-instruct-Q4_K_M,0032,18,,,end_of_speech,730.329,,,,,,280.103,450.226,,,,1669.86,87.8,arm_freq_capped_now|currently_throttled|arm_freq_capped_occurred|throttling_occurred|soft_temp_limit_occurred,1,,6,52,drone-pi,aarch64,Raspberry Pi 5 Model B Rev 1.0,true,4
1,llama-3.2-1b-instruct-Q4_K_M,0018,19,,,end_of_speech,763.514,,,,,,312.684,450.83,,,,1669.86,88.4,arm_freq_capped_now|currently_throttled|arm_freq_capped_occurred|throttling_occurred|soft_temp_limit_occurred,1,,6,54,drone-pi,aarch64,Raspberry Pi 5 Model B Rev 1.0,true,4
1,llama-3.2-1b-instruct-Q4_K_M,0049,20,,,end_of_speech,2660.436,,,,,,550.01,2110.426,,,,1669.86,87.8,arm_freq_capped_now|currently_throttled|arm_freq_capped_occurred|throttling_occurred|soft_temp_limit_occurred,1,,24,65,drone-pi,aarch64,Raspberry Pi 5 Model B Rev 1.0,true,4
1,llama-3.2-1b-instruct-Q4_K_M,0065,21,,,end_of_speech,2548.176,,,,,,90.569,2457.607,,,,1669.86,87.8,arm_freq_capped_now|currently_throttled|arm_freq_capped_occurred|throttling_occurred|soft_temp_limit_occurred,1,,26,71,drone-pi,aarch64,Raspberry Pi 5 Model B Rev 1.0,true,4
1,llama-3.2-1b-instruct-Q4_K_M,0110,22,,,end_of_speech,2271.295,,,,,,94.476,2176.819,,,,1669.86,89.5,arm_freq_capped_now|currently_throttled|arm_freq_capped_occurred|throttling_occurred|soft_temp_limit_occurred,1,,24,65,drone-pi,aarch64,Raspberry Pi 5 Model B Rev 1.0,true,4
1,llama-3.2-1b-instruct-Q4_K_M,0048,23,,,end_of_speech,697.227,,,,,,214.488,482.739,,,,1669.86,88.4,arm_freq_capped_now|currently_throttled|arm_freq_capped_occurred|throttling_occurred|soft_temp_limit_occurred,1,,6,51,drone-pi,aarch64,Raspberry Pi 5 Model B Rev 1.0,true,4
1,llama-3.2-1b-instruct-Q4_K_M,0097,24,,,end_of_speech,849.094,,,,,,355.225,493.869,,,,1669.86,88.4,arm_freq_capped_now|currently_throttled|arm_freq_capped_occurred|throttling_occurred|soft_temp_limit_occurred,1,,6,56,drone-pi,aarch64,Raspberry Pi 5 Model B Rev 1.0,true,4
1,llama-3.2-1b-instruct-Q4_K_M,0127,25,,,end_of_speech,1685.17,,,,,,429.635,1255.535,,,,1669.86,89.5,arm_freq_capped_now|currently_throttled|arm_freq_capped_occurred|throttling_occurred|soft_temp_limit_occurred,1,,14,59,drone-pi,aarch64,Raspberry Pi 5 Model B Rev 1.0,true,4
1,llama-3.2-1b-instruct-Q4_K_M,0123,26,,,end_of_speech,2265.114,,,,,,495.618,1769.496,,,,1669.86,88.4,arm_freq_capped_now|currently_throttled|arm_freq_capped_occurred|throttling_occurred|soft_temp_limit_occurred,1,,19,60,drone-pi,aarch64,Raspberry Pi 5 Model B Rev 1.0,true,4
1,llama-3.2-1b-instruct-Q4_K_M,0144,27,,,end_of_speech,1582.854,,,,,,448.403,1134.451,,,,1669.86,87.8,arm_freq_capped_now|currently_throttled|arm_freq_capped_occurred|throttling_occurred|soft_temp_limit_occurred,1,,12,58,drone-pi,aarch64,Raspberry Pi 5 Model B Rev 1.0,true,4
1,llama-3.2-1b-instruct-Q4_K_M,0057,28,,,end_of_speech,795.741,,,,,,344.656,451.085,,,,1669.86,90.0,arm_freq_capped_now|currently_throttled|arm_freq_capped_occurred|throttling_occurred|soft_temp_limit_occurred,1,,6,54,drone-pi,aarch64,Raspberry Pi 5 Model B Rev 1.0,true,4
1,llama-3.2-1b-instruct-Q4_K_M,0083,29,,,end_of_speech,2009.075,,,,,,504.469,1504.606,,,,1669.86,90.0,arm_freq_capped_now|currently_throttled|arm_freq_capped_occurred|throttling_occurred|soft_temp_limit_occurred,1,,16,61,drone-pi,aarch64,Raspberry Pi 5 Model B Rev 1.0,true,4
1,llama-3.2-1b-instruct-Q4_K_M,0168,30,,,end_of_speech,1222.397,,,,,,327.016,895.381,,,,1669.86,88.4,arm_freq_capped_now|currently_throttled|arm_freq_capped_occurred|throttling_occurred|soft_temp_limit_occurred,1,,10,55,drone-pi,aarch64,Raspberry Pi 5 Model B Rev 1.0,true,4
1,llama-3.2-1b-instruct-Q4_K_M,0134,31,,,end_of_speech,2346.3,,,,,,751.752,1594.548,,,,1669.86,87.8,arm_freq_capped_now|currently_throttled|arm_freq_capped_occurred|throttling_occurred|soft_temp_limit_occurred,1,,16,69,drone-pi,aarch64,Raspberry Pi 5 Model B Rev 1.0,true,4
1,llama-3.2-1b-instruct-Q4_K_M,0128,32,,,end_of_speech,2448.497,,,,,,602.746,1845.751,,,,1669.86,88.9,arm_freq_capped_now|currently_throttled|arm_freq_capped_occurred|throttling_occurred|soft_temp_limit_occurred,1,,20,65,drone-pi,aarch64,Raspberry Pi 5 Model B Rev 1.0,true,4
1,llama-3.2-1b-instruct-Q4_K_M,0092,33,,,end_of_speech,1883.014,,,,,,401.374,1481.64,,,,1669.86,88.9,arm_freq_capped_now|currently_throttled|arm_freq_capped_occurred|throttling_occurred|soft_temp_limit_occurred,1,,16,57,drone-pi,aarch64,Raspberry Pi 5 Model B Rev 1.0,true,4
1,llama-3.2-1b-instruct-Q4_K_M,0120,34,,,end_of_speech,2643.874,,,,,,821.532,1822.342,,,,1669.86,89.5,arm_freq_capped_now|currently_throttled|arm_freq_capped_occurred|throttling_occurred|soft_temp_limit_occurred,1,,19,72,drone-pi,aarch64,Raspberry Pi 5 Model B Rev 1.0,true,4
1,llama-3.2-1b-instruct-Q4_K_M,0059,35,,,end_of_speech,2336.948,,,,,,624.882,1712.066,,,,1669.86,88.9,arm_freq_capped_now|currently_throttled|arm_freq_capped_occurred|throttling_occurred|soft_temp_limit_occurred,1,,19,64,drone-pi,aarch64,Raspberry Pi 5 Model B Rev 1.0,true,4
1,llama-3.2-1b-instruct-Q4_K_M,0141,36,,,end_of_speech,2520.752,,,,,,749.315,1771.437,,,,1669.86,89.5,arm_freq_capped_now|currently_throttled|arm_freq_capped_occurred|throttling_occurred|soft_temp_limit_occurred,1,,19,70,drone-pi,aarch64,Raspberry Pi 5 Model B Rev 1.0,true,4
1,llama-3.2-1b-instruct-Q4_K_M,0108,37,,,end_of_speech,1586.032,,,,,,462.337,1123.695,,,,1669.86,88.9,arm_freq_capped_now|currently_throttled|arm_freq_capped_occurred|throttling_occurred|soft_temp_limit_occurred,1,,12,60,drone-pi,aarch64,Raspberry Pi 5 Model B Rev 1.0,true,4
1,llama-3.2-1b-instruct-Q4_K_M,0159,38,,,end_of_speech,2032.654,,,,,,446.473,1586.181,,,,1669.86,88.9,arm_freq_capped_now|currently_throttled|arm_freq_capped_occurred|throttling_occurred|soft_temp_limit_occurred,1,,17,60,drone-pi,aarch64,Raspberry Pi 5 Model B Rev 1.0,true,4
1,llama-3.2-1b-instruct-Q4_K_M,0056,39,,,end_of_speech,1975.32,,,,,,461.259,1514.061,,,,1669.86,88.9,arm_freq_capped_now|currently_throttled|arm_freq_capped_occurred|throttling_occurred|soft_temp_limit_occurred,1,,16,61,drone-pi,aarch64,Raspberry Pi 5 Model B Rev 1.0,true,4
1,llama-3.2-1b-instruct-Q4_K_M,0009,40,,,end_of_speech,944.418,,,,,,400.365,544.053,,,,1669.86,90.6,arm_freq_capped_now|currently_throttled|arm_freq_capped_occurred|throttling_occurred|soft_temp_limit_occurred,1,,6,57,drone-pi,aarch64,Raspberry Pi 5 Model B Rev 1.0,true,4
1,llama-3.2-1b-instruct-Q4_K_M,0038,41,,,end_of_speech,3308.142,,,,,,787.393,2520.749,,,,1669.86,90.6,arm_freq_capped_now|currently_throttled|arm_freq_capped_occurred|throttling_occurred|soft_temp_limit_occurred,1,,26,72,drone-pi,aarch64,Raspberry Pi 5 Model B Rev 1.0,true,4
1,llama-3.2-1b-instruct-Q4_K_M,0167,42,,,end_of_speech,1965.519,,,,,,422.972,1542.547,,,,1669.86,90.0,arm_freq_capped_now|currently_throttled|arm_freq_capped_occurred|throttling_occurred|soft_temp_limit_occurred,1,,16,57,drone-pi,aarch64,Raspberry Pi 5 Model B Rev 1.0,true,4
1,llama-3.2-1b-instruct-Q4_K_M,0114,43,,,end_of_speech,2556.507,,,,,,662.665,1893.842,,,,1669.86,90.6,arm_freq_capped_now|currently_throttled|arm_freq_capped_occurred|throttling_occurred|soft_temp_limit_occurred,1,,20,67,drone-pi,aarch64,Raspberry Pi 5 Model B Rev 1.0,true,4
1,llama-3.2-1b-instruct-Q4_K_M,0145,44,,,end_of_speech,883.458,,,,,,365.537,517.921,,,,1669.86,88.9,arm_freq_capped_now|currently_throttled|arm_freq_capped_occurred|throttling_occurred|soft_temp_limit_occurred,1,,6,54,drone-pi,aarch64,Raspberry Pi 5 Model B Rev 1.0,true,4
1,llama-3.2-1b-instruct-Q4_K_M,0137,45,,,end_of_speech,1452.39,,,,,,365.673,1086.717,,,,1669.86,88.4,arm_freq_capped_now|currently_throttled|arm_freq_capped_occurred|throttling_occurred|soft_temp_limit_occurred,1,,12,57,drone-pi,aarch64,Raspberry Pi 5 Model B Rev 1.0,true,4
1,llama-3.2-1b-instruct-Q4_K_M,0020,46,,,end_of_speech,1211.314,,,,,,333.894,877.42,,,,1669.86,88.9,arm_freq_capped_now|currently_throttled|arm_freq_capped_occurred|throttling_occurred|soft_temp_limit_occurred,1,,10,55,drone-pi,aarch64,Raspberry Pi 5 Model B Rev 1.0,true,4
1,llama-3.2-1b-instruct-Q4_K_M,0080,47,,,end_of_speech,827.262,,,,,,345.404,481.858,,,,1669.86,88.4,arm_freq_capped_now|currently_throttled|arm_freq_capped_occurred|throttling_occurred|soft_temp_limit_occurred,1,,6,53,drone-pi,aarch64,Raspberry Pi 5 Model B Rev 1.0,true,4
1,llama-3.2-1b-instruct-Q4_K_M,0069,48,,,end_of_speech,1420.929,,,,,,333.269,1087.66,,,,1669.86,88.9,arm_freq_capped_now|currently_throttled|arm_freq_capped_occurred|throttling_occurred|soft_temp_limit_occurred,1,,12,55,drone-pi,aarch64,Raspberry Pi 5 Model B Rev 1.0,true,4
1,llama-3.2-1b-instruct-Q4_K_M,0047,49,,,end_of_speech,1555.505,,,,,,462.785,1092.72,,,,1669.86,89.5,arm_freq_capped_now|currently_throttled|arm_freq_capped_occurred|throttling_occurred|soft_temp_limit_occurred,1,,12,60,drone-pi,aarch64,Raspberry Pi 5 Model B Rev 1.0,true,4
1,llama-3.2-1b-instruct-Q4_K_M,0050,50,,,end_of_speech,1553.217,,,,,,495.326,1057.891,,,,1669.86,88.9,arm_freq_capped_now|currently_throttled|arm_freq_capped_occurred|throttling_occurred|soft_temp_limit_occurred,1,,12,59,drone-pi,aarch64,Raspberry Pi 5 Model B Rev 1.0,true,4
1,llama-3.2-1b-instruct-Q4_K_M,0172,51,,,end_of_speech,1971.62,,,,,,526.694,1444.926,,,,1669.86,89.5,arm_freq_capped_now|currently_throttled|arm_freq_capped_occurred|throttling_occurred|soft_temp_limit_occurred,1,,16,61,drone-pi,aarch64,Raspberry Pi 5 Model B Rev 1.0,true,4
1,llama-3.2-1b-instruct-Q4_K_M,0076,52,,,end_of_speech,1227.929,,,,,,312.297,915.632,,,,1669.86,88.4,arm_freq_capped_now|currently_throttled|arm_freq_capped_occurred|throttling_occurred|soft_temp_limit_occurred,1,,10,54,drone-pi,aarch64,Raspberry Pi 5 Model B Rev 1.0,true,4
1,llama-3.2-1b-instruct-Q4_K_M,0180,53,,,end_of_speech,2679.487,,,,,,493.742,2185.745,,,,1669.86,89.5,arm_freq_capped_now|currently_throttled|arm_freq_capped_occurred|throttling_occurred|soft_temp_limit_occurred,1,,22,61,drone-pi,aarch64,Raspberry Pi 5 Model B Rev 1.0,true,4
1,llama-3.2-1b-instruct-Q4_K_M,0064,54,,,end_of_speech,1445.526,,,,,,324.695,1120.831,,,,1669.86,89.5,arm_freq_capped_now|currently_throttled|arm_freq_capped_occurred|throttling_occurred|soft_temp_limit_occurred,1,,12,54,drone-pi,aarch64,Raspberry Pi 5 Model B Rev 1.0,true,4
1,llama-3.2-1b-instruct-Q4_K_M,0022,55,,,end_of_speech,1890.062,,,,,,344.903,1545.159,,,,1669.86,90.0,arm_freq_capped_now|currently_throttled|arm_freq_capped_occurred|throttling_occurred|soft_temp_limit_occurred,1,,16,54,drone-pi,aarch64,Raspberry Pi 5 Model B Rev 1.0,true,4
1,llama-3.2-1b-instruct-Q4_K_M,0149,56,,,end_of_speech,2566.065,,,,,,443.258,2122.807,,,,1669.86,88.9,arm_freq_capped_now|currently_throttled|arm_freq_capped_occurred|throttling_occurred|soft_temp_limit_occurred,1,,22,58,drone-pi,aarch64,Raspberry Pi 5 Model B Rev 1.0,true,4
1,llama-3.2-1b-instruct-Q4_K_M,0169,57,,,end_of_speech,2455.835,,,,,,547.432,1908.403,,,,1669.86,88.9,arm_freq_capped_now|currently_throttled|arm_freq_capped_occurred|throttling_occurred|soft_temp_limit_occurred,1,,20,63,drone-pi,aarch64,Raspberry Pi 5 Model B Rev 1.0,true,4
1,llama-3.2-1b-instruct-Q4_K_M,0152,58,,,end_of_speech,1484.544,,,,,,431.261,1053.283,,,,1669.86,88.9,arm_freq_capped_now|currently_throttled|arm_freq_capped_occurred|throttling_occurred|soft_temp_limit_occurred,1,,12,59,drone-pi,aarch64,Raspberry Pi 5 Model B Rev 1.0,true,4
1,llama-3.2-1b-instruct-Q4_K_M,0010,59,,,end_of_speech,3354.708,,,,,,752.318,2602.39,,,,1669.86,89.5,arm_freq_capped_now|currently_throttled|arm_freq_capped_occurred|throttling_occurred|soft_temp_limit_occurred,1,,26,72,drone-pi,aarch64,Raspberry Pi 5 Model B Rev 1.0,true,4
1,qwen2.5-0.5b-instruct-Q4_K_M-warmup,0151,0,,,end_of_speech,1494.143,,,,,,838.525,655.618,,,,664.95,86.7,arm_freq_capped_now|currently_throttled|arm_freq_capped_occurred|throttling_occurred|soft_temp_limit_occurred,1,,14,37,drone-pi,aarch64,Raspberry Pi 5 Model B Rev 1.0,true,4
1,qwen2.5-0.5b-instruct-Q4_K_M-warmup,0162,1,,,end_of_speech,1679.141,,,,,,668.221,1010.92,,,,665.12,88.9,arm_freq_capped_now|currently_throttled|arm_freq_capped_occurred|throttling_occurred|soft_temp_limit_occurred,1,,21,51,drone-pi,aarch64,Raspberry Pi 5 Model B Rev 1.0,true,4
1,qwen2.5-0.5b-instruct-Q4_K_M-warmup,0182,2,,,end_of_speech,564.349,,,,,,311.485,252.864,,,,665.25,88.9,arm_freq_capped_now|currently_throttled|arm_freq_capped_occurred|throttling_occurred|soft_temp_limit_occurred,1,,6,35,drone-pi,aarch64,Raspberry Pi 5 Model B Rev 1.0,true,4
1,qwen2.5-0.5b-instruct-Q4_K_M-warmup,0072,3,,,end_of_speech,804.901,,,,,,248.882,556.019,,,,665.36,88.9,arm_freq_capped_now|currently_throttled|arm_freq_capped_occurred|throttling_occurred|soft_temp_limit_occurred,1,,12,32,drone-pi,aarch64,Raspberry Pi 5 Model B Rev 1.0,true,4
1,qwen2.5-0.5b-instruct-Q4_K_M-warmup,0033,4,,,end_of_speech,845.829,,,,,,392.3,453.529,,,,665.44,87.8,arm_freq_capped_now|currently_throttled|arm_freq_capped_occurred|throttling_occurred|soft_temp_limit_occurred,1,,10,37,drone-pi,aarch64,Raspberry Pi 5 Model B Rev 1.0,true,4
1,qwen2.5-0.5b-instruct-Q4_K_M-warmup,0116,5,,,end_of_speech,1412.236,,,,,,524.668,887.568,,,,665.45,88.4,arm_freq_capped_now|currently_throttled|arm_freq_capped_occurred|throttling_occurred|soft_temp_limit_occurred,1,,18,43,drone-pi,aarch64,Raspberry Pi 5 Model B Rev 1.0,true,4
1,qwen2.5-0.5b-instruct-Q4_K_M-warmup,0105,6,,,end_of_speech,1412.219,,,,,,436.239,975.98,,,,665.47,88.4,arm_freq_capped_now|currently_throttled|arm_freq_capped_occurred|throttling_occurred|soft_temp_limit_occurred,1,,19,39,drone-pi,aarch64,Raspberry Pi 5 Model B Rev 1.0,true,4
1,qwen2.5-0.5b-instruct-Q4_K_M-warmup,0089,7,,,end_of_speech,2353.555,,,,,,833.099,1520.456,,,,666.16,88.9,arm_freq_capped_now|currently_throttled|arm_freq_capped_occurred|throttling_occurred|soft_temp_limit_occurred,1,,28,56,drone-pi,aarch64,Raspberry Pi 5 Model B Rev 1.0,true,4
1,qwen2.5-0.5b-instruct-Q4_K_M-warmup,0062,8,,,end_of_speech,932.484,,,,,,334.755,597.729,,,,667.14,88.4,arm_freq_capped_now|currently_throttled|arm_freq_capped_occurred|throttling_occurred|soft_temp_limit_occurred,1,,12,36,drone-pi,aarch64,Raspberry Pi 5 Model B Rev 1.0,true,4
1,qwen2.5-0.5b-instruct-Q4_K_M-warmup,0113,9,,,end_of_speech,2043.709,,,,,,547.133,1496.576,,,,667.72,87.8,arm_freq_capped_now|currently_throttled|arm_freq_capped_occurred|throttling_occurred|soft_temp_limit_occurred,1,,28,44,drone-pi,aarch64,Raspberry Pi 5 Model B Rev 1.0,true,4
1,qwen2.5-0.5b-instruct-Q4_K_M-warmup,0193,10,,,end_of_speech,1843.049,,,,,,657.876,1185.173,,,,668.56,89.5,arm_freq_capped_now|currently_throttled|arm_freq_capped_occurred|throttling_occurred|soft_temp_limit_occurred,1,,22,47,drone-pi,aarch64,Raspberry Pi 5 Model B Rev 1.0,true,4
1,qwen2.5-0.5b-instruct-Q4_K_M-warmup,0006,11,,,end_of_speech,566.819,,,,,,282.6,284.219,,,,669.38,89.5,arm_freq_capped_now|currently_throttled|arm_freq_capped_occurred|throttling_occurred|soft_temp_limit_occurred,1,,6,32,drone-pi,aarch64,Raspberry Pi 5 Model B Rev 1.0,true,4
1,qwen2.5-0.5b-instruct-Q4_K_M-warmup,0196,12,,,end_of_speech,1136.937,,,,,,458.45,678.487,,,,669.38,88.4,arm_freq_capped_now|currently_throttled|arm_freq_capped_occurred|throttling_occurred|soft_temp_limit_occurred,1,,13,39,drone-pi,aarch64,Raspberry Pi 5 Model B Rev 1.0,true,4
1,qwen2.5-0.5b-instruct-Q4_K_M-warmup,0186,13,,,end_of_speech,1477.722,,,,,,444.086,1033.636,,,,669.97,90.0,arm_freq_capped_now|currently_throttled|arm_freq_capped_occurred|throttling_occurred|soft_temp_limit_occurred,1,,20,40,drone-pi,aarch64,Raspberry Pi 5 Model B Rev 1.0,true,4
1,qwen2.5-0.5b-instruct-Q4_K_M-warmup,0075,14,,,end_of_speech,2238.476,,,,,,840.563,1397.913,,,,670.67,89.5,arm_freq_capped_now|currently_throttled|arm_freq_capped_occurred|throttling_occurred|soft_temp_limit_occurred,1,,26,53,drone-pi,aarch64,Raspberry Pi 5 Model B Rev 1.0,true,4
1,qwen2.5-0.5b-instruct-Q4_K_M-warmup,0131,15,,,end_of_speech,1893.904,,,,,,676.978,1216.926,,,,671.58,88.9,arm_freq_capped_now|currently_throttled|arm_freq_capped_occurred|throttling_occurred|soft_temp_limit_occurred,1,,22,47,drone-pi,aarch64,Raspberry Pi 5 Model B Rev 1.0,true,4
1,qwen2.5-0.5b-instruct-Q4_K_M-warmup,0121,16,,,end_of_speech,896.23,,,,,,260.068,636.162,,,,672.38,88.9,arm_freq_capped_now|currently_throttled|arm_freq_capped_occurred|throttling_occurred|soft_temp_limit_occurred,1,,13,31,drone-pi,aarch64,Raspberry Pi 5 Model B Rev 1.0,true,4
1,qwen2.5-0.5b-instruct-Q4_K_M-warmup,0101,17,,,end_of_speech,1533.632,,,,,,551.735,981.897,,,,672.38,89.5,arm_freq_capped_now|currently_throttled|arm_freq_capped_occurred|throttling_occurred|soft_temp_limit_occurred,1,,18,40,drone-pi,aarch64,Raspberry Pi 5 Model B Rev 1.0,true,4
1,qwen2.5-0.5b-instruct-Q4_K_M-warmup,0032,18,,,end_of_speech,521.157,,,,,,258.598,262.559,,,,673.05,89.5,arm_freq_capped_now|currently_throttled|arm_freq_capped_occurred|throttling_occurred|soft_temp_limit_occurred,1,,6,31,drone-pi,aarch64,Raspberry Pi 5 Model B Rev 1.0,true,4
1,qwen2.5-0.5b-instruct-Q4_K_M-warmup,0018,19,,,end_of_speech,556.465,,,,,,272.3,284.165,,,,673.05,88.9,arm_freq_capped_now|currently_throttled|arm_freq_capped_occurred|throttling_occurred|soft_temp_limit_occurred,1,,6,33,drone-pi,aarch64,Raspberry Pi 5 Model B Rev 1.0,true,4
1,qwen2.5-0.5b-instruct-Q4_K_M-warmup,0049,20,,,end_of_speech,1911.079,,,,,,581.057,1330.022,,,,673.05,88.9,arm_freq_capped_now|currently_throttled|arm_freq_capped_occurred|throttling_occurred|soft_temp_limit_occurred,1,,24,44,drone-pi,aarch64,Raspberry Pi 5 Model B Rev 1.0,true,4
1,qwen2.5-0.5b-instruct-Q4_K_M-warmup,0065,21,,,end_of_speech,2269.819,,,,,,759.582,1510.237,,,,673.84,88.4,arm_freq_capped_now|currently_throttled|arm_freq_capped_occurred|throttling_occurred|soft_temp_limit_occurred,1,,27,51,drone-pi,aarch64,Raspberry Pi 5 Model B Rev 1.0,true,4
1,qwen2.5-0.5b-instruct-Q4_K_M-warmup,0110,22,,,end_of_speech,1898.663,,,,,,574.082,1324.581,,,,674.73,90.0,arm_freq_capped_now|currently_throttled|arm_freq_capped_occurred|throttling_occurred|soft_temp_limit_occurred,1,,24,44,drone-pi,aarch64,Raspberry Pi 5 Model B Rev 1.0,true,4
1,qwen2.5-0.5b-instruct-Q4_K_M-warmup,0048,23,,,end_of_speech,487.65,,,,,,235.054,252.596,,,,675.53,89.5,arm_freq_capped_now|currently_throttled|arm_freq_capped_occurred|throttling_occurred|soft_temp_limit_occurred,1,,6,30,drone-pi,aarch64,Raspberry Pi 5 Model B Rev 1.0,true,4
1,qwen2.5-0.5b-instruct-Q4_K_M-warmup,0097,24,,,end_of_speech,632.612,,,,,,373.207,259.405,,,,675.53,90.6,arm_freq_capped_now|currently_throttled|arm_freq_capped_occurred|throttling_occurred|soft_temp_limit_occurred,1,,6,35,drone-pi,aarch64,Raspberry Pi 5 Model B Rev 1.0,true,4
1,qwen2.5-0.5b-instruct-Q4_K_M-warmup,0127,25,,,end_of_speech,1256.756,,,,,,470.267,786.489,,,,675.53,88.9,arm_freq_capped_now|currently_throttled|arm_freq_capped_occurred|throttling_occurred|soft_temp_limit_occurred,1,,14,38,drone-pi,aarch64,Raspberry Pi 5 Model B Rev 1.0,true,4
1,qwen2.5-0.5b-instruct-Q4_K_M-warmup,0123,26,,,end_of_speech,1545.479,,,,,,435.553,1109.926,,,,676.12,88.9,arm_freq_capped_now|currently_throttled|arm_freq_capped_occurred|throttling_occurred|soft_temp_limit_occurred,1,,20,39,drone-pi,aarch64,Raspberry Pi 5 Model B Rev 1.0,true,4
1,qwen2.5-0.5b-instruct-Q4_K_M-warmup,0144,27,,,end_of_speech,1142.085,,,,,,420.588,721.497,,,,676.81,88.4,arm_freq_capped_now|currently_throttled|arm_freq_capped_occurred|throttling_occurred|soft_temp_limit_occurred,1,,13,38,drone-pi,aarch64,Raspberry Pi 5 Model B Rev 1.0,true,4
1,qwen2.5-0.5b-instruct-Q4_K_M-warmup,0057,28,,,end_of_speech,613.742,,,,,,305.865,307.877,,,,677.39,87.8,arm_freq_capped_now|currently_throttled|arm_freq_capped_occurred|throttling_occurred|soft_temp_limit_occurred,1,,6,33,drone-pi,aarch64,Raspberry Pi 5 Model B Rev 1.0,true,4
1,qwen2.5-0.5b-instruct-Q4_K_M-warmup,0083,29,,,end_of_speech,1330.817,,,,,,494.341,836.476,,,,677.39,90.6,arm_freq_capped_now|currently_throttled|arm_freq_capped_occurred|throttling_occurred|soft_temp_limit_occurred,1,,17,40,drone-pi,aarch64,Raspberry Pi 5 Model B Rev 1.0,true,4
1,qwen2.5-0.5b-instruct-Q4_K_M-warmup,0168,30,,,end_of_speech,793.38,,,,,,308.533,484.847,,,,678.05,89.5,arm_freq_capped_now|currently_throttled|arm_freq_capped_occurred|throttling_occurred|soft_temp_limit_occurred,1,,10,34,drone-pi,aarch64,Raspberry Pi 5 Model B Rev 1.0,true,4
1,qwen2.5-0.5b-instruct-Q4_K_M-warmup,0134,31,,,end_of_speech,1575.972,,,,,,692.231,883.741,,,,678.06,89.5,arm_freq_capped_now|currently_throttled|arm_freq_capped_occurred|throttling_occurred|soft_temp_limit_occurred,1,,17,49,drone-pi,aarch64,Raspberry Pi 5 Model B Rev 1.0,true,4
1,qwen2.5-0.5b-instruct-Q4_K_M-warmup,0128,32,,,end_of_speech,1731.56,,,,,,580.885,1150.675,,,,678.83,88.4,arm_freq_capped_now|currently_throttled|arm_freq_capped_occurred|throttling_occurred|soft_temp_limit_occurred,1,,20,44,drone-pi,aarch64,Raspberry Pi 5 Model B Rev 1.0,true,4
1,qwen2.5-0.5b-instruct-Q4_K_M-warmup,0092,33,,,end_of_speech,1254.461,,,,,,361.695,892.766,,,,679.58,90.0,arm_freq_capped_now|currently_throttled|arm_freq_capped_occurred|throttling_occurred|soft_temp_limit_occurred,1,,17,36,drone-pi,aarch64,Raspberry Pi 5 Model B Rev 1.0,true,4
1,qwen2.5-0.5b-instruct-Q4_K_M-warmup,0120,34,,,end_of_speech,1839.295,,,,,,818.788,1020.507,,,,679.58,88.9,arm_freq_capped_now|currently_throttled|arm_freq_capped_occurred|throttling_occurred|soft_temp_limit_occurred,1,,20,52,drone-pi,aarch64,Raspberry Pi 5 Model B Rev 1.0,true,4
1,qwen2.5-0.5b-instruct-Q4_K_M-warmup,0059,35,,,end_of_speech,1525.745,,,,,,524.783,1000.962,,,,680.41,89.5,arm_freq_capped_now|currently_throttled|arm_freq_capped_occurred|throttling_occurred|soft_temp_limit_occurred,1,,19,43,drone-pi,aarch64,Raspberry Pi 5 Model B Rev 1.0,true,4
1,qwen2.5-0.5b-instruct-Q4_K_M-warmup,0141,36,,,end_of_speech,1755.575,,,,,,704.731,1050.844,,,,681.12,89.5,arm_freq_capped_now|currently_throttled|arm_freq_capped_occurred|throttling_occurred|soft_temp_limit_occurred,1,,19,49,drone-pi,aarch64,Raspberry Pi 5 Model B Rev 1.0,true,4
1,qwen2.5-0.5b-instruct-Q4_K_M-warmup,0108,37,,,end_of_speech,1086.583,,,,,,468.967,617.616,,,,681.91,89.5,arm_freq_capped_now|currently_throttled|arm_freq_capped_occurred|throttling_occurred|soft_temp_limit_occurred,1,,12,39,drone-pi,aarch64,Raspberry Pi 5 Model B Rev 1.0,true,4
1,qwen2.5-0.5b-instruct-Q4_K_M-warmup,0159,38,,,end_of_speech,1465.14,,,,,,458.952,1006.188,,,,681.92,88.4,arm_freq_capped_now|currently_throttled|arm_freq_capped_occurred|throttling_occurred|soft_temp_limit_occurred,1,,17,39,drone-pi,aarch64,Raspberry Pi 5 Model B Rev 1.0,true,4
1,qwen2.5-0.5b-instruct-Q4_K_M-warmup,0056,39,,,end_of_speech,1423.825,,,,,,516.902,906.923,,,,682.56,88.9,arm_freq_capped_now|currently_throttled|arm_freq_capped_occurred|throttling_occurred|soft_temp_limit_occurred,1,,17,41,drone-pi,aarch64,Raspberry Pi 5 Model B Rev 1.0,true,4
1,qwen2.5-0.5b-instruct-Q4_K_M-warmup,0009,40,,,end_of_speech,617.487,,,,,,334.777,282.71,,,,683.25,90.0,arm_freq_capped_now|currently_throttled|arm_freq_capped_occurred|throttling_occurred|soft_temp_limit_occurred,1,,6,36,drone-pi,aarch64,Raspberry Pi 5 Model B Rev 1.0,true,4
1,qwen2.5-0.5b-instruct-Q4_K_M-warmup,0038,41,,,end_of_speech,2457.148,,,,,,823.616,1633.532,,,,683.25,88.9,arm_freq_capped_now|currently_throttled|arm_freq_capped_occurred|throttling_occurred|soft_temp_limit_occurred,1,,29,54,drone-pi,aarch64,Raspberry Pi 5 Model B Rev 1.0,true,4
1,qwen2.5-0.5b-instruct-Q4_K_M-warmup,0167,42,,,end_of_speech,1311.731,,,,,,425.375,886.356,,,,684.22,90.0,arm_freq_capped_now|currently_throttled|arm_freq_capped_occurred|throttling_occurred|soft_temp_limit_occurred,1,,17,37,drone-pi,aarch64,Raspberry Pi 5 Model B Rev 1.0,true,4
1,qwen2.5-0.5b-instruct-Q4_K_M-warmup,0114,43,,,end_of_speech,1682.402,,,,,,597.573,1084.829,,,,684.84,88.4,arm_freq_capped_now|currently_throttled|arm_freq_capped_occurred|throttling_occurred|soft_temp_limit_occurred,1,,20,46,drone-pi,aarch64,Raspberry Pi 5 Model B Rev 1.0,true,4
1,qwen2.5-0.5b-instruct-Q4_K_M-warmup,0145,44,,,end_of_speech,590.031,,,,,,314.173,275.858,,,,684.84,90.6,arm_freq_capped_now|currently_throttled|arm_freq_capped_occurred|throttling_occurred|soft_temp_limit_occurred,1,,6,33,drone-pi,aarch64,Raspberry Pi 5 Model B Rev 1.0,true,4
1,qwen2.5-0.5b-instruct-Q4_K_M-warmup,0137,45,,,end_of_speech,986.779,,,,,,371.12,615.659,,,,684.84,87.8,arm_freq_capped_now|currently_throttled|arm_freq_capped_occurred|throttling_occurred|soft_temp_limit_occurred,1,,12,36,drone-pi,aarch64,Raspberry Pi 5 Model B Rev 1.0,true,4
1,qwen2.5-0.5b-instruct-Q4_K_M-warmup,0020,46,,,end_of_speech,806.82,,,,,,321.959,484.861,,,,685.39,87.8,arm_freq_capped_now|currently_throttled|arm_freq_capped_occurred|throttling_occurred|soft_temp_limit_occurred,1,,10,34,drone-pi,aarch64,Raspberry Pi 5 Model B Rev 1.0,true,4
1,qwen2.5-0.5b-instruct-Q4_K_M-warmup,0080,47,,,end_of_speech,632.955,,,,,,316.108,316.847,,,,685.39,88.4,arm_freq_capped_now|currently_throttled|arm_freq_capped_occurred|throttling_occurred|soft_temp_limit_occurred,1,,6,32,drone-pi,aarch64,Raspberry Pi 5 Model B Rev 1.0,true,4
1,qwen2.5-0.5b-instruct-Q4_K_M-warmup,0069,48,,,end_of_speech,1021.074,,,,,,336.655,684.419,,,,685.39,88.4,arm_freq_capped_now|currently_throttled|arm_freq_capped_occurred|throttling_occurred|soft_temp_limit_occurred,1,,13,34,drone-pi,aarch64,Raspberry Pi 5 Model B Rev 1.0,true,4
1,qwen2.5-0.5b-instruct-Q4_K_M-warmup,0047,49,,,end_of_speech,1078.121,,,,,,435.53,642.591,,,,685.94,88.9,arm_freq_capped_now|currently_throttled|arm_freq_capped_occurred|throttling_occurred|soft_temp_limit_occurred,1,,12,39,drone-pi,aarch64,Raspberry Pi 5 Model B Rev 1.0,true,4
1,qwen2.5-0.5b-instruct-Q4_K_M-warmup,0050,50,,,end_of_speech,1026.703,,,,,,417.63,609.073,,,,686.52,89.5,arm_freq_capped_now|currently_throttled|arm_freq_capped_occurred|throttling_occurred|soft_temp_limit_occurred,1,,12,38,drone-pi,aarch64,Raspberry Pi 5 Model B Rev 1.0,true,4
1,qwen2.5-0.5b-instruct-Q4_K_M-warmup,0172,51,,,end_of_speech,1370.237,,,,,,484.231,886.006,,,,687.09,90.0,arm_freq_capped_now|currently_throttled|arm_freq_capped_occurred|throttling_occurred|soft_temp_limit_occurred,1,,17,41,drone-pi,aarch64,Raspberry Pi 5 Model B Rev 1.0,true,4
1,qwen2.5-0.5b-instruct-Q4_K_M-warmup,0076,52,,,end_of_speech,832.637,,,,,,331.528,501.109,,,,687.77,89.5,arm_freq_capped_now|currently_throttled|arm_freq_capped_occurred|throttling_occurred|soft_temp_limit_occurred,1,,10,33,drone-pi,aarch64,Raspberry Pi 5 Model B Rev 1.0,true,4
1,qwen2.5-0.5b-instruct-Q4_K_M-warmup,0180,53,,,end_of_speech,1747.28,,,,,,525.081,1222.199,,,,687.77,88.4,arm_freq_capped_now|currently_throttled|arm_freq_capped_occurred|throttling_occurred|soft_temp_limit_occurred,1,,22,41,drone-pi,aarch64,Raspberry Pi 5 Model B Rev 1.0,true,4
1,qwen2.5-0.5b-instruct-Q4_K_M-warmup,0064,54,,,end_of_speech,986.138,,,,,,243.147,742.991,,,,688.48,88.9,arm_freq_capped_now|currently_throttled|arm_freq_capped_occurred|throttling_occurred|soft_temp_limit_occurred,1,,13,33,drone-pi,aarch64,Raspberry Pi 5 Model B Rev 1.0,true,4
1,qwen2.5-0.5b-instruct-Q4_K_M-warmup,0022,55,,,end_of_speech,1252.571,,,,,,320.606,931.965,,,,688.48,88.9,arm_freq_capped_now|currently_throttled|arm_freq_capped_occurred|throttling_occurred|soft_temp_limit_occurred,1,,17,34,drone-pi,aarch64,Raspberry Pi 5 Model B Rev 1.0,true,4
1,qwen2.5-0.5b-instruct-Q4_K_M-warmup,0149,56,,,end_of_speech,1577.925,,,,,,397.99,1179.935,,,,689.08,88.9,arm_freq_capped_now|currently_throttled|arm_freq_capped_occurred|throttling_occurred|soft_temp_limit_occurred,1,,22,37,drone-pi,aarch64,Raspberry Pi 5 Model B Rev 1.0,true,4
1,qwen2.5-0.5b-instruct-Q4_K_M-warmup,0169,57,,,end_of_speech,1641.284,,,,,,425.819,1215.465,,,,689.75,88.9,arm_freq_capped_now|currently_throttled|arm_freq_capped_occurred|throttling_occurred|soft_temp_limit_occurred,1,,22,42,drone-pi,aarch64,Raspberry Pi 5 Model B Rev 1.0,true,4
1,qwen2.5-0.5b-instruct-Q4_K_M-warmup,0152,58,,,end_of_speech,1017.594,,,,,,401.794,615.8,,,,690.5,88.9,arm_freq_capped_now|currently_throttled|arm_freq_capped_occurred|throttling_occurred|soft_temp_limit_occurred,1,,12,38,drone-pi,aarch64,Raspberry Pi 5 Model B Rev 1.0,true,4
1,qwen2.5-0.5b-instruct-Q4_K_M-warmup,0010,59,,,end_of_speech,2310.301,,,,,,701.105,1609.196,,,,690.52,87.8,arm_freq_capped_now|currently_throttled|arm_freq_capped_occurred|throttling_occurred|soft_temp_limit_occurred,1,,28,53,drone-pi,aarch64,Raspberry Pi 5 Model B Rev 1.0,true,4
1,qwen2.5-0.5b-instruct-Q4_K_M-warmup,0151,60,,,end_of_speech,1116.995,,,,,,327.428,789.567,,,,691.47,89.5,arm_freq_capped_now|currently_throttled|arm_freq_capped_occurred|throttling_occurred|soft_temp_limit_occurred,1,,14,37,drone-pi,aarch64,Raspberry Pi 5 Model B Rev 1.0,true,4
1,qwen2.5-0.5b-instruct-Q4_K_M-warmup,0162,61,,,end_of_speech,1185.581,,,,,,50.649,1134.932,,,,691.47,88.4,arm_freq_capped_now|currently_throttled|arm_freq_capped_occurred|throttling_occurred|soft_temp_limit_occurred,1,,21,51,drone-pi,aarch64,Raspberry Pi 5 Model B Rev 1.0,true,4
1,qwen2.5-0.5b-instruct-Q4_K_M-warmup,0182,62,,,end_of_speech,667.548,,,,,,391.552,275.996,,,,691.47,89.5,arm_freq_capped_now|currently_throttled|arm_freq_capped_occurred|throttling_occurred|soft_temp_limit_occurred,1,,6,35,drone-pi,aarch64,Raspberry Pi 5 Model B Rev 1.0,true,4
1,qwen2.5-0.5b-instruct-Q4_K_M-warmup,0072,63,,,end_of_speech,866.954,,,,,,248.815,618.139,,,,691.47,90.0,arm_freq_capped_now|currently_throttled|arm_freq_capped_occurred|throttling_occurred|soft_temp_limit_occurred,1,,12,32,drone-pi,aarch64,Raspberry Pi 5 Model B Rev 1.0,true,4
1,qwen2.5-0.5b-instruct-Q4_K_M-warmup,0033,64,,,end_of_speech,910.228,,,,,,392.776,517.452,,,,691.47,89.5,arm_freq_capped_now|currently_throttled|arm_freq_capped_occurred|throttling_occurred|soft_temp_limit_occurred,1,,10,37,drone-pi,aarch64,Raspberry Pi 5 Model B Rev 1.0,true,4
1,qwen2.5-0.5b-instruct-Q4_K_M-warmup,0116,65,,,end_of_speech,1541.744,,,,,,590.018,951.726,,,,691.47,88.4,arm_freq_capped_now|currently_throttled|arm_freq_capped_occurred|throttling_occurred|soft_temp_limit_occurred,1,,18,43,drone-pi,aarch64,Raspberry Pi 5 Model B Rev 1.0,true,4
1,qwen2.5-0.5b-instruct-Q4_K_M-warmup,0105,66,,,end_of_speech,1049.224,,,,,,50.913,998.311,,,,692.17,88.9,arm_freq_capped_now|currently_throttled|arm_freq_capped_occurred|throttling_occurred|soft_temp_limit_occurred,1,,19,39,drone-pi,aarch64,Raspberry Pi 5 Model B Rev 1.0,true,4
1,qwen2.5-0.5b-instruct-Q4_K_M-warmup,0089,67,,,end_of_speech,1600.849,,,,,,50.82,1550.029,,,,692.17,88.4,arm_freq_capped_now|currently_throttled|arm_freq_capped_occurred|throttling_occurred|soft_temp_limit_occurred,1,,28,56,drone-pi,aarch64,Raspberry Pi 5 Model B Rev 1.0,true,4
1,qwen2.5-0.5b-instruct-Q4_K_M-warmup,0062,68,,,end_of_speech,668.372,,,,,,50.748,617.624,,,,692.17,88.4,arm_freq_capped_now|currently_throttled|arm_freq_capped_occurred|throttling_occurred|soft_temp_limit_occurred,1,,12,36,drone-pi,aarch64,Raspberry Pi 5 Model B Rev 1.0,true,4
1,qwen2.5-0.5b-instruct-Q4_K_M-warmup,0113,69,,,end_of_speech,1590.979,,,,,,50.795,1540.184,,,,692.17,90.0,arm_freq_capped_now|currently_throttled|arm_freq_capped_occurred|throttling_occurred|soft_temp_limit_occurred,1,,28,44,drone-pi,aarch64,Raspberry Pi 5 Model B Rev 1.0,true,4
1,qwen2.5-0.5b-instruct-Q4_K_M-warmup,0193,70,,,end_of_speech,1786.038,,,,,,663.953,1122.085,,,,692.17,90.6,arm_freq_capped_now|currently_throttled|arm_freq_capped_occurred|throttling_occurred|soft_temp_limit_occurred,1,,22,47,drone-pi,aarch64,Raspberry Pi 5 Model B Rev 1.0,true,4
1,qwen2.5-0.5b-instruct-Q4_K_M-warmup,0006,71,,,end_of_speech,596.291,,,,,,308.284,288.007,,,,692.17,88.4,arm_freq_capped_now|currently_throttled|arm_freq_capped_occurred|throttling_occurred|soft_temp_limit_occurred,1,,6,32,drone-pi,aarch64,Raspberry Pi 5 Model B Rev 1.0,true,4
1,qwen2.5-0.5b-instruct-Q4_K_M-warmup,0196,72,,,end_of_speech,1204.419,,,,,,502.1,702.319,,,,692.17,90.0,arm_freq_capped_now|currently_throttled|arm_freq_capped_occurred|throttling_occurred|soft_temp_limit_occurred,1,,13,39,drone-pi,aarch64,Raspberry Pi 5 Model B Rev 1.0,true,4
1,qwen2.5-0.5b-instruct-Q4_K_M-warmup,0186,73,,,end_of_speech,1127.268,,,,,,74.163,1053.105,,,,692.17,88.4,arm_freq_capped_now|currently_throttled|arm_freq_capped_occurred|throttling_occurred|soft_temp_limit_occurred,1,,20,40,drone-pi,aarch64,Raspberry Pi 5 Model B Rev 1.0,true,4
1,qwen2.5-0.5b-instruct-Q4_K_M-warmup,0075,74,,,end_of_speech,1405.031,,,,,,50.635,1354.396,,,,692.17,88.9,arm_freq_capped_now|currently_throttled|arm_freq_capped_occurred|throttling_occurred|soft_temp_limit_occurred,1,,26,53,drone-pi,aarch64,Raspberry Pi 5 Model B Rev 1.0,true,4
1,qwen2.5-0.5b-instruct-Q4_K_M-warmup,0131,75,,,end_of_speech,1235.176,,,,,,50.437,1184.739,,,,692.17,90.6,arm_freq_capped_now|currently_throttled|arm_freq_capped_occurred|throttling_occurred|soft_temp_limit_occurred,1,,22,47,drone-pi,aarch64,Raspberry Pi 5 Model B Rev 1.0,true,4
1,qwen2.5-0.5b-instruct-Q4_K_M-warmup,0121,76,,,end_of_speech,895.87,,,,,,227.411,668.459,,,,692.17,88.9,arm_freq_capped_now|currently_throttled|arm_freq_capped_occurred|throttling_occurred|soft_temp_limit_occurred,1,,13,31,drone-pi,aarch64,Raspberry Pi 5 Model B Rev 1.0,true,4
1,qwen2.5-0.5b-instruct-Q4_K_M-warmup,0101,77,,,end_of_speech,1420.784,,,,,,458.903,961.881,,,,692.17,90.0,arm_freq_capped_now|currently_throttled|arm_freq_capped_occurred|throttling_occurred|soft_temp_limit_occurred,1,,18,40,drone-pi,aarch64,Raspberry Pi 5 Model B Rev 1.0,true,4
1,qwen2.5-0.5b-instruct-Q4_K_M-warmup,0032,78,,,end_of_speech,537.905,,,,,,284.555,253.35,,,,692.17,90.0,arm_freq_capped_now|currently_throttled|arm_freq_capped_occurred|throttling_occurred|soft_temp_limit_occurred,1,,6,31,drone-pi,aarch64,Raspberry Pi 5 Model B Rev 1.0,true,4
1,qwen2.5-0.5b-instruct-Q4_K_M-warmup,0018,79,,,end_of_speech,651.736,,,,,,398.64,253.096,,,,692.17,90.0,arm_freq_capped_now|currently_throttled|arm_freq_capped_occurred|throttling_occurred|soft_temp_limit_occurred,1,,6,33,drone-pi,aarch64,Raspberry Pi 5 Model B Rev 1.0,true,4
1,qwen2.5-0.5b-instruct-Q4_K_M-warmup,0049,80,,,end_of_speech,1960.033,,,,,,666.397,1293.636,,,,692.17,88.9,arm_freq_capped_now|currently_throttled|arm_freq_capped_occurred|throttling_occurred|soft_temp_limit_occurred,1,,24,44,drone-pi,aarch64,Raspberry Pi 5 Model B Rev 1.0,true,4
1,qwen2.5-0.5b-instruct-Q4_K_M-warmup,0065,81,,,end_of_speech,1518.453,,,,,,50.429,1468.024,,,,692.17,88.4,arm_freq_capped_now|currently_throttled|arm_freq_capped_occurred|throttling_occurred|soft_temp_limit_occurred,1,,27,51,drone-pi,aarch64,Raspberry Pi 5 Model B Rev 1.0,true,4
1,qwen2.5-0.5b-instruct-Q4_K_M-warmup,0110,82,,,end_of_speech,1351.756,,,,,,50.526,1301.23,,,,692.17,89.5,arm_freq_capped_now|currently_throttled|arm_freq_capped_occurred|throttling_occurred|soft_temp_limit_occurred,1,,24,44,drone-pi,aarch64,Raspberry Pi 5 Model B Rev 1.0,true,4
1,qwen2.5-0.5b-instruct-Q4_K_M-warmup,0048,83,,,end_of_speech,504.626,,,,,,185.0,319.626,,,,692.17,87.8,arm_freq_capped_now|currently_throttled|arm_freq_capped_occurred|throttling_occurred|soft_temp_limit_occurred,1,,6,30,drone-pi,aarch64,Raspberry Pi 5 Model B Rev 1.0,true,4
1,qwen2.5-0.5b-instruct-Q4_K_M-warmup,0097,84,,,end_of_speech,630.632,,,,,,372.747,257.885,,,,692.17,88.4,arm_freq_capped_now|currently_throttled|arm_freq_capped_occurred|throttling_occurred|soft_temp_limit_occurred,1,,6,35,drone-pi,aarch64,Raspberry Pi 5 Model B Rev 1.0,true,4
1,qwen2.5-0.5b-instruct-Q4_K_M-warmup,0127,85,,,end_of_speech,1093.001,,,,,,377.619,715.382,,,,692.17,88.4,arm_freq_capped_now|currently_throttled|arm_freq_capped_occurred|throttling_occurred|soft_temp_limit_occurred,1,,14,38,drone-pi,aarch64,Raspberry Pi 5 Model B Rev 1.0,true,4
1,qwen2.5-0.5b-instruct-Q4_K_M-warmup,0123,86,,,end_of_speech,1164.347,,,,,,50.51,1113.837,,,,692.17,88.4,arm_freq_capped_now|currently_throttled|arm_freq_capped_occurred|throttling_occurred|soft_temp_limit_occurred,1,,20,39,drone-pi,aarch64,Raspberry Pi 5 Model B Rev 1.0,true,4
1,qwen2.5-0.5b-instruct-Q4_K_M-warmup,0144,87,,,end_of_speech,1142.7,,,,,,412.063,730.637,,,,692.17,88.9,arm_freq_capped_now|currently_throttled|arm_freq_capped_occurred|throttling_occurred|soft_temp_limit_occurred,1,,13,38,drone-pi,aarch64,Raspberry Pi 5 Model B Rev 1.0,true,4
1,qwen2.5-0.5b-instruct-Q4_K_M-warmup,0057,88,,,end_of_speech,574.782,,,,,,305.908,268.874,,,,692.77,87.8,arm_freq_capped_now|currently_throttled|arm_freq_capped_occurred|throttling_occurred|soft_temp_limit_occurred,1,,6,33,drone-pi,aarch64,Raspberry Pi 5 Model B Rev 1.0,true,4
1,qwen2.5-0.5b-instruct-Q4_K_M-warmup,0083,89,,,end_of_speech,1489.379,,,,,,492.327,997.052,,,,692.77,90.0,arm_freq_capped_now|currently_throttled|arm_freq_capped_occurred|throttling_occurred|soft_temp_limit_occurred,1,,17,40,drone-pi,aarch64,Raspberry Pi 5 Model B Rev 1.0,true,4
1,qwen2.5-0.5b-instruct-Q4_K_M-warmup,0168,90,,,end_of_speech,767.309,,,,,,308.375,458.934,,,,693.42,90.0,arm_freq_capped_now|currently_throttled|arm_freq_capped_occurred|throttling_occurred|soft_temp_limit_occurred,1,,10,34,drone-pi,aarch64,Raspberry Pi 5 Model B Rev 1.0,true,4
1,qwen2.5-0.5b-instruct-Q4_K_M-warmup,0134,91,,,end_of_speech,1608.937,,,,,,690.801,918.136,,,,693.42,89.5,arm_freq_capped_now|currently_throttled|arm_freq_capped_occurred|throttling_occurred|soft_temp_limit_occurred,1,,17,49,drone-pi,aarch64,Raspberry Pi 5 Model B Rev 1.0,true,4
1,qwen2.5-0.5b-instruct-Q4_K_M-warmup,0128,92,,,end_of_speech,1137.261,,,,,,54.521,1082.74,,,,693.42,90.6,arm_freq_capped_now|currently_throttled|arm_freq_capped_occurred|throttling_occurred|soft_temp_limit_occurred,1,,20,44,drone-pi,aarch64,Raspberry Pi 5 Model B Rev 1.0,true,4
1,qwen2.5-0.5b-instruct-Q4_K_M-warmup,0092,93,,,end_of_speech,1254.922,,,,,,332.512,922.41,,,,693.42,87.8,arm_freq_capped_now|currently_throttled|arm_freq_capped_occurred|throttling_occurred|soft_temp_limit_occurred,1,,17,36,drone-pi,aarch64,Raspberry Pi 5 Model B Rev 1.0,true,4
1,qwen2.5-0.5b-instruct-Q4_K_M-warmup,0120,94,,,end_of_speech,1137.661,,,,,,50.672,1086.989,,,,693.42,88.9,arm_freq_capped_now|currently_throttled|arm_freq_capped_occurred|throttling_occurred|soft_temp_limit_occurred,1,,20,52,drone-pi,aarch64,Raspberry Pi 5 Model B Rev 1.0,true,4
1,qwen2.5-0.5b-instruct-Q4_K_M-warmup,0059,95,,,end_of_speech,1018.722,,,,,,50.577,968.145,,,,693.42,90.0,arm_freq_capped_now|currently_throttled|arm_freq_capped_occurred|throttling_occurred|soft_temp_limit_occurred,1,,19,43,drone-pi,aarch64,Raspberry Pi 5 Model B Rev 1.0,true,4
1,qwen2.5-0.5b-instruct-Q4_K_M-warmup,0141,96,,,end_of_speech,1078.306,,,,,,74.6,1003.706,,,,693.44,89.5,arm_freq_capped_now|currently_throttled|arm_freq_capped_occurred|throttling_occurred|soft_temp_limit_occurred,1,,19,49,drone-pi,aarch64,Raspberry Pi 5 Model B Rev 1.0,true,4
1,qwen2.5-0.5b-instruct-Q4_K_M-warmup,0108,97,,,end_of_speech,698.039,,,,,,50.459,647.58,,,,693.44,89.5,arm_freq_capped_now|currently_throttled|arm_freq_capped_occurred|throttling_occurred|soft_temp_limit_occurred,1,,12,39,drone-pi,aarch64,Raspberry Pi 5 Model B Rev 1.0,true,4
1,qwen2.5-0.5b-instruct-Q4_K_M-warmup,0159,98,,,end_of_speech,978.907,,,,,,50.384,928.523,,,,693.45,89.5,arm_freq_capped_now|currently_throttled|arm_freq_capped_occurred|throttling_occurred|soft_temp_limit_occurred,1,,17,39,drone-pi,aarch64,Raspberry Pi 5 Model B Rev 1.0,true,4
1,qwen2.5-0.5b-instruct-Q4_K_M-warmup,0056,99,,,end_of_speech,982.507,,,,,,50.443,932.064,,,,693.45,89.5,arm_freq_capped_now|currently_throttled|arm_freq_capped_occurred|throttling_occurred|soft_temp_limit_occurred,1,,17,41,drone-pi,aarch64,Raspberry Pi 5 Model B Rev 1.0,true,4
1,qwen2.5-0.5b-instruct-Q4_K_M-warmup,0009,100,,,end_of_speech,685.03,,,,,,407.961,277.069,,,,693.47,90.0,arm_freq_capped_now|currently_throttled|arm_freq_capped_occurred|throttling_occurred|soft_temp_limit_occurred,1,,6,36,drone-pi,aarch64,Raspberry Pi 5 Model B Rev 1.0,true,4
1,qwen2.5-0.5b-instruct-Q4_K_M-warmup,0038,101,,,end_of_speech,2491.2,,,,,,825.01,1666.19,,,,693.47,90.0,arm_freq_capped_now|currently_throttled|arm_freq_capped_occurred|throttling_occurred|soft_temp_limit_occurred,1,,29,54,drone-pi,aarch64,Raspberry Pi 5 Model B Rev 1.0,true,4
1,qwen2.5-0.5b-instruct-Q4_K_M-warmup,0167,102,,,end_of_speech,939.62,,,,,,74.675,864.945,,,,693.47,88.4,arm_freq_capped_now|currently_throttled|arm_freq_capped_occurred|throttling_occurred|soft_temp_limit_occurred,1,,17,37,drone-pi,aarch64,Raspberry Pi 5 Model B Rev 1.0,true,4
1,qwen2.5-0.5b-instruct-Q4_K_M-warmup,0114,103,,,end_of_speech,1627.963,,,,,,559.63,1068.333,,,,693.48,89.5,arm_freq_capped_now|currently_throttled|arm_freq_capped_occurred|throttling_occurred|soft_temp_limit_occurred,1,,20,46,drone-pi,aarch64,Raspberry Pi 5 Model B Rev 1.0,true,4
1,qwen2.5-0.5b-instruct-Q4_K_M-warmup,0145,104,,,end_of_speech,560.544,,,,,,272.412,288.132,,,,693.48,89.5,arm_freq_capped_now|currently_throttled|arm_freq_capped_occurred|throttling_occurred|soft_temp_limit_occurred,1,,6,33,drone-pi,aarch64,Raspberry Pi 5 Model B Rev 1.0,true,4
1,qwen2.5-0.5b-instruct-Q4_K_M-warmup,0137,105,,,end_of_speech,1010.357,,,,,,384.657,625.7,,,,693.48,90.0,arm_freq_capped_now|currently_throttled|arm_freq_capped_occurred|throttling_occurred|soft_temp_limit_occurred,1,,12,36,drone-pi,aarch64,Raspberry Pi 5 Model B Rev 1.0,true,4
1,qwen2.5-0.5b-instruct-Q4_K_M-warmup,0020,106,,,end_of_speech,850.872,,,,,,346.611,504.261,,,,693.48,88.4,arm_freq_capped_now|currently_throttled|arm_freq_capped_occurred|throttling_occurred|soft_temp_limit_occurred,1,,10,34,drone-pi,aarch64,Raspberry Pi 5 Model B Rev 1.0,true,4
1,qwen2.5-0.5b-instruct-Q4_K_M-warmup,0080,107,,,end_of_speech,597.793,,,,,,249.336,348.457,,,,693.48,88.4,arm_freq_capped_now|currently_throttled|arm_freq_capped_occurred|throttling_occurred|soft_temp_limit_occurred,1,,6,32,drone-pi,aarch64,Raspberry Pi 5 Model B Rev 1.0,true,4
1,qwen2.5-0.5b-instruct-Q4_K_M-warmup,0069,108,,,end_of_speech,997.663,,,,,,336.94,660.723,,,,693.48,88.9,arm_freq_capped_now|currently_throttled|arm_freq_capped_occurred|throttling_occurred|soft_temp_limit_occurred,1,,13,34,drone-pi,aarch64,Raspberry Pi 5 Model B Rev 1.0,true,4
1,qwen2.5-0.5b-instruct-Q4_K_M-warmup,0047,109,,,end_of_speech,697.799,,,,,,50.264,647.535,,,,693.48,88.9,arm_freq_capped_now|currently_throttled|arm_freq_capped_occurred|throttling_occurred|soft_temp_limit_occurred,1,,12,39,drone-pi,aarch64,Raspberry Pi 5 Model B Rev 1.0,true,4
1,qwen2.5-0.5b-instruct-Q4_K_M-warmup,0050,110,,,end_of_speech,700.041,,,,,,50.438,649.603,,,,693.48,88.4,arm_freq_capped_now|currently_throttled|arm_freq_capped_occurred|throttling_occurred|soft_temp_limit_occurred,1,,12,38,drone-pi,aarch64,Raspberry Pi 5 Model B Rev 1.0,true,4
1,qwen2.5-0.5b-instruct-Q4_K_M-warmup,0172,111,,,end_of_speech,1015.149,,,,,,50.804,964.345,,,,693.48,88.4,arm_freq_capped_now|currently_throttled|arm_freq_capped_occurred|throttling_occurred|soft_temp_limit_occurred,1,,17,41,drone-pi,aarch64,Raspberry Pi 5 Model B Rev 1.0,true,4
1,qwen2.5-0.5b-instruct-Q4_K_M-warmup,0076,112,,,end_of_speech,824.303,,,,,,339.593,484.71,,,,693.48,89.5,arm_freq_capped_now|currently_throttled|arm_freq_capped_occurred|throttling_occurred|soft_temp_limit_occurred,1,,10,33,drone-pi,aarch64,Raspberry Pi 5 Model B Rev 1.0,true,4
1,qwen2.5-0.5b-instruct-Q4_K_M-warmup,0180,113,,,end_of_speech,1785.051,,,,,,524.167,1260.884,,,,693.48,89.5,arm_freq_capped_now|currently_throttled|arm_freq_capped_occurred|throttling_occurred|soft_temp_limit_occurred,1,,22,41,drone-pi,aarch64,Raspberry Pi 5 Model B Rev 1.0,true,4
1,qwen2.5-0.5b-instruct-Q4_K_M-warmup,0064,114,,,end_of_speech,959.18,,,,,,258.863,700.317,,,,693.48,89.5,arm_freq_capped_now|currently_throttled|arm_freq_capped_occurred|throttling_occurred|soft_temp_limit_occurred,1,,13,33,drone-pi,aarch64,Raspberry Pi 5 Model B Rev 1.0,true,4
1,qwen2.5-0.5b-instruct-Q4_K_M-warmup,0022,115,,,end_of_speech,949.112,,,,,,50.663,898.449,,,,693.48,90.0,arm_freq_capped_now|currently_throttled|arm_freq_capped_occurred|throttling_occurred|soft_temp_limit_occurred,1,,17,34,drone-pi,aarch64,Raspberry Pi 5 Model B Rev 1.0,true,4
1,qwen2.5-0.5b-instruct-Q4_K_M-warmup,0149,116,,,end_of_speech,1169.478,,,,,,50.802,1118.676,,,,693.48,90.0,arm_freq_capped_now|currently_throttled|arm_freq_capped_occurred|throttling_occurred|soft_temp_limit_occurred,1,,22,37,drone-pi,aarch64,Raspberry Pi 5 Model B Rev 1.0,true,4
1,qwen2.5-0.5b-instruct-Q4_K_M-warmup,0169,117,,,end_of_speech,1288.502,,,,,,74.319,1214.183,,,,693.48,88.9,arm_freq_capped_now|currently_throttled|arm_freq_capped_occurred|throttling_occurred|soft_temp_limit_occurred,1,,22,42,drone-pi,aarch64,Raspberry Pi 5 Model B Rev 1.0,true,4
1,qwen2.5-0.5b-instruct-Q4_K_M-warmup,0152,118,,,end_of_speech,1047.888,,,,,,405.912,641.976,,,,693.48,89.5,arm_freq_capped_now|currently_throttled|arm_freq_capped_occurred|throttling_occurred|soft_temp_limit_occurred,1,,12,38,drone-pi,aarch64,Raspberry Pi 5 Model B Rev 1.0,true,4
1,qwen2.5-0.5b-instruct-Q4_K_M-warmup,0010,119,,,end_of_speech,1576.924,,,,,,50.538,1526.386,,,,693.48,90.0,arm_freq_capped_now|currently_throttled|arm_freq_capped_occurred|throttling_occurred|soft_temp_limit_occurred,1,,28,53,drone-pi,aarch64,Raspberry Pi 5 Model B Rev 1.0,true,4
1,qwen2.5-0.5b-instruct-Q4_K_M-warmup,0151,120,,,end_of_speech,1121.92,,,,,,370.978,750.942,,,,693.48,90.0,arm_freq_capped_now|currently_throttled|arm_freq_capped_occurred|throttling_occurred|soft_temp_limit_occurred,1,,14,37,drone-pi,aarch64,Raspberry Pi 5 Model B Rev 1.0,true,4
1,qwen2.5-0.5b-instruct-Q4_K_M-warmup,0162,121,,,end_of_speech,1243.448,,,,,,74.445,1169.003,,,,693.48,90.0,arm_freq_capped_now|currently_throttled|arm_freq_capped_occurred|throttling_occurred|soft_temp_limit_occurred,1,,21,51,drone-pi,aarch64,Raspberry Pi 5 Model B Rev 1.0,true,4
1,qwen2.5-0.5b-instruct-Q4_K_M-warmup,0182,122,,,end_of_speech,652.935,,,,,,336.957,315.978,,,,693.48,88.9,arm_freq_capped_now|currently_throttled|arm_freq_capped_occurred|throttling_occurred|soft_temp_limit_occurred,1,,6,35,drone-pi,aarch64,Raspberry Pi 5 Model B Rev 1.0,true,4
1,qwen2.5-0.5b-instruct-Q4_K_M-warmup,0072,123,,,end_of_speech,885.274,,,,,,265.466,619.808,,,,693.48,89.5,arm_freq_capped_now|currently_throttled|arm_freq_capped_occurred|throttling_occurred|soft_temp_limit_occurred,1,,12,32,drone-pi,aarch64,Raspberry Pi 5 Model B Rev 1.0,true,4
1,qwen2.5-0.5b-instruct-Q4_K_M-warmup,0033,124,,,end_of_speech,939.941,,,,,,425.208,514.733,,,,693.48,90.6,arm_freq_capped_now|currently_throttled|arm_freq_capped_occurred|throttling_occurred|soft_temp_limit_occurred,1,,10,37,drone-pi,aarch64,Raspberry Pi 5 Model B Rev 1.0,true,4
1,qwen2.5-0.5b-instruct-Q4_K_M-warmup,0116,125,,,end_of_speech,1043.704,,,,,,74.304,969.4,,,,693.48,90.0,arm_freq_capped_now|currently_throttled|arm_freq_capped_occurred|throttling_occurred|soft_temp_limit_occurred,1,,18,43,drone-pi,aarch64,Raspberry Pi 5 Model B Rev 1.0,true,4
1,qwen2.5-0.5b-instruct-Q4_K_M-warmup,0105,126,,,end_of_speech,1232.851,,,,,,121.463,1111.388,,,,693.48,90.0,arm_freq_capped_now|currently_throttled|arm_freq_capped_occurred|throttling_occurred|soft_temp_limit_occurred,1,,19,39,drone-pi,aarch64,Raspberry Pi 5 Model B Rev 1.0,true,4
1,qwen2.5-0.5b-instruct-Q4_K_M-warmup,0089,127,,,end_of_speech,1563.191,,,,,,74.521,1488.67,,,,693.48,90.0,arm_freq_capped_now|currently_throttled|arm_freq_capped_occurred|throttling_occurred|soft_temp_limit_occurred,1,,28,56,drone-pi,aarch64,Raspberry Pi 5 Model B Rev 1.0,true,4
1,qwen2.5-0.5b-instruct-Q4_K_M-warmup,0062,128,,,end_of_speech,699.201,,,,,,51.085,648.116,,,,693.48,89.5,arm_freq_capped_now|currently_throttled|arm_freq_capped_occurred|throttling_occurred|soft_temp_limit_occurred,1,,12,36,drone-pi,aarch64,Raspberry Pi 5 Model B Rev 1.0,true,4
1,qwen2.5-0.5b-instruct-Q4_K_M-warmup,0113,129,,,end_of_speech,1634.111,,,,,,50.698,1583.413,,,,693.48,88.9,arm_freq_capped_now|currently_throttled|arm_freq_capped_occurred|throttling_occurred|soft_temp_limit_occurred,1,,28,44,drone-pi,aarch64,Raspberry Pi 5 Model B Rev 1.0,true,4
1,qwen2.5-0.5b-instruct-Q4_K_M-warmup,0193,130,,,end_of_speech,1761.225,,,,,,604.632,1156.593,,,,693.48,88.9,arm_freq_capped_now|currently_throttled|arm_freq_capped_occurred|throttling_occurred|soft_temp_limit_occurred,1,,22,47,drone-pi,aarch64,Raspberry Pi 5 Model B Rev 1.0,true,4
1,qwen2.5-0.5b-instruct-Q4_K_M-warmup,0006,131,,,end_of_speech,605.486,,,,,,328.332,277.154,,,,693.48,88.4,arm_freq_capped_now|currently_throttled|arm_freq_capped_occurred|throttling_occurred|soft_temp_limit_occurred,1,,6,32,drone-pi,aarch64,Raspberry Pi 5 Model B Rev 1.0,true,4
1,qwen2.5-0.5b-instruct-Q4_K_M-warmup,0196,132,,,end_of_speech,1167.712,,,,,,435.677,732.035,,,,693.48,90.6,arm_freq_capped_now|currently_throttled|arm_freq_capped_occurred|throttling_occurred|soft_temp_limit_occurred,1,,13,39,drone-pi,aarch64,Raspberry Pi 5 Model B Rev 1.0,true,4
1,qwen2.5-0.5b-instruct-Q4_K_M-warmup,0186,133,,,end_of_speech,1129.22,,,,,,74.164,1055.056,,,,693.48,90.6,arm_freq_capped_now|currently_throttled|arm_freq_capped_occurred|throttling_occurred|soft_temp_limit_occurred,1,,20,40,drone-pi,aarch64,Raspberry Pi 5 Model B Rev 1.0,true,4
1,qwen2.5-0.5b-instruct-Q4_K_M-warmup,0075,134,,,end_of_speech,1500.414,,,,,,74.501,1425.913,,,,693.48,88.4,arm_freq_capped_now|currently_throttled|arm_freq_capped_occurred|throttling_occurred|soft_temp_limit_occurred,1,,26,53,drone-pi,aarch64,Raspberry Pi 5 Model B Rev 1.0,true,4
1,qwen2.5-0.5b-instruct-Q4_K_M-warmup,0131,135,,,end_of_speech,1237.38,,,,,,50.692,1186.688,,,,693.48,90.6,arm_freq_capped_now|currently_throttled|arm_freq_capped_occurred|throttling_occurred|soft_temp_limit_occurred,1,,22,47,drone-pi,aarch64,Raspberry Pi 5 Model B Rev 1.0,true,4
1,qwen2.5-0.5b-instruct-Q4_K_M-warmup,0121,136,,,end_of_speech,958.9,,,,,,249.069,709.831,,,,693.48,90.0,arm_freq_capped_now|currently_throttled|arm_freq_capped_occurred|throttling_occurred|soft_temp_limit_occurred,1,,13,31,drone-pi,aarch64,Raspberry Pi 5 Model B Rev 1.0,true,4
1,qwen2.5-0.5b-instruct-Q4_K_M-warmup,0101,137,,,end_of_speech,1504.026,,,,,,551.755,952.271,,,,693.48,88.4,arm_freq_capped_now|currently_throttled|arm_freq_capped_occurred|throttling_occurred|soft_temp_limit_occurred,1,,18,40,drone-pi,aarch64,Raspberry Pi 5 Model B Rev 1.0,true,4
1,qwen2.5-0.5b-instruct-Q4_K_M-warmup,0032,138,,,end_of_speech,560.326,,,,,,292.112,268.214,,,,693.48,88.9,arm_freq_capped_now|currently_throttled|arm_freq_capped_occurred|throttling_occurred|soft_temp_limit_occurred,1,,6,31,drone-pi,aarch64,Raspberry Pi 5 Model B Rev 1.0,true,4
1,qwen2.5-0.5b-instruct-Q4_K_M-warmup,0018,139,,,end_of_speech,656.068,,,,,,363.2,292.868,,,,693.48,90.0,arm_freq_capped_now|currently_throttled|arm_freq_capped_occurred|throttling_occurred|soft_temp_limit_occurred,1,,6,33,drone-pi,aarch64,Raspberry Pi 5 Model B Rev 1.0,true,4
1,qwen2.5-0.5b-instruct-Q4_K_M-warmup,0049,140,,,end_of_speech,1860.923,,,,,,573.073,1287.85,,,,693.48,88.4,arm_freq_capped_now|currently_throttled|arm_freq_capped_occurred|throttling_occurred|soft_temp_limit_occurred,1,,24,44,drone-pi,aarch64,Raspberry Pi 5 Model B Rev 1.0,true,4
1,qwen2.5-0.5b-instruct-Q4_K_M-warmup,0065,141,,,end_of_speech,1552.396,,,,,,50.649,1501.747,,,,693.48,89.5,arm_freq_capped_now|currently_throttled|arm_freq_capped_occurred|throttling_occurred|soft_temp_limit_occurred,1,,27,51,drone-pi,aarch64,Raspberry Pi 5 Model B Rev 1.0,true,4
1,qwen2.5-0.5b-instruct-Q4_K_M-warmup,0110,142,,,end_of_speech,1397.691,,,,,,50.64,1347.051,,,,693.48,88.4,arm_freq_capped_now|currently_throttled|arm_freq_capped_occurred|throttling_occurred|soft_temp_limit_occurred,1,,24,44,drone-pi,aarch64,Raspberry Pi 5 Model B Rev 1.0,true,4
1,qwen2.5-0.5b-instruct-Q4_K_M-warmup,0048,143,,,end_of_speech,534.983,,,,,,218.568,316.415,,,,693.48,88.4,arm_freq_capped_now|currently_throttled|arm_freq_capped_occurred|throttling_occurred|soft_temp_limit_occurred,1,,6,30,drone-pi,aarch64,Raspberry Pi 5 Model B Rev 1.0,true,4
1,qwen2.5-0.5b-instruct-Q4_K_M-warmup,0097,144,,,end_of_speech,628.673,,,,,,345.003,283.67,,,,693.48,89.5,arm_freq_capped_now|currently_throttled|arm_freq_capped_occurred|throttling_occurred|soft_temp_limit_occurred,1,,6,35,drone-pi,aarch64,Raspberry Pi 5 Model B Rev 1.0,true,4
1,qwen2.5-0.5b-instruct-Q4_K_M-warmup,0127,145,,,end_of_speech,1162.648,,,,,,445.554,717.094,,,,693.48,88.9,arm_freq_capped_now|currently_throttled|arm_freq_capped_occurred|throttling_occurred|soft_temp_limit_occurred,1,,14,38,drone-pi,aarch64,Raspberry Pi 5 Model B Rev 1.0,true,4
1,qwen2.5-0.5b-instruct-Q4_K_M-warmup,0123,146,,,end_of_speech,1101.471,,,,,,50.264,1051.207,,,,693.48,90.0,arm_freq_capped_now|currently_throttled|arm_freq_capped_occurred|throttling_occurred|soft_temp_limit_occurred,1,,20,39,drone-pi,aarch64,Raspberry Pi 5 Model B Rev 1.0,true,4
1,qwen2.5-0.5b-instruct-Q4_K_M-warmup,0144,147,,,end_of_speech,1141.534,,,,,,400.822,740.712,,,,693.48,88.4,arm_freq_capped_now|currently_throttled|arm_freq_capped_occurred|throttling_occurred|soft_temp_limit_occurred,1,,13,38,drone-pi,aarch64,Raspberry Pi 5 Model B Rev 1.0,true,4
1,qwen2.5-0.5b-instruct-Q4_K_M-warmup,0057,148,,,end_of_speech,590.174,,,,,,314.268,275.906,,,,693.48,88.4,arm_freq_capped_now|currently_throttled|arm_freq_capped_occurred|throttling_occurred|soft_temp_limit_occurred,1,,6,33,drone-pi,aarch64,Raspberry Pi 5 Model B Rev 1.0,true,4
1,qwen2.5-0.5b-instruct-Q4_K_M-warmup,0083,149,,,end_of_speech,1341.704,,,,,,444.075,897.629,,,,693.48,88.9,arm_freq_capped_now|currently_throttled|arm_freq_capped_occurred|throttling_occurred|soft_temp_limit_occurred,1,,17,40,drone-pi,aarch64,Raspberry Pi 5 Model B Rev 1.0,true,4
1,qwen2.5-0.5b-instruct-Q4_K_M-warmup,0168,150,,,end_of_speech,825.184,,,,,,308.322,516.862,,,,693.48,90.0,arm_freq_capped_now|currently_throttled|arm_freq_capped_occurred|throttling_occurred|soft_temp_limit_occurred,1,,10,34,drone-pi,aarch64,Raspberry Pi 5 Model B Rev 1.0,true,4
1,qwen2.5-0.5b-instruct-Q4_K_M-warmup,0134,151,,,end_of_speech,1687.714,,,,,,720.839,966.875,,,,693.48,89.5,arm_freq_capped_now|currently_throttled|arm_freq_capped_occurred|throttling_occurred|soft_temp_limit_occurred,1,,17,49,drone-pi,aarch64,Raspberry Pi 5 Model B Rev 1.0,true,4
1,qwen2.5-0.5b-instruct-Q4_K_M-warmup,0128,152,,,end_of_speech,1133.807,,,,,,50.546,1083.261,,,,693.48,90.0,arm_freq_capped_now|currently_throttled|arm_freq_capped_occurred|throttling_occurred|soft_temp_limit_occurred,1,,20,44,drone-pi,aarch64,Raspberry Pi 5 Model B Rev 1.0,true,4
1,qwen2.5-0.5b-instruct-Q4_K_M-warmup,0092,153,,,end_of_speech,1336.969,,,,,,370.96,966.009,,,,693.48,89.5,arm_freq_capped_now|currently_throttled|arm_freq_capped_occurred|throttling_occurred|soft_temp_limit_occurred,1,,17,36,drone-pi,aarch64,Raspberry Pi 5 Model B Rev 1.0,true,4
1,qwen2.5-0.5b-instruct-Q4_K_M-warmup,0120,154,,,end_of_speech,1166.616,,,,,,50.775,1115.841,,,,693.48,88.4,arm_freq_capped_now|currently_throttled|arm_freq_capped_occurred|throttling_occurred|soft_temp_limit_occurred,1,,20,52,drone-pi,aarch64,Raspberry Pi 5 Model B Rev 1.0,true,4
1,qwen2.5-0.5b-instruct-Q4_K_M-warmup,0059,155,,,end_of_speech,1116.36,,,,,,50.55,1065.81,,,,693.48,90.0,arm_freq_capped_now|currently_throttled|arm_freq_capped_occurred|throttling_occurred|soft_temp_limit_occurred,1,,19,43,drone-pi,aarch64,Raspberry Pi 5 Model B Rev 1.0,true,4
1,qwen2.5-0.5b-instruct-Q4_K_M-warmup,0141,156,,,end_of_speech,1116.771,,,,,,74.563,1042.208,,,,693.48,88.4,arm_freq_capped_now|currently_throttled|arm_freq_capped_occurred|throttling_occurred|soft_temp_limit_occurred,1,,19,49,drone-pi,aarch64,Raspberry Pi 5 Model B Rev 1.0,true,4
1,qwen2.5-0.5b-instruct-Q4_K_M-warmup,0108,157,,,end_of_speech,697.196,,,,,,50.461,646.735,,,,693.48,88.4,arm_freq_capped_now|currently_throttled|arm_freq_capped_occurred|throttling_occurred|soft_temp_limit_occurred,1,,12,39,drone-pi,aarch64,Raspberry Pi 5 Model B Rev 1.0,true,4
1,qwen2.5-0.5b-instruct-Q4_K_M-warmup,0159,158,,,end_of_speech,949.26,,,,,,50.522,898.738,,,,693.48,88.9,arm_freq_capped_now|currently_throttled|arm_freq_capped_occurred|throttling_occurred|soft_temp_limit_occurred,1,,17,39,drone-pi,aarch64,Raspberry Pi 5 Model B Rev 1.0,true,4
1,qwen2.5-0.5b-instruct-Q4_K_M-warmup,0056,159,,,end_of_speech,949.246,,,,,,50.548,898.698,,,,693.48,88.4,arm_freq_capped_now|currently_throttled|arm_freq_capped_occurred|throttling_occurred|soft_temp_limit_occurred,1,,17,41,drone-pi,aarch64,Raspberry Pi 5 Model B Rev 1.0,true,4
1,qwen2.5-0.5b-instruct-Q4_K_M-warmup,0009,160,,,end_of_speech,684.374,,,,,,368.478,315.896,,,,693.48,88.9,arm_freq_capped_now|currently_throttled|arm_freq_capped_occurred|throttling_occurred|soft_temp_limit_occurred,1,,6,36,drone-pi,aarch64,Raspberry Pi 5 Model B Rev 1.0,true,4
1,qwen2.5-0.5b-instruct-Q4_K_M-warmup,0038,161,,,end_of_speech,2541.934,,,,,,798.644,1743.29,,,,693.48,88.4,arm_freq_capped_now|currently_throttled|arm_freq_capped_occurred|throttling_occurred|soft_temp_limit_occurred,1,,29,54,drone-pi,aarch64,Raspberry Pi 5 Model B Rev 1.0,true,4
1,qwen2.5-0.5b-instruct-Q4_K_M-warmup,0167,162,,,end_of_speech,998.306,,,,,,50.731,947.575,,,,693.48,88.4,arm_freq_capped_now|currently_throttled|arm_freq_capped_occurred|throttling_occurred|soft_temp_limit_occurred,1,,17,37,drone-pi,aarch64,Raspberry Pi 5 Model B Rev 1.0,true,4
1,qwen2.5-0.5b-instruct-Q4_K_M-warmup,0114,163,,,end_of_speech,1731.622,,,,,,658.122,1073.5,,,,693.48,89.5,arm_freq_capped_now|currently_throttled|arm_freq_capped_occurred|throttling_occurred|soft_temp_limit_occurred,1,,20,46,drone-pi,aarch64,Raspberry Pi 5 Model B Rev 1.0,true,4
1,qwen2.5-0.5b-instruct-Q4_K_M-warmup,0145,164,,,end_of_speech,593.281,,,,,,272.323,320.958,,,,693.48,90.0,arm_freq_capped_now|currently_throttled|arm_freq_capped_occurred|throttling_occurred|soft_temp_limit_occurred,1,,6,33,drone-pi,aarch64,Raspberry Pi 5 Model B Rev 1.0,true,4
1,qwen2.5-0.5b-instruct-Q4_K_M-warmup,0137,165,,,end_of_speech,1077.069,,,,,,337.529,739.54,,,,693.48,89.5,arm_freq_capped_now|currently_throttled|arm_freq_capped_occurred|throttling_occurred|soft_temp_limit_occurred,1,,12,36,drone-pi,aarch64,Raspberry Pi 5 Model B Rev 1.0,true,4
1,qwen2.5-0.5b-instruct-Q4_K_M-warmup,0020,166,,,end_of_speech,803.327,,,,,,286.961,516.366,,,,693.48,88.9,arm_freq_capped_now|currently_throttled|arm_freq_capped_occurred|throttling_occurred|soft_temp_limit_occurred,1,,10,34,drone-pi,aarch64,Raspberry Pi 5 Model B Rev 1.0,true,4
1,qwen2.5-0.5b-instruct-Q4_K_M-warmup,0080,167,,,end_of_speech,596.799,,,,,,276.356,320.443,,,,693.48,88.4,arm_freq_capped_now|currently_throttled|arm_freq_capped_occurred|throttling_occurred|soft_temp_limit_occurred,1,,6,32,drone-pi,aarch64,Raspberry Pi 5 Model B Rev 1.0,true,4
1,qwen2.5-0.5b-instruct-Q4_K_M-warmup,0069,168,,,end_of_speech,1030.484,,,,,,320.732,709.752,,,,693.48,90.0,arm_freq_capped_now|currently_throttled|arm_freq_capped_occurred|throttling_occurred|soft_temp_limit_occurred,1,,13,34,drone-pi,aarch64,Raspberry Pi 5 Model B Rev 1.0,true,4
1,qwen2.5-0.5b-instruct-Q4_K_M-warmup,0047,169,,,end_of_speech,658.327,,,,,,74.108,584.219,,,,693.48,90.0,arm_freq_capped_now|currently_throttled|arm_freq_capped_occurred|throttling_occurred|soft_temp_limit_occurred,1,,12,39,drone-pi,aarch64,Raspberry Pi 5 Model B Rev 1.0,true,4
1,qwen2.5-0.5b-instruct-Q4_K_M-warmup,0050,170,,,end_of_speech,690.618,,,,,,74.2,616.418,,,,693.48,87.8,arm_freq_capped_now|currently_throttled|arm_freq_capped_occurred|throttling_occurred|soft_temp_limit_occurred,1,,12,38,drone-pi,aarch64,Raspberry Pi 5 Model B Rev 1.0,true,4
1,qwen2.5-0.5b-instruct-Q4_K_M-warmup,0172,171,,,end_of_speech,1019.83,,,,,,50.934,968.896,,,,693.48,89.5,arm_freq_capped_now|currently_throttled|arm_freq_capped_occurred|throttling_occurred|soft_temp_limit_occurred,1,,17,41,drone-pi,aarch64,Raspberry Pi 5 Model B Rev 1.0,true,4
1,qwen2.5-0.5b-instruct-Q4_K_M-warmup,0076,172,,,end_of_speech,823.021,,,,,,314.442,508.579,,,,693.48,88.4,arm_freq_capped_now|currently_throttled|arm_freq_capped_occurred|throttling_occurred|soft_temp_limit_occurred,1,,10,33,drone-pi,aarch64,Raspberry Pi 5 Model B Rev 1.0,true,4
1,qwen2.5-0.5b-instruct-Q4_K_M-warmup,0180,173,,,end_of_speech,1667.388,,,,,,480.585,1186.803,,,,693.48,90.0,arm_freq_capped_now|currently_throttled|arm_freq_capped_occurred|throttling_occurred|soft_temp_limit_occurred,1,,22,41,drone-pi,aarch64,Raspberry Pi 5 Model B Rev 1.0,true,4
1,qwen2.5-0.5b-instruct-Q4_K_M-warmup,0064,174,,,end_of_speech,918.876,,,,,,251.051,667.825,,,,693.48,90.0,arm_freq_capped_now|currently_throttled|arm_freq_capped_occurred|throttling_occurred|soft_temp_limit_occurred,1,,13,33,drone-pi,aarch64,Raspberry Pi 5 Model B Rev 1.0,true,4
1,qwen2.5-0.5b-instruct-Q4_K_M-warmup,0022,175,,,end_of_speech,949.13,,,,,,50.564,898.566,,,,693.48,88.4,arm_freq_capped_now|currently_throttled|arm_freq_capped_occurred|throttling_occurred|soft_temp_limit_occurred,1,,17,34,drone-pi,aarch64,Raspberry Pi 5 Model B Rev 1.0,true,4
1,qwen2.5-0.5b-instruct-Q4_K_M-warmup,0149,176,,,end_of_speech,1239.182,,,,,,50.856,1188.326,,,,693.48,89.5,arm_freq_capped_now|currently_throttled|arm_freq_capped_occurred|throttling_occurred|soft_temp_limit_occurred,1,,22,37,drone-pi,aarch64,Raspberry Pi 5 Model B Rev 1.0,true,4
1,qwen2.5-0.5b-instruct-Q4_K_M-warmup,0169,177,,,end_of_speech,1298.655,,,,,,50.538,1248.117,,,,693.48,90.0,arm_freq_capped_now|currently_throttled|arm_freq_capped_occurred|throttling_occurred|soft_temp_limit_occurred,1,,22,42,drone-pi,aarch64,Raspberry Pi 5 Model B Rev 1.0,true,4
1,qwen2.5-0.5b-instruct-Q4_K_M-warmup,0152,178,,,end_of_speech,1070.95,,,,,,445.991,624.959,,,,693.48,88.9,arm_freq_capped_now|currently_throttled|arm_freq_capped_occurred|throttling_occurred|soft_temp_limit_occurred,1,,12,38,drone-pi,aarch64,Raspberry Pi 5 Model B Rev 1.0,true,4
1,qwen2.5-0.5b-instruct-Q4_K_M-warmup,0010,179,,,end_of_speech,1576.858,,,,,,50.526,1526.332,,,,693.48,88.4,arm_freq_capped_now|currently_throttled|arm_freq_capped_occurred|throttling_occurred|soft_temp_limit_occurred,1,,28,53,drone-pi,aarch64,Raspberry Pi 5 Model B Rev 1.0,true,4
1,qwen2.5-0.5b-instruct-Q4_K_M-warmup,0151,180,,,end_of_speech,830.19,,,,,,50.872,779.318,,,,693.48,89.5,arm_freq_capped_now|currently_throttled|arm_freq_capped_occurred|throttling_occurred|soft_temp_limit_occurred,1,,14,37,drone-pi,aarch64,Raspberry Pi 5 Model B Rev 1.0,true,4
1,qwen2.5-0.5b-instruct-Q4_K_M-warmup,0162,181,,,end_of_speech,1247.583,,,,,,55.547,1192.036,,,,693.48,88.9,arm_freq_capped_now|currently_throttled|arm_freq_capped_occurred|throttling_occurred|soft_temp_limit_occurred,1,,21,51,drone-pi,aarch64,Raspberry Pi 5 Model B Rev 1.0,true,4
1,qwen2.5-0.5b-instruct-Q4_K_M-warmup,0182,182,,,end_of_speech,630.131,,,,,,373.034,257.097,,,,693.48,89.5,arm_freq_capped_now|currently_throttled|arm_freq_capped_occurred|throttling_occurred|soft_temp_limit_occurred,1,,6,35,drone-pi,aarch64,Raspberry Pi 5 Model B Rev 1.0,true,4
1,qwen2.5-0.5b-instruct-Q4_K_M-warmup,0072,183,,,end_of_speech,962.498,,,,,,276.16,686.338,,,,693.48,90.6,arm_freq_capped_now|currently_throttled|arm_freq_capped_occurred|throttling_occurred|soft_temp_limit_occurred,1,,12,32,drone-pi,aarch64,Raspberry Pi 5 Model B Rev 1.0,true,4
1,qwen2.5-0.5b-instruct-Q4_K_M-warmup,0033,184,,,end_of_speech,909.869,,,,,,394.54,515.329,,,,693.48,90.0,arm_freq_capped_now|currently_throttled|arm_freq_capped_occurred|throttling_occurred|soft_temp_limit_occurred,1,,10,37,drone-pi,aarch64,Raspberry Pi 5 Model B Rev 1.0,true,4
1,qwen2.5-0.5b-instruct-Q4_K_M-warmup,0116,185,,,end_of_speech,1040.122,,,,,,74.293,965.829,,,,693.48,90.0,arm_freq_capped_now|currently_throttled|arm_freq_capped_occurred|throttling_occurred|soft_temp_limit_occurred,1,,18,43,drone-pi,aarch64,Raspberry Pi 5 Model B Rev 1.0,true,4
1,qwen2.5-0.5b-instruct-Q4_K_M-warmup,0105,186,,,end_of_speech,1147.659,,,,,,50.96,1096.699,,,,693.48,90.0,arm_freq_capped_now|currently_throttled|arm_freq_capped_occurred|throttling_occurred|soft_temp_limit_occurred,1,,19,39,drone-pi,aarch64,Raspberry Pi 5 Model B Rev 1.0,true,4
1,qwen2.5-0.5b-instruct-Q4_K_M-warmup,0089,187,,,end_of_speech,1680.723,,,,,,74.624,1606.099,,,,693.48,88.9,arm_freq_capped_now|currently_throttled|arm_freq_capped_occurred|throttling_occurred|soft_temp_limit_occurred,1,,28,56,drone-pi,aarch64,Raspberry Pi 5 Model B Rev 1.0,true,4
1,qwen2.5-0.5b-instruct-Q4_K_M-warmup,0062,188,,,end_of_speech,699.537,,,,,,50.823,648.714,,,,693.48,88.9,arm_freq_capped_now|currently_throttled|arm_freq_capped_occurred|throttling_occurred|soft_temp_limit_occurred,1,,12,36,drone-pi,aarch64,Raspberry Pi 5 Model B Rev 1.0,true,4
1,qwen2.5-0.5b-instruct-Q4_K_M-warmup,0113,189,,,end_of_speech,1570.526,,,,,,50.644,1519.882,,,,693.48,89.5,arm_freq_capped_now|currently_throttled|arm_freq_capped_occurred|throttling_occurred|soft_temp_limit_occurred,1,,28,44,drone-pi,aarch64,Raspberry Pi 5 Model B Rev 1.0,true,4
1,qwen2.5-0.5b-instruct-Q4_K_M-warmup,0193,190,,,end_of_speech,1874.391,,,,,,572.696,1301.695,,,,693.48,89.5,arm_freq_capped_now|currently_throttled|arm_freq_capped_occurred|throttling_occurred|soft_temp_limit_occurred,1,,22,47,drone-pi,aarch64,Raspberry Pi 5 Model B Rev 1.0,true,4
1,qwen2.5-0.5b-instruct-Q4_K_M-warmup,0006,191,,,end_of_speech,502.01,,,,,,248.902,253.108,,,,693.48,88.9,arm_freq_capped_now|currently_throttled|arm_freq_capped_occurred|throttling_occurred|soft_temp_limit_occurred,1,,6,32,drone-pi,aarch64,Raspberry Pi 5 Model B Rev 1.0,true,4
1,qwen2.5-0.5b-instruct-Q4_K_M-warmup,0196,192,,,end_of_speech,1007.156,,,,,,402.214,604.942,,,,693.48,87.3,arm_freq_capped_now|currently_throttled|arm_freq_capped_occurred|throttling_occurred|soft_temp_limit_occurred,1,,13,39,drone-pi,aarch64,Raspberry Pi 5 Model B Rev 1.0,true,4
1,qwen2.5-0.5b-instruct-Q4_K_M-warmup,0186,193,,,end_of_speech,1006.448,,,,,,50.483,955.965,,,,693.48,88.9,arm_freq_capped_now|currently_throttled|arm_freq_capped_occurred|throttling_occurred|soft_temp_limit_occurred,1,,20,40,drone-pi,aarch64,Raspberry Pi 5 Model B Rev 1.0,true,4
1,qwen2.5-0.5b-instruct-Q4_K_M-warmup,0075,194,,,end_of_speech,1311.958,,,,,,50.662,1261.296,,,,693.48,88.9,arm_freq_capped_now|currently_throttled|arm_freq_capped_occurred|throttling_occurred|soft_temp_limit_occurred,1,,26,53,drone-pi,aarch64,Raspberry Pi 5 Model B Rev 1.0,true,4
1,qwen2.5-0.5b-instruct-Q4_K_M-warmup,0131,195,,,end_of_speech,1201.975,,,,,,50.436,1151.539,,,,693.48,88.4,arm_freq_capped_now|currently_throttled|arm_freq_capped_occurred|throttling_occurred|soft_temp_limit_occurred,1,,22,47,drone-pi,aarch64,Raspberry Pi 5 Model B Rev 1.0,true,4
1,qwen2.5-0.5b-instruct-Q4_K_M-warmup,0121,196,,,end_of_speech,902.936,,,,,,235.37,667.566,,,,693.48,90.0,arm_freq_capped_now|currently_throttled|arm_freq_capped_occurred|throttling_occurred|soft_temp_limit_occurred,1,,13,31,drone-pi,aarch64,Raspberry Pi 5 Model B Rev 1.0,true,4
1,qwen2.5-0.5b-instruct-Q4_K_M-warmup,0101,197,,,end_of_speech,1410.471,,,,,,458.948,951.523,,,,693.48,88.4,arm_freq_capped_now|currently_throttled|arm_freq_capped_occurred|throttling_occurred|soft_temp_limit_occurred,1,,18,40,drone-pi,aarch64,Raspberry Pi 5 Model B Rev 1.0,true,4
1,qwen2.5-0.5b-instruct-Q4_K_M-warmup,0032,198,,,end_of_speech,478.378,,,,,,225.232,253.146,,,,693.48,90.6,arm_freq_capped_now|currently_throttled|arm_freq_capped_occurred|throttling_occurred|soft_temp_limit_occurred,1,,6,31,drone-pi,aarch64,Raspberry Pi 5 Model B Rev 1.0,true,4
1,qwen2.5-0.5b-instruct-Q4_K_M-warmup,0018,199,,,end_of_speech,551.29,,,,,,298.45,252.84,,,,693.48,88.9,arm_freq_capped_now|currently_throttled|arm_freq_capped_occurred|throttling_occurred|soft_temp_limit_occurred,1,,6,33,drone-pi,aarch64,Raspberry Pi 5 Model B Rev 1.0,true,4
1,qwen2.5-0.5b-instruct-Q4_K_M-warmup,0049,200,,,end_of_speech,1930.093,,,,,,595.963,1334.13,,,,693.48,88.4,arm_freq_capped_now|currently_throttled|arm_freq_capped_occurred|throttling_occurred|soft_temp_limit_occurred,1,,24,44,drone-pi,aarch64,Raspberry Pi 5 Model B Rev 1.0,true,4
1,qwen2.5-0.5b-instruct-Q4_K_M-warmup,0065,201,,,end_of_speech,1571.698,,,,,,50.56,1521.138,,,,693.48,88.4,arm_freq_capped_now|currently_throttled|arm_freq_capped_occurred|throttling_occurred|soft_temp_limit_occurred,1,,27,51,drone-pi,aarch64,Raspberry Pi 5 Model B Rev 1.0,true,4
1,qwen2.5-0.5b-instruct-Q4_K_M-warmup,0110,202,,,end_of_speech,1337.396,,,,,,50.67,1286.726,,,,693.48,88.9,arm_freq_capped_now|currently_throttled|arm_freq_capped_occurred|throttling_occurred|soft_temp_limit_occurred,1,,24,44,drone-pi,aarch64,Raspberry Pi 5 Model B Rev 1.0,true,4
1,qwen2.5-0.5b-instruct-Q4_K_M-warmup,0048,203,,,end_of_speech,507.367,,,,,,184.963,322.404,,,,693.48,89.5,arm_freq_capped_now|currently_throttled|arm_freq_capped_occurred|throttling_occurred|soft_temp_limit_occurred,1,,6,30,drone-pi,aarch64,Raspberry Pi 5 Model B Rev 1.0,true,4
1,qwen2.5-0.5b-instruct-Q4_K_M-warmup,0097,204,,,end_of_speech,646.495,,,,,,372.071,274.424,,,,693.48,88.9,arm_freq_capped_now|currently_throttled|arm_freq_capped_occurred|throttling_occurred|soft_temp_limit_occurred,1,,6,35,drone-pi,aarch64,Raspberry Pi 5 Model B Rev 1.0,true,4
1,qwen2.5-0.5b-instruct-Q4_K_M-warmup,0127,205,,,end_of_speech,1153.071,,,,,,403.256,749.815,,,,693.48,88.9,arm_freq_capped_now|currently_throttled|arm_freq_capped_occurred|throttling_occurred|soft_temp_limit_occurred,1,,14,38,drone-pi,aarch64,Raspberry Pi 5 Model B Rev 1.0,true,4
1,qwen2.5-0.5b-instruct-Q4_K_M-warmup,0123,206,,,end_of_speech,1103.82,,,,,,50.34,1053.48,,,,693.48,88.4,arm_freq_capped_now|currently_throttled|arm_freq_capped_occurred|throttling_occurred|soft_temp_limit_occurred,1,,20,39,drone-pi,aarch64,Raspberry Pi 5 Model B Rev 1.0,true,4
1,qwen2.5-0.5b-instruct-Q4_K_M-warmup,0144,207,,,end_of_speech,1069.186,,,,,,403.42,665.766,,,,693.48,90.6,arm_freq_capped_now|currently_throttled|arm_freq_capped_occurred|throttling_occurred|soft_temp_limit_occurred,1,,13,38,drone-pi,aarch64,Raspberry Pi 5 Model B Rev 1.0,true,4
1,qwen2.5-0.5b-instruct-Q4_K_M-warmup,0057,208,,,end_of_speech,620.029,,,,,,366.94,253.089,,,,693.48,90.0,arm_freq_capped_now|currently_throttled|arm_freq_capped_occurred|throttling_occurred|soft_temp_limit_occurred,1,,6,33,drone-pi,aarch64,Raspberry Pi 5 Model B Rev 1.0,true,4
1,qwen2.5-0.5b-instruct-Q4_K_M-warmup,0083,209,,,end_of_speech,1506.524,,,,,,492.423,1014.101,,,,693.48,89.5,arm_freq_capped_now|currently_throttled|arm_freq_capped_occurred|throttling_occurred|soft_temp_limit_occurred,1,,17,40,drone-pi,aarch64,Raspberry Pi 5 Model B Rev 1.0,true,4
1,qwen2.5-0.5b-instruct-Q4_K_M-warmup,0168,210,,,end_of_speech,797.699,,,,,,279.005,518.694,,,,693.48,90.0,arm_freq_capped_now|currently_throttled|arm_freq_capped_occurred|throttling_occurred|soft_temp_limit_occurred,1,,10,34,drone-pi,aarch64,Raspberry Pi 5 Model B Rev 1.0,true,4
1,qwen2.5-0.5b-instruct-Q4_K_M-warmup,0134,211,,,end_of_speech,1660.741,,,,,,759.074,901.667,,,,693.48,90.0,arm_freq_capped_now|currently_throttled|arm_freq_capped_occurred|throttling_occurred|soft_temp_limit_occurred,1,,17,49,drone-pi,aarch64,Raspberry Pi 5 Model B Rev 1.0,true,4
1,qwen2.5-0.5b-instruct-Q4_K_M-warmup,0128,212,,,end_of_speech,1102.28,,,,,,50.432,1051.848,,,,693.48,88.4,arm_freq_capped_now|currently_throttled|arm_freq_capped_occurred|throttling_occurred|soft_temp_limit_occurred,1,,20,44,drone-pi,aarch64,Raspberry Pi 5 Model B Rev 1.0,true,4
1,qwen2.5-0.5b-instruct-Q4_K_M-warmup,0092,213,,,end_of_speech,1264.932,,,,,,323.496,941.436,,,,693.48,88.9,arm_freq_capped_now|currently_throttled|arm_freq_capped_occurred|throttling_occurred|soft_temp_limit_occurred,1,,17,36,drone-pi,aarch64,Raspberry Pi 5 Model B Rev 1.0,true,4
1,qwen2.5-0.5b-instruct-Q4_K_M-warmup,0120,214,,,end_of_speech,1136.141,,,,,,50.513,1085.628,,,,693.48,89.5,arm_freq_capped_now|currently_throttled|arm_freq_capped_occurred|throttling_occurred|soft_temp_limit_occurred,1,,20,52,drone-pi,aarch64,Raspberry Pi 5 Model B Rev 1.0,true,4
1,qwen2.5-0.5b-instruct-Q4_K_M-warmup,0059,215,,,end_of_speech,1133.488,,,,,,50.557,1082.931,,,,693.48,88.4,arm_freq_capped_now|currently_throttled|arm_freq_capped_occurred|throttling_occurred|soft_temp_limit_occurred,1,,19,43,drone-pi,aarch64,Raspberry Pi 5 Model B Rev 1.0,true,4
1,qwen2.5-0.5b-instruct-Q4_K_M-warmup,0141,216,,,end_of_speech,1125.758,,,,,,50.712,1075.046,,,,693.48,88.4,arm_freq_capped_now|currently_throttled|arm_freq_capped_occurred|throttling_occurred|soft_temp_limit_occurred,1,,19,49,drone-pi,aarch64,Raspberry Pi 5 Model B Rev 1.0,true,4
1,qwen2.5-0.5b-instruct-Q4_K_M-warmup,0108,217,,,end_of_speech,725.376,,,,,,50.374,675.002,,,,693.48,88.4,arm_freq_capped_now|currently_throttled|arm_freq_capped_occurred|throttling_occurred|soft_temp_limit_occurred,1,,12,39,drone-pi,aarch64,Raspberry Pi 5 Model B Rev 1.0,true,4
1,qwen2.5-0.5b-instruct-Q4_K_M-warmup,0159,218,,,end_of_speech,1044.297,,,,,,50.362,993.935,,,,693.48,88.4,arm_freq_capped_now|currently_throttled|arm_freq_capped_occurred|throttling_occurred|soft_temp_limit_occurred,1,,17,39,drone-pi,aarch64,Raspberry Pi 5 Model B Rev 1.0,true,4
1,qwen2.5-0.5b-instruct-Q4_K_M-warmup,0056,219,,,end_of_speech,1006.456,,,,,,50.466,955.99,,,,693.48,88.9,arm_freq_capped_now|currently_throttled|arm_freq_capped_occurred|throttling_occurred|soft_temp_limit_occurred,1,,17,41,drone-pi,aarch64,Raspberry Pi 5 Model B Rev 1.0,true,4
1,qwen2.5-0.5b-instruct-Q4_K_M-warmup,0009,220,,,end_of_speech,655.738,,,,,,403.432,252.306,,,,693.48,90.0,arm_freq_capped_now|currently_throttled|arm_freq_capped_occurred|throttling_occurred|soft_temp_limit_occurred,1,,6,36,drone-pi,aarch64,Raspberry Pi 5 Model B Rev 1.0,true,4
1,qwen2.5-0.5b-instruct-Q4_K_M-warmup,0038,221,,,end_of_speech,2527.117,,,,,,923.941,1603.176,,,,693.48,90.0,arm_freq_capped_now|currently_throttled|arm_freq_capped_occurred|throttling_occurred|soft_temp_limit_occurred,1,,29,54,drone-pi,aarch64,Raspberry Pi 5 Model B Rev 1.0,true,4
1,qwen2.5-0.5b-instruct-Q4_K_M-warmup,0167,222,,,end_of_speech,1025.143,,,,,,54.022,971.121,,,,693.48,89.5,arm_freq_capped_now|currently_throttled|arm_freq_capped_occurred|throttling_occurred|soft_temp_limit_occurred,1,,17,37,drone-pi,aarch64,Raspberry Pi 5 Model B Rev 1.0,true,4
1,qwen2.5-0.5b-instruct-Q4_K_M-warmup,0114,223,,,end_of_speech,1753.947,,,,,,638.979,1114.968,,,,693.48,90.0,arm_freq_capped_now|currently_throttled|arm_freq_capped_occurred|throttling_occurred|soft_temp_limit_occurred,1,,20,46,drone-pi,aarch64,Raspberry Pi 5 Model B Rev 1.0,true,4
1,qwen2.5-0.5b-instruct-Q4_K_M-warmup,0145,224,,,end_of_speech,629.642,,,,,,355.176,274.466,,,,693.5,90.0,arm_freq_capped_now|currently_throttled|arm_freq_capped_occurred|throttling_occurred|soft_temp_limit_occurred,1,,6,33,drone-pi,aarch64,Raspberry Pi 5 Model B Rev 1.0,true,4
1,qwen2.5-0.5b-instruct-Q4_K_M-warmup,0137,225,,,end_of_speech,991.923,,,,,,322.932,668.991,,,,693.5,89.5,arm_freq_capped_now|currently_throttled|arm_freq_capped_occurred|throttling_occurred|soft_temp_limit_occurred,1,,12,36,drone-pi,aarch64,Raspberry Pi 5 Model B Rev 1.0,true,4
1,qwen2.5-0.5b-instruct-Q4_K_M-warmup,0020,226,,,end_of_speech,861.55,,,,,,386.321,475.229,,,,693.5,88.9,arm_freq_capped_now|currently_throttled|arm_freq_capped_occurred|throttling_occurred|soft_temp_limit_occurred,1,,10,34,drone-pi,aarch64,Raspberry Pi 5 Model B Rev 1.0,true,4
1,qwen2.5-0.5b-instruct-Q4_K_M-warmup,0080,227,,,end_of_speech,601.633,,,,,,328.363,273.27,,,,693.5,88.9,arm_freq_capped_now|currently_throttled|arm_freq_capped_occurred|throttling_occurred|soft_temp_limit_occurred,1,,6,32,drone-pi,aarch64,Raspberry Pi 5 Model B Rev 1.0,true,4
1,qwen2.5-0.5b-instruct-Q4_K_M-warmup,0069,228,,,end_of_speech,1039.568,,,,,,320.6,718.968,,,,693.52,90.0,arm_freq_capped_now|currently_throttled|arm_freq_capped_occurred|throttling_occurred|soft_temp_limit_occurred,1,,13,34,drone-pi,aarch64,Raspberry Pi 5 Model B Rev 1.0,true,4
1,qwen2.5-0.5b-instruct-Q4_K_M-warmup,0047,229,,,end_of_speech,657.763,,,,,,74.093,583.67,,,,693.52,90.0,arm_freq_capped_now|currently_throttled|arm_freq_capped_occurred|throttling_occurred|soft_temp_limit_occurred,1,,12,39,drone-pi,aarch64,Raspberry Pi 5 Model B Rev 1.0,true,4
1,qwen2.5-0.5b-instruct-Q4_K_M-warmup,0050,230,,,end_of_speech,690.487,,,,,,74.142,616.345,,,,693.52,89.5,arm_freq_capped_now|currently_throttled|arm_freq_capped_occurred|throttling_occurred|soft_temp_limit_occurred,1,,12,38,drone-pi,aarch64,Raspberry Pi 5 Model B Rev 1.0,true,4
1,qwen2.5-0.5b-instruct-Q4_K_M-warmup,0172,231,,,end_of_speech,981.483,,,,,,50.977,930.506,,,,693.52,88.4,arm_freq_capped_now|currently_throttled|arm_freq_capped_occurred|throttling_occurred|soft_temp_limit_occurred,1,,17,41,drone-pi,aarch64,Raspberry Pi 5 Model B Rev 1.0,true,4
1,qwen2.5-0.5b-instruct-Q4_K_M-warmup,0076,232,,,end_of_speech,854.202,,,,,,312.014,542.188,,,,693.52,90.0,arm_freq_capped_now|currently_throttled|arm_freq_capped_occurred|throttling_occurred|soft_temp_limit_occurred,1,,10,33,drone-pi,aarch64,Raspberry Pi 5 Model B Rev 1.0,true,4
1,qwen2.5-0.5b-instruct-Q4_K_M-warmup,0180,233,,,end_of_speech,1820.062,,,,,,603.687,1216.375,,,,693.52,88.9,arm_freq_capped_now|currently_throttled|arm_freq_capped_occurred|throttling_occurred|soft_temp_limit_occurred,1,,22,41,drone-pi,aarch64,Raspberry Pi 5 Model B Rev 1.0,true,4
1,qwen2.5-0.5b-instruct-Q4_K_M-warmup,0064,234,,,end_of_speech,942.078,,,,,,259.247,682.831,,,,693.52,88.9,arm_freq_capped_now|currently_throttled|arm_freq_capped_occurred|throttling_occurred|soft_temp_limit_occurred,1,,13,33,drone-pi,aarch64,Raspberry Pi 5 Model B Rev 1.0,true,4
1,qwen2.5-0.5b-instruct-Q4_K_M-warmup,0022,235,,,end_of_speech,973.232,,,,,,50.691,922.541,,,,693.52,88.4,arm_freq_capped_now|currently_throttled|arm_freq_capped_occurred|throttling_occurred|soft_temp_limit_occurred,1,,17,34,drone-pi,aarch64,Raspberry Pi 5 Model B Rev 1.0,true,4
1,qwen2.5-0.5b-instruct-Q4_K_M-warmup,0149,236,,,end_of_speech,1279.38,,,,,,50.724,1228.656,,,,693.52,90.0,arm_freq_capped_now|currently_throttled|arm_freq_capped_occurred|throttling_occurred|soft_temp_limit_occurred,1,,22,37,drone-pi,aarch64,Raspberry Pi 5 Model B Rev 1.0,true,4
1,qwen2.5-0.5b-instruct-Q4_K_M-warmup,0169,237,,,end_of_speech,1340.04,,,,,,74.292,1265.748,,,,693.52,89.5,arm_freq_capped_now|currently_throttled|arm_freq_capped_occurred|throttling_occurred|soft_temp_limit_occurred,1,,22,42,drone-pi,aarch64,Raspberry Pi 5 Model B Rev 1.0,true,4
1,qwen2.5-0.5b-instruct-Q4_K_M-warmup,0152,238,,,end_of_speech,979.532,,,,,,368.258,611.274,,,,693.52,88.9,arm_freq_capped_now|currently_throttled|arm_freq_capped_occurred|throttling_occurred|soft_temp_limit_occurred,1,,12,38,drone-pi,aarch64,Raspberry Pi 5 Model B Rev 1.0,true,4
1,qwen2.5-0.5b-instruct-Q4_K_M-warmup,0010,239,,,end_of_speech,1555.101,,,,,,50.585,1504.516,,,,693.52,88.4,arm_freq_capped_now|currently_throttled|arm_freq_capped_occurred|throttling_occurred|soft_temp_limit_occurred,1,,28,53,drone-pi,aarch64,Raspberry Pi 5 Model B Rev 1.0,true,4
1,qwen2.5-0.5b-instruct-Q4_K_M-warmup,0151,240,,,end_of_speech,752.777,,,,,,50.834,701.943,,,,693.52,90.0,arm_freq_capped_now|currently_throttled|arm_freq_capped_occurred|throttling_occurred|soft_temp_limit_occurred,1,,14,37,drone-pi,aarch64,Raspberry Pi 5 Model B Rev 1.0,true,4
1,qwen2.5-0.5b-instruct-Q4_K_M-warmup,0162,241,,,end_of_speech,1244.529,,,,,,74.37,1170.159,,,,693.52,89.5,arm_freq_capped_now|currently_throttled|arm_freq_capped_occurred|throttling_occurred|soft_temp_limit_occurred,1,,21,51,drone-pi,aarch64,Raspberry Pi 5 Model B Rev 1.0,true,4
1,qwen2.5-0.5b-instruct-Q4_K_M-warmup,0182,242,,,end_of_speech,695.415,,,,,,378.404,317.011,,,,693.52,89.5,arm_freq_capped_now|currently_throttled|arm_freq_capped_occurred|throttling_occurred|soft_temp_limit_occurred,1,,6,35,drone-pi,aarch64,Raspberry Pi 5 Model B Rev 1.0,true,4
1,qwen2.5-0.5b-instruct-Q4_K_M-warmup,0072,243,,,end_of_speech,986.629,,,,,,328.353,658.276,,,,693.52,90.6,arm_freq_capped_now|currently_throttled|arm_freq_capped_occurred|throttling_occurred|soft_temp_limit_occurred,1,,12,32,drone-pi,aarch64,Raspberry Pi 5 Model B Rev 1.0,true,4
1,qwen2.5-0.5b-instruct-Q4_K_M-warmup,0033,244,,,end_of_speech,956.357,,,,,,435.201,521.156,,,,693.52,88.4,arm_freq_capped_now|currently_throttled|arm_freq_capped_occurred|throttling_occurred|soft_temp_limit_occurred,1,,10,37,drone-pi,aarch64,Raspberry Pi 5 Model B Rev 1.0,true,4
1,qwen2.5-0.5b-instruct-Q4_K_M-warmup,0116,245,,,end_of_speech,961.178,,,,,,50.426,910.752,,,,693.52,88.9,arm_freq_capped_now|currently_throttled|arm_freq_capped_occurred|throttling_occurred|soft_temp_limit_occurred,1,,18,43,drone-pi,aarch64,Raspberry Pi 5 Model B Rev 1.0,true,4
1,qwen2.5-0.5b-instruct-Q4_K_M-warmup,0105,246,,,end_of_speech,1115.066,,,,,,50.913,1064.153,,,,693.52,88.9,arm_freq_capped_now|currently_throttled|arm_freq_capped_occurred|throttling_occurred|soft_temp_limit_occurred,1,,19,39,drone-pi,aarch64,Raspberry Pi 5 Model B Rev 1.0,true,4
1,qwen2.5-0.5b-instruct-Q4_K_M-warmup,0089,247,,,end_of_speech,1572.016,,,,,,50.665,1521.351,,,,693.52,89.5,arm_freq_capped_now|currently_throttled|arm_freq_capped_occurred|throttling_occurred|soft_temp_limit_occurred,1,,28,56,drone-pi,aarch64,Raspberry Pi 5 Model B Rev 1.0,true,4
1,qwen2.5-0.5b-instruct-Q4_K_M-warmup,0062,248,,,end_of_speech,690.36,,,,,,50.969,639.391,,,,693.52,88.9,arm_freq_capped_now|currently_throttled|arm_freq_capped_occurred|throttling_occurred|soft_temp_limit_occurred,1,,12,36,drone-pi,aarch64,Raspberry Pi 5 Model B Rev 1.0,true,4
1,qwen2.5-0.5b-instruct-Q4_K_M-warmup,0113,249,,,end_of_speech,1632.824,,,,,,50.442,1582.382,,,,693.52,90.0,arm_freq_capped_now|currently_throttled|arm_freq_capped_occurred|throttling_occurred|soft_temp_limit_occurred,1,,28,44,drone-pi,aarch64,Raspberry Pi 5 Model B Rev 1.0,true,4
1,qwen2.5-0.5b-instruct-Q4_K_M-warmup,0193,250,,,end_of_speech,1749.362,,,,,,563.209,1186.153,,,,693.52,88.9,arm_freq_capped_now|currently_throttled|arm_freq_capped_occurred|throttling_occurred|soft_temp_limit_occurred,1,,22,47,drone-pi,aarch64,Raspberry Pi 5 Model B Rev 1.0,true,4
1,qwen2.5-0.5b-instruct-Q4_K_M-warmup,0006,251,,,end_of_speech,612.656,,,,,,321.247,291.409,,,,693.52,87.8,arm_freq_capped_now|currently_throttled|arm_freq_capped_occurred|throttling_occurred|soft_temp_limit_occurred,1,,6,32,drone-pi,aarch64,Raspberry Pi 5 Model B Rev 1.0,true,4
1,qwen2.5-0.5b-instruct-Q4_K_M-warmup,0196,252,,,end_of_speech,1250.561,,,,,,502.279,748.282,,,,693.52,89.5,arm_freq_capped_now|currently_throttled|arm_freq_capped_occurred|throttling_occurred|soft_temp_limit_occurred,1,,13,39,drone-pi,aarch64,Raspberry Pi 5 Model B Rev 1.0,true,4
1,qwen2.5-0.5b-instruct-Q4_K_M-warmup,0186,253,,,end_of_speech,1198.286,,,,,,50.356,1147.93,,,,693.52,87.8,arm_freq_capped_now|currently_throttled|arm_freq_capped_occurred|throttling_occurred|soft_temp_limit_occurred,1,,20,40,drone-pi,aarch64,Raspberry Pi 5 Model B Rev 1.0,true,4
1,qwen2.5-0.5b-instruct-Q4_K_M-warmup,0075,254,,,end_of_speech,1514.907,,,,,,50.716,1464.191,,,,693.52,88.9,arm_freq_capped_now|currently_throttled|arm_freq_capped_occurred|throttling_occurred|soft_temp_limit_occurred,1,,26,53,drone-pi,aarch64,Raspberry Pi 5 Model B Rev 1.0,true,4
1,qwen2.5-0.5b-instruct-Q4_K_M-warmup,0131,255,,,end_of_speech,1293.035,,,,,,54.595,1238.44,,,,693.52,89.5,arm_freq_capped_now|currently_throttled|arm_freq_capped_occurred|throttling_occurred|soft_temp_limit_occurred,1,,22,47,drone-pi,aarch64,Raspberry Pi 5 Model B Rev 1.0,true,4
1,qwen2.5-0.5b-instruct-Q4_K_M-warmup,0121,256,,,end_of_speech,933.92,,,,,,257.39,676.53,,,,693.52,90.0,arm_freq_capped_now|currently_throttled|arm_freq_capped_occurred|throttling_occurred|soft_temp_limit_occurred,1,,13,31,drone-pi,aarch64,Raspberry Pi 5 Model B Rev 1.0,true,4
1,qwen2.5-0.5b-instruct-Q4_K_M-warmup,0101,257,,,end_of_speech,1533.412,,,,,,536.342,997.07,,,,693.53,90.0,arm_freq_capped_now|currently_throttled|arm_freq_capped_occurred|throttling_occurred|soft_temp_limit_occurred,1,,18,40,drone-pi,aarch64,Raspberry Pi 5 Model B Rev 1.0,true,4
1,qwen2.5-0.5b-instruct-Q4_K_M-warmup,0032,258,,,end_of_speech,579.077,,,,,,292.998,286.079,,,,693.53,89.5,arm_freq_capped_now|currently_throttled|arm_freq_capped_occurred|throttling_occurred|soft_temp_limit_occurred,1,,6,31,drone-pi,aarch64,Raspberry Pi 5 Model B Rev 1.0,true,4
1,qwen2.5-0.5b-instruct-Q4_K_M-warmup,0018,259,,,end_of_speech,592.697,,,,,,339.516,253.181,,,,693.53,90.0,arm_freq_capped_now|currently_throttled|arm_freq_capped_occurred|throttling_occurred|soft_temp_limit_occurred,1,,6,33,drone-pi,aarch64,Raspberry Pi 5 Model B Rev 1.0,true,4
1,qwen2.5-0.5b-instruct-Q4_K_M-warmup,0049,260,,,end_of_speech,1941.177,,,,,,616.746,1324.431,,,,693.53,88.9,arm_freq_capped_now|currently_throttled|arm_freq_capped_occurred|throttling_occurred|soft_temp_limit_occurred,1,,24,44,drone-pi,aarch64,Raspberry Pi 5 Model B Rev 1.0,true,4
1,qwen2.5-0.5b-instruct-Q4_K_M-warmup,0065,261,,,end_of_speech,1562.257,,,,,,50.404,1511.853,,,,693.53,90.0,arm_freq_capped_now|currently_throttled|arm_freq_capped_occurred|throttling_occurred|soft_temp_limit_occurred,1,,27,51,drone-pi,aarch64,Raspberry Pi 5 Model B Rev 1.0,true,4
1,qwen2.5-0.5b-instruct-Q4_K_M-warmup,0110,262,,,end_of_speech,1358.546,,,,,,74.327,1284.219,,,,693.53,88.9,arm_freq_capped_now|currently_throttled|arm_freq_capped_occurred|throttling_occurred|soft_temp_limit_occurred,1,,24,44,drone-pi,aarch64,Raspberry Pi 5 Model B Rev 1.0,true,4
1,qwen2.5-0.5b-instruct-Q4_K_M-warmup,0048,263,,,end_of_speech,459.389,,,,,,184.962,274.427,,,,693.53,88.9,arm_freq_capped_now|currently_throttled|arm_freq_capped_occurred|throttling_occurred|soft_temp_limit_occurred,1,,6,30,drone-pi,aarch64,Raspberry Pi 5 Model B Rev 1.0,true,4
1,qwen2.5-0.5b-instruct-Q4_K_M-warmup,0097,264,,,end_of_speech,660.022,,,,,,345.082,314.94,,,,693.53,90.0,arm_freq_capped_now|currently_throttled|arm_freq_capped_occurred|throttling_occurred|soft_temp_limit_occurred,1,,6,35,drone-pi,aarch64,Raspberry Pi 5 Model B Rev 1.0,true,4
1,qwen2.5-0.5b-instruct-Q4_K_M-warmup,0127,265,,,end_of_speech,1217.343,,,,,,403.367,813.976,,,,693.53,89.5,arm_freq_capped_now|currently_throttled|arm_freq_capped_occurred|throttling_occurred|soft_temp_limit_occurred,1,,14,38,drone-pi,aarch64,Raspberry Pi 5 Model B Rev 1.0,true,4
1,qwen2.5-0.5b-instruct-Q4_K_M-warmup,0123,266,,,end_of_speech,1147.057,,,,,,50.308,1096.749,,,,693.53,88.9,arm_freq_capped_now|currently_throttled|arm_freq_capped_occurred|throttling_occurred|soft_temp_limit_occurred,1,,20,39,drone-pi,aarch64,Raspberry Pi 5 Model B Rev 1.0,true,4
1,qwen2.5-0.5b-instruct-Q4_K_M-warmup,0144,267,,,end_of_speech,1069.166,,,,,,401.827,667.339,,,,693.53,90.0,arm_freq_capped_now|currently_throttled|arm_freq_capped_occurred|throttling_occurred|soft_temp_limit_occurred,1,,13,38,drone-pi,aarch64,Raspberry Pi 5 Model B Rev 1.0,true,4
1,qwen2.5-0.5b-instruct-Q4_K_M-warmup,0057,268,,,end_of_speech,679.396,,,,,,355.202,324.194,,,,693.53,88.4,arm_freq_capped_now|currently_throttled|arm_freq_capped_occurred|throttling_occurred|soft_temp_limit_occurred,1,,6,33,drone-pi,aarch64,Raspberry Pi 5 Model B Rev 1.0,true,4
1,qwen2.5-0.5b-instruct-Q4_K_M-warmup,0083,269,,,end_of_speech,1329.457,,,,,,492.682,836.775,,,,693.53,89.5,arm_freq_capped_now|currently_throttled|arm_freq_capped_occurred|throttling_occurred|soft_temp_limit_occurred,1,,17,40,drone-pi,aarch64,Raspberry Pi 5 Model B Rev 1.0,true,4
1,qwen2.5-0.5b-instruct-Q4_K_M-warmup,0168,270,,,end_of_speech,765.227,,,,,,278.955,486.272,,,,693.53,89.5,arm_freq_capped_now|currently_throttled|arm_freq_capped_occurred|throttling_occurred|soft_temp_limit_occurred,1,,10,34,drone-pi,aarch64,Raspberry Pi 5 Model B Rev 1.0,true,4
1,qwen2.5-0.5b-instruct-Q4_K_M-warmup,0134,271,,,end_of_speech,1656.835,,,,,,739.701,917.134,,,,693.53,90.0,arm_freq_capped_now|currently_throttled|arm_freq_capped_occurred|throttling_occurred|soft_temp_limit_occurred,1,,17,49,drone-pi,aarch64,Raspberry Pi 5 Model B Rev 1.0,true,4
1,qwen2.5-0.5b-instruct-Q4_K_M-warmup,0128,272,,,end_of_speech,1168.359,,,,,,74.308,1094.051,,,,693.53,88.4,arm_freq_capped_now|currently_throttled|arm_freq_capped_occurred|throttling_occurred|soft_temp_limit_occurred,1,,20,44,drone-pi,aarch64,Raspberry Pi 5 Model B Rev 1.0,true,4
1,qwen2.5-0.5b-instruct-Q4_K_M-warmup,0092,273,,,end_of_speech,1380.676,,,,,,398.741,981.935,,,,693.53,90.0,arm_freq_capped_now|currently_throttled|arm_freq_capped_occurred|throttling_occurred|soft_temp_limit_occurred,1,,17,36,drone-pi,aarch64,Raspberry Pi 5 Model B Rev 1.0,true,4
1,qwen2.5-0.5b-instruct-Q4_K_M-warmup,0120,274,,,end_of_speech,1134.718,,,,,,50.682,1084.036,,,,693.53,88.9,arm_freq_capped_now|currently_throttled|arm_freq_capped_occurred|throttling_occurred|soft_temp_limit_occurred,1,,20,52,drone-pi,aarch64,Raspberry Pi 5 Model B Rev 1.0,true,4
1,qwen2.5-0.5b-instruct-Q4_K_M-warmup,0059,275,,,end_of_speech,1014.292,,,,,,50.536,963.756,,,,693.53,90.6,arm_freq_capped_now|currently_throttled|arm_freq_capped_occurred|throttling_occurred|soft_temp_limit_occurred,1,,19,43,drone-pi,aarch64,Raspberry Pi 5 Model B Rev 1.0,true,4
1,qwen2.5-0.5b-instruct-Q4_K_M-warmup,0141,276,,,end_of_speech,1119.428,,,,,,74.505,1044.923,,,,693.53,87.8,arm_freq_capped_now|currently_throttled|arm_freq_capped_occurred|throttling_occurred|soft_temp_limit_occurred,1,,19,49,drone-pi,aarch64,Raspberry Pi 5 Model B Rev 1.0,true,4
1,qwen2.5-0.5b-instruct-Q4_K_M-warmup,0108,277,,,end_of_speech,665.555,,,,,,50.312,615.243,,,,693.53,88.9,arm_freq_capped_now|currently_throttled|arm_freq_capped_occurred|throttling_occurred|soft_temp_limit_occurred,1,,12,39,drone-pi,aarch64,Raspberry Pi 5 Model B Rev 1.0,true,4
1,qwen2.5-0.5b-instruct-Q4_K_M-warmup,0159,278,,,end_of_speech,1051.338,,,,,,50.411,1000.927,,,,693.53,88.4,arm_freq_capped_now|currently_throttled|arm_freq_capped_occurred|throttling_occurred|soft_temp_limit_occurred,1,,17,39,drone-pi,aarch64,Raspberry Pi 5 Model B Rev 1.0,true,4
1,qwen2.5-0.5b-instruct-Q4_K_M-warmup,0056,279,,,end_of_speech,981.346,,,,,,50.533,930.813,,,,693.53,90.0,arm_freq_capped_now|currently_throttled|arm_freq_capped_occurred|throttling_occurred|soft_temp_limit_occurred,1,,17,41,drone-pi,aarch64,Raspberry Pi 5 Model B Rev 1.0,true,4
1,qwen2.5-0.5b-instruct-Q4_K_M-warmup,0009,280,,,end_of_speech,617.984,,,,,,334.847,283.137,,,,693.53,90.0,arm_freq_capped_now|currently_throttled|arm_freq_capped_occurred|throttling_occurred|soft_temp_limit_occurred,1,,6,36,drone-pi,aarch64,Raspberry Pi 5 Model B Rev 1.0,true,4
1,qwen2.5-0.5b-instruct-Q4_K_M-warmup,0038,281,,,end_of_speech,2529.163,,,,,,957.309,1571.854,,,,693.53,88.9,arm_freq_capped_now|currently_throttled|arm_freq_capped_occurred|throttling_occurred|soft_temp_limit_occurred,1,,29,54,drone-pi,aarch64,Raspberry Pi 5 Model B Rev 1.0,true,4
1,qwen2.5-0.5b-instruct-Q4_K_M-warmup,0167,282,,,end_of_speech,1006.094,,,,,,50.73,955.364,,,,693.53,88.9,arm_freq_capped_now|currently_throttled|arm_freq_capped_occurred|throttling_occurred|soft_temp_limit_occurred,1,,17,37,drone-pi,aarch64,Raspberry Pi 5 Model B Rev 1.0,true,4
1,qwen2.5-0.5b-instruct-Q4_K_M-warmup,0114,283,,,end_of_speech,1732.238,,,,,,659.841,1072.397,,,,693.53,89.5,arm_freq_capped_now|currently_throttled|arm_freq_capped_occurred|throttling_occurred|soft_temp_limit_occurred,1,,20,46,drone-pi,aarch64,Raspberry Pi 5 Model B Rev 1.0,true,4
1,qwen2.5-0.5b-instruct-Q4_K_M-warmup,0145,284,,,end_of_speech,630.498,,,,,,307.922,322.576,,,,693.53,88.9,arm_freq_capped_now|currently_throttled|arm_freq_capped_occurred|throttling_occurred|soft_temp_limit_occurred,1,,6,33,drone-pi,aarch64,Raspberry Pi 5 Model B Rev 1.0,true,4
1,qwen2.5-0.5b-instruct-Q4_K_M-warmup,0137,285,,,end_of_speech,991.7,,,,,,345.272,646.428,,,,693.53,89.5,arm_freq_capped_now|currently_throttled|arm_freq_capped_occurred|throttling_occurred|soft_temp_limit_occurred,1,,12,36,drone-pi,aarch64,Raspberry Pi 5 Model B Rev 1.0,true,4
1,qwen2.5-0.5b-instruct-Q4_K_M-warmup,0020,286,,,end_of_speech,872.328,,,,,,336.614,535.714,,,,693.53,89.5,arm_freq_capped_now|currently_throttled|arm_freq_capped_occurred|throttling_occurred|soft_temp_limit_occurred,1,,10,34,drone-pi,aarch64,Raspberry Pi 5 Model B Rev 1.0,true,4
1,qwen2.5-0.5b-instruct-Q4_K_M-warmup,0080,287,,,end_of_speech,598.423,,,,,,278.165,320.258,,,,693.53,88.4,arm_freq_capped_now|currently_throttled|arm_freq_capped_occurred|throttling_occurred|soft_temp_limit_occurred,1,,6,32,drone-pi,aarch64,Raspberry Pi 5 Model B Rev 1.0,true,4
1,qwen2.5-0.5b-instruct-Q4_K_M-warmup,0069,288,,,end_of_speech,1021.363,,,,,,334.305,687.058,,,,693.53,90.0,arm_freq_capped_now|currently_throttled|arm_freq_capped_occurred|throttling_occurred|soft_temp_limit_occurred,1,,13,34,drone-pi,aarch64,Raspberry Pi 5 Model B Rev 1.0,true,4
1,qwen2.5-0.5b-instruct-Q4_K_M-warmup,0047,289,,,end_of_speech,691.2,,,,,,74.233,616.967,,,,693.53,87.8,arm_freq_capped_now|currently_throttled|arm_freq_capped_occurred|throttling_occurred|soft_temp_limit_occurred,1,,12,39,drone-pi,aarch64,Raspberry Pi 5 Model B Rev 1.0,true,4
1,qwen2.5-0.5b-instruct-Q4_K_M-warmup,0050,290,,,end_of_speech,666.748,,,,,,50.407,616.341,,,,693.53,88.9,arm_freq_capped_now|currently_throttled|arm_freq_capped_occurred|throttling_occurred|soft_temp_limit_occurred,1,,12,38,drone-pi,aarch64,Raspberry Pi 5 Model B Rev 1.0,true,4
1,qwen2.5-0.5b-instruct-Q4_K_M-warmup,0172,291,,,end_of_speech,974.056,,,,,,50.8,923.256,,,,693.53,88.4,arm_freq_capped_now|currently_throttled|arm_freq_capped_occurred|throttling_occurred|soft_temp_limit_occurred,1,,17,41,drone-pi,aarch64,Raspberry Pi 5 Model B Rev 1.0,true,4
1,qwen2.5-0.5b-instruct-Q4_K_M-warmup,0076,292,,,end_of_speech,848.795,,,,,,339.43,509.365,,,,693.53,90.0,arm_freq_capped_now|currently_throttled|arm_freq_capped_occurred|throttling_occurred|soft_temp_limit_occurred,1,,10,33,drone-pi,aarch64,Raspberry Pi 5 Model B Rev 1.0,true,4
1,qwen2.5-0.5b-instruct-Q4_K_M-warmup,0180,293,,,end_of_speech,1766.494,,,,,,577.236,1189.258,,,,693.53,88.9,arm_freq_capped_now|currently_throttled|arm_freq_capped_occurred|throttling_occurred|soft_temp_limit_occurred,1,,22,41,drone-pi,aarch64,Raspberry Pi 5 Model B Rev 1.0,true,4
1,qwen2.5-0.5b-instruct-Q4_K_M-warmup,0064,294,,,end_of_speech,878.445,,,,,,225.452,652.993,,,,693.53,90.0,arm_freq_capped_now|currently_throttled|arm_freq_capped_occurred|throttling_occurred|soft_temp_limit_occurred,1,,13,33,drone-pi,aarch64,Raspberry Pi 5 Model B Rev 1.0,true,4
1,qwen2.5-0.5b-instruct-Q4_K_M-warmup,0022,295,,,end_of_speech,1069.214,,,,,,74.565,994.649,,,,693.53,89.5,arm_freq_capped_now|currently_throttled|arm_freq_capped_occurred|throttling_occurred|soft_temp_limit_occurred,1,,17,34,drone-pi,aarch64,Raspberry Pi 5 Model B Rev 1.0,true,4
1,qwen2.5-0.5b-instruct-Q4_K_M-warmup,0149,296,,,end_of_speech,1268.349,,,,,,50.892,1217.457,,,,693.53,89.5,arm_freq_capped_now|currently_throttled|arm_freq_capped_occurred|throttling_occurred|soft_temp_limit_occurred,1,,22,37,drone-pi,aarch64,Raspberry Pi 5 Model B Rev 1.0,true,4
1,qwen2.5-0.5b-instruct-Q4_K_M-warmup,0169,297,,,end_of_speech,1171.221,,,,,,50.769,1120.452,,,,693.53,90.6,arm_freq_capped_now|currently_throttled|arm_freq_capped_occurred|throttling_occurred|soft_temp_limit_occurred,1,,22,42,drone-pi,aarch64,Raspberry Pi 5 Model B Rev 1.0,true,4
1,qwen2.5-0.5b-instruct-Q4_K_M-warmup,0152,298,,,end_of_speech,1081.939,,,,,,401.421,680.518,,,,693.53,89.5,arm_freq_capped_now|currently_throttled|arm_freq_capped_occurred|throttling_occurred|soft_temp_limit_occurred,1,,12,38,drone-pi,aarch64,Raspberry Pi 5 Model B Rev 1.0,true,4
1,qwen2.5-0.5b-instruct-Q4_K_M-warmup,0010,299,,,end_of_speech,1552.124,,,,,,50.662,1501.462,,,,693.53,90.0,arm_freq_capped_now|currently_throttled|arm_freq_capped_occurred|throttling_occurred|soft_temp_limit_occurred,1,,28,53,drone-pi,aarch64,Raspberry Pi 5 Model B Rev 1.0,true,4
1,qwen2.5-0.5b-instruct-Q4_K_M-warmup,0151,300,,,end_of_speech,759.392,,,,,,74.72,684.672,,,,693.53,90.0,arm_freq_capped_now|currently_throttled|arm_freq_capped_occurred|throttling_occurred|soft_temp_limit_occurred,1,,14,37,drone-pi,aarch64,Raspberry Pi 5 Model B Rev 1.0,true,4
1,qwen2.5-0.5b-instruct-Q4_K_M-warmup,0162,301,,,end_of_speech,1248.919,,,,,,50.701,1198.218,,,,693.53,90.0,arm_freq_capped_now|currently_throttled|arm_freq_capped_occurred|throttling_occurred|soft_temp_limit_occurred,1,,21,51,drone-pi,aarch64,Raspberry Pi 5 Model B Rev 1.0,true,4
1,qwen2.5-0.5b-instruct-Q4_K_M-warmup,0182,302,,,end_of_speech,653.527,,,,,,365.847,287.68,,,,693.53,90.0,arm_freq_capped_now|currently_throttled|arm_freq_capped_occurred|throttling_occurred|soft_temp_limit_occurred,1,,6,35,drone-pi,aarch64,Raspberry Pi 5 Model B Rev 1.0,true,4
1,qwen2.5-0.5b-instruct-Q4_K_M-warmup,0072,303,,,end_of_speech,988.083,,,,,,274.967,713.116,,,,693.53,88.9,arm_freq_capped_now|currently_throttled|arm_freq_capped_occurred|throttling_occurred|soft_temp_limit_occurred,1,,12,32,drone-pi,aarch64,Raspberry Pi 5 Model B Rev 1.0,true,4
1,qwen2.5-0.5b-instruct-Q4_K_M-warmup,0033,304,,,end_of_speech,875.767,,,,,,391.688,484.079,,,,693.53,88.4,arm_freq_capped_now|currently_throttled|arm_freq_capped_occurred|throttling_occurred|soft_temp_limit_occurred,1,,10,37,drone-pi,aarch64,Raspberry Pi 5 Model B Rev 1.0,true,4
1,qwen2.5-0.5b-instruct-Q4_K_M-warmup,0116,305,,,end_of_speech,1000.411,,,,,,50.482,949.929,,,,693.55,88.9,arm_freq_capped_now|currently_throttled|arm_freq_capped_occurred|throttling_occurred|soft_temp_limit_occurred,1,,18,43,drone-pi,aarch64,Raspberry Pi 5 Model B Rev 1.0,true,4
1,qwen2.5-0.5b-instruct-Q4_K_M-warmup,0105,306,,,end_of_speech,1112.961,,,,,,50.934,1062.027,,,,693.55,90.0,arm_freq_capped_now|currently_throttled|arm_freq_capped_occurred|throttling_occurred|soft_temp_limit_occurred,1,,19,39,drone-pi,aarch64,Raspberry Pi 5 Model B Rev 1.0,true,4
1,qwen2.5-0.5b-instruct-Q4_K_M-warmup,0089,307,,,end_of_speech,1594.269,,,,,,74.562,1519.707,,,,693.55,90.6,arm_freq_capped_now|currently_throttled|arm_freq_capped_occurred|throttling_occurred|soft_temp_limit_occurred,1,,28,56,drone-pi,aarch64,Raspberry Pi 5 Model B Rev 1.0,true,4
1,qwen2.5-0.5b-instruct-Q4_K_M-warmup,0062,308,,,end_of_speech,692.676,,,,,,74.729,617.947,,,,693.55,90.6,arm_freq_capped_now|currently_throttled|arm_freq_capped_occurred|throttling_occurred|soft_temp_limit_occurred,1,,12,36,drone-pi,aarch64,Raspberry Pi 5 Model B Rev 1.0,true,4
1,qwen2.5-0.5b-instruct-Q4_K_M-warmup,0113,309,,,end_of_speech,1657.659,,,,,,74.43,1583.229,,,,693.55,88.4,arm_freq_capped_now|currently_throttled|arm_freq_capped_occurred|throttling_occurred|soft_temp_limit_occurred,1,,28,44,drone-pi,aarch64,Raspberry Pi 5 Model B Rev 1.0,true,4
1,qwen2.5-0.5b-instruct-Q4_K_M-warmup,0193,310,,,end_of_speech,1890.885,,,,,,683.473,1207.412,,,,693.55,89.5,arm_freq_capped_now|currently_throttled|arm_freq_capped_occurred|throttling_occurred|soft_temp_limit_occurred,1,,22,47,drone-pi,aarch64,Raspberry Pi 5 Model B Rev 1.0,true,4
1,qwen2.5-0.5b-instruct-Q4_K_M-warmup,0006,311,,,end_of_speech,599.777,,,,,,278.644,321.133,,,,693.55,88.4,arm_freq_capped_now|currently_throttled|arm_freq_capped_occurred|throttling_occurred|soft_temp_limit_occurred,1,,6,32,drone-pi,aarch64,Raspberry Pi 5 Model B Rev 1.0,true,4
1,qwen2.5-0.5b-instruct-Q4_K_M-warmup,0196,312,,,end_of_speech,1139.005,,,,,,502.437,636.568,,,,693.55,90.0,arm_freq_capped_now|currently_throttled|arm_freq_capped_occurred|throttling_occurred|soft_temp_limit_occurred,1,,13,39,drone-pi,aarch64,Raspberry Pi 5 Model B Rev 1.0,true,4
1,qwen2.5-0.5b-instruct-Q4_K_M-warmup,0186,313,,,end_of_speech,1141.796,,,,,,74.176,1067.62,,,,693.55,90.0,arm_freq_capped_now|currently_throttled|arm_freq_capped_occurred|throttling_occurred|soft_temp_limit_occurred,1,,20,40,drone-pi,aarch64,Raspberry Pi 5 Model B Rev 1.0,true,4
1,qwen2.5-0.5b-instruct-Q4_K_M-warmup,0075,314,,,end_of_speech,1533.381,,,,,,50.652,1482.729,,,,693.55,90.0,arm_freq_capped_now|currently_throttled|arm_freq_capped_occurred|throttling_occurred|soft_temp_limit_occurred,1,,26,53,drone-pi,aarch64,Raspberry Pi 5 Model B Rev 1.0,true,4
1,qwen2.5-0.5b-instruct-Q4_K_M-warmup,0131,315,,,end_of_speech,1293.943,,,,,,74.331,1219.612,,,,693.55,87.8,arm_freq_capped_now|currently_throttled|arm_freq_capped_occurred|throttling_occurred|soft_temp_limit_occurred,1,,22,47,drone-pi,aarch64,Raspberry Pi 5 Model B Rev 1.0,true,4
1,qwen2.5-0.5b-instruct-Q4_K_M-warmup,0121,316,,,end_of_speech,869.913,,,,,,235.176,634.737,,,,693.55,89.5,arm_freq_capped_now|currently_throttled|arm_freq_capped_occurred|throttling_occurred|soft_temp_limit_occurred,1,,13,31,drone-pi,aarch64,Raspberry Pi 5 Model B Rev 1.0,true,4
1,qwen2.5-0.5b-instruct-Q4_K_M-warmup,0101,317,,,end_of_speech,1413.924,,,,,,443.892,970.032,,,,693.55,89.5,arm_freq_capped_now|currently_throttled|arm_freq_capped_occurred|throttling_occurred|soft_temp_limit_occurred,1,,18,40,drone-pi,aarch64,Raspberry Pi 5 Model B Rev 1.0,true,4
1,qwen2.5-0.5b-instruct-Q4_K_M-warmup,0032,318,,,end_of_speech,541.186,,,,,,242.848,298.338,,,,693.55,90.0,arm_freq_capped_now|currently_throttled|arm_freq_capped_occurred|throttling_occurred|soft_temp_limit_occurred,1,,6,31,drone-pi,aarch64,Raspberry Pi 5 Model B Rev 1.0,true,4
1,qwen2.5-0.5b-instruct-Q4_K_M-warmup,0018,319,,,end_of_speech,566.279,,,,,,305.856,260.423,,,,693.55,88.4,arm_freq_capped_now|currently_throttled|arm_freq_capped_occurred|throttling_occurred|soft_temp_limit_occurred,1,,6,33,drone-pi,aarch64,Raspberry Pi 5 Model B Rev 1.0,true,4
1,qwen2.5-0.5b-instruct-Q4_K_M-warmup,0049,320,,,end_of_speech,1972.424,,,,,,615.56,1356.864,,,,693.55,88.9,arm_freq_capped_now|currently_throttled|arm_freq_capped_occurred|throttling_occurred|soft_temp_limit_occurred,1,,24,44,drone-pi,aarch64,Raspberry Pi 5 Model B Rev 1.0,true,4
1,qwen2.5-0.5b-instruct-Q4_K_M-warmup,0065,321,,,end_of_speech,1486.541,,,,,,50.476,1436.065,,,,693.55,90.0,arm_freq_capped_now|currently_throttled|arm_freq_capped_occurred|throttling_occurred|soft_temp_limit_occurred,1,,27,51,drone-pi,aarch64,Raspberry Pi 5 Model B Rev 1.0,true,4
1,qwen2.5-0.5b-instruct-Q4_K_M-warmup,0110,322,,,end_of_speech,1452.055,,,,,,74.314,1377.741,,,,693.55,88.4,arm_freq_capped_now|currently_throttled|arm_freq_capped_occurred|throttling_occurred|soft_temp_limit_occurred,1,,24,44,drone-pi,aarch64,Raspberry Pi 5 Model B Rev 1.0,true,4
1,qwen2.5-0.5b-instruct-Q4_K_M-warmup,0048,323,,,end_of_speech,535.523,,,,,,234.427,301.096,,,,693.55,89.5,arm_freq_capped_now|currently_throttled|arm_freq_capped_occurred|throttling_occurred|soft_temp_limit_occurred,1,,6,30,drone-pi,aarch64,Raspberry Pi 5 Model B Rev 1.0,true,4
1,qwen2.5-0.5b-instruct-Q4_K_M-warmup,0097,324,,,end_of_speech,611.807,,,,,,358.917,252.89,,,,693.55,89.5,arm_freq_capped_now|currently_throttled|arm_freq_capped_occurred|throttling_occurred|soft_temp_limit_occurred,1,,6,35,drone-pi,aarch64,Raspberry Pi 5 Model B Rev 1.0,true,4
1,qwen2.5-0.5b-instruct-Q4_K_M-warmup,0127,325,,,end_of_speech,1193.985,,,,,,444.128,749.857,,,,693.55,88.9,arm_freq_capped_now|currently_throttled|arm_freq_capped_occurred|throttling_occurred|soft_temp_limit_occurred,1,,14,38,drone-pi,aarch64,Raspberry Pi 5 Model B Rev 1.0,true,4
1,qwen2.5-0.5b-instruct-Q4_K_M-warmup,0123,326,,,end_of_speech,1164.313,,,,,,50.397,1113.916,,,,693.55,88.9,arm_freq_capped_now|currently_throttled|arm_freq_capped_occurred|throttling_occurred|soft_temp_limit_occurred,1,,20,39,drone-pi,aarch64,Raspberry Pi 5 Model B Rev 1.0,true,4
1,qwen2.5-0.5b-instruct-Q4_K_M-warmup,0144,327,,,end_of_speech,1050.45,,,,,,356.382,694.068,,,,693.55,90.0,arm_freq_capped_now|currently_throttled|arm_freq_capped_occurred|throttling_occurred|soft_temp_limit_occurred,1,,13,38,drone-pi,aarch64,Raspberry Pi 5 Model B Rev 1.0,true,4
1,qwen2.5-0.5b-instruct-Q4_K_M-warmup,0057,328,,,end_of_speech,644.519,,,,,,291.101,353.418,,,,693.55,89.5,arm_freq_capped_now|currently_throttled|arm_freq_capped_occurred|throttling_occurred|soft_temp_limit_occurred,1,,6,33,drone-pi,aarch64,Raspberry Pi 5 Model B Rev 1.0,true,4
1,qwen2.5-0.5b-instruct-Q4_K_M-warmup,0083,329,,,end_of_speech,1447.255,,,,,,531.886,915.369,,,,693.55,88.9,arm_freq_capped_now|currently_throttled|arm_freq_capped_occurred|throttling_occurred|soft_temp_limit_occurred,1,,17,40,drone-pi,aarch64,Raspberry Pi 5 Model B Rev 1.0,true,4
1,qwen2.5-0.5b-instruct-Q4_K_M-warmup,0168,330,,,end_of_speech,838.504,,,,,,284.22,554.284,,,,693.55,89.5,arm_freq_capped_now|currently_throttled|arm_freq_capped_occurred|throttling_occurred|soft_temp_limit_occurred,1,,10,34,drone-pi,aarch64,Raspberry Pi 5 Model B Rev 1.0,true,4
1,qwen2.5-0.5b-instruct-Q4_K_M-warmup,0134,331,,,end_of_speech,1645.521,,,,,,738.208,907.313,,,,693.55,90.0,arm_freq_capped_now|currently_throttled|arm_freq_capped_occurred|throttling_occurred|soft_temp_limit_occurred,1,,17,49,drone-pi,aarch64,Raspberry Pi 5 Model B Rev 1.0,true,4
1,qwen2.5-0.5b-instruct-Q4_K_M-warmup,0128,332,,,end_of_speech,1158.807,,,,,,74.341,1084.466,,,,693.55,88.4,arm_freq_capped_now|currently_throttled|arm_freq_capped_occurred|throttling_occurred|soft_temp_limit_occurred,1,,20,44,drone-pi,aarch64,Raspberry Pi 5 Model B Rev 1.0,true,4
1,qwen2.5-0.5b-instruct-Q4_K_M-warmup,0092,333,,,end_of_speech,1307.884,,,,,,311.44,996.444,,,,693.55,88.9,arm_freq_capped_now|currently_throttled|arm_freq_capped_occurred|throttling_occurred|soft_temp_limit_occurred,1,,17,36,drone-pi,aarch64,Raspberry Pi 5 Model B Rev 1.0,true,4
1,qwen2.5-0.5b-instruct-Q4_K_M-warmup,0120,334,,,end_of_speech,1198.175,,,,,,50.675,1147.5,,,,693.55,88.4,arm_freq_capped_now|currently_throttled|arm_freq_capped_occurred|throttling_occurred|soft_temp_limit_occurred,1,,20,52,drone-pi,aarch64,Raspberry Pi 5 Model B Rev 1.0,true,4
1,qwen2.5-0.5b-instruct-Q4_K_M-warmup,0059,335,,,end_of_speech,1083.97,,,,,,50.603,1033.367,,,,693.55,90.0,arm_freq_capped_now|currently_throttled|arm_freq_capped_occurred|throttling_occurred|soft_temp_limit_occurred,1,,19,43,drone-pi,aarch64,Raspberry Pi 5 Model B Rev 1.0,true,4
1,qwen2.5-0.5b-instruct-Q4_K_M-warmup,0141,336,,,end_of_speech,1078.811,,,,,,74.562,1004.249,,,,693.55,88.4,arm_freq_capped_now|currently_throttled|arm_freq_capped_occurred|throttling_occurred|soft_temp_limit_occurred,1,,19,49,drone-pi,aarch64,Raspberry Pi 5 Model B Rev 1.0,true,4
1,qwen2.5-0.5b-instruct-Q4_K_M-warmup,0108,337,,,end_of_speech,701.242,,,,,,50.385,650.857,,,,693.55,90.0,arm_freq_capped_now|currently_throttled|arm_freq_capped_occurred|throttling_occurred|soft_temp_limit_occurred,1,,12,39,drone-pi,aarch64,Raspberry Pi 5 Model B Rev 1.0,true,4
1,qwen2.5-0.5b-instruct-Q4_K_M-warmup,0159,338,,,end_of_speech,1027.79,,,,,,74.197,953.593,,,,693.55,88.9,arm_freq_capped_now|currently_throttled|arm_freq_capped_occurred|throttling_occurred|soft_temp_limit_occurred,1,,17,39,drone-pi,aarch64,Raspberry Pi 5 Model B Rev 1.0,true,4
1,qwen2.5-0.5b-instruct-Q4_K_M-warmup,0056,339,,,end_of_speech,952.226,,,,,,50.455,901.771,,,,693.55,89.5,arm_freq_capped_now|currently_throttled|arm_freq_capped_occurred|throttling_occurred|soft_temp_limit_occurred,1,,17,41,drone-pi,aarch64,Raspberry Pi 5 Model B Rev 1.0,true,4
1,qwen2.5-0.5b-instruct-Q4_K_M-warmup,0009,340,,,end_of_speech,653.882,,,,,,401.909,251.973,,,,693.55,90.6,arm_freq_capped_now|currently_throttled|arm_freq_capped_occurred|throttling_occurred|soft_temp_limit_occurred,1,,6,36,drone-pi,aarch64,Raspberry Pi 5 Model B Rev 1.0,true,4
1,qwen2.5-0.5b-instruct-Q4_K_M-warmup,0038,341,,,end_of_speech,2459.075,,,,,,857.448,1601.627,,,,693.55,88.9,arm_freq_capped_now|currently_throttled|arm_freq_capped_occurred|throttling_occurred|soft_temp_limit_occurred,1,,29,54,drone-pi,aarch64,Raspberry Pi 5 Model B Rev 1.0,true,4
1,qwen2.5-0.5b-instruct-Q4_K_M-warmup,0167,342,,,end_of_speech,982.205,,,,,,50.708,931.497,,,,693.55,89.5,arm_freq_capped_now|currently_throttled|arm_freq_capped_occurred|throttling_occurred|soft_temp_limit_occurred,1,,17,37,drone-pi,aarch64,Raspberry Pi 5 Model B Rev 1.0,true,4
1,qwen2.5-0.5b-instruct-Q4_K_M-warmup,0114,343,,,end_of_speech,1730.959,,,,,,638.193,1092.766,,,,693.55,90.0,arm_freq_capped_now|currently_throttled|arm_freq_capped_occurred|throttling_occurred|soft_temp_limit_occurred,1,,20,46,drone-pi,aarch64,Raspberry Pi 5 Model B Rev 1.0,true,4
1,qwen2.5-0.5b-instruct-Q4_K_M-warmup,0145,344,,,end_of_speech,649.61,,,,,,365.242,284.368,,,,693.55,88.4,arm_freq_capped_now|currently_throttled|arm_freq_capped_occurred|throttling_occurred|soft_temp_limit_occurred,1,,6,33,drone-pi,aarch64,Raspberry Pi 5 Model B Rev 1.0,true,4
1,qwen2.5-0.5b-instruct-Q4_K_M-warmup,0137,345,,,end_of_speech,993.059,,,,,,336.017,657.042,,,,693.56,89.5,arm_freq_capped_now|currently_throttled|arm_freq_capped_occurred|throttling_occurred|soft_temp_limit_occurred,1,,12,36,drone-pi,aarch64,Raspberry Pi 5 Model B Rev 1.0,true,4
1,qwen2.5-0.5b-instruct-Q4_K_M-warmup,0020,346,,,end_of_speech,870.069,,,,,,337.22,532.849,,,,693.56,90.6,arm_freq_capped_now|currently_throttled|arm_freq_capped_occurred|throttling_occurred|soft_temp_limit_occurred,1,,10,34,drone-pi,aarch64,Raspberry Pi 5 Model B Rev 1.0,true,4
1,qwen2.5-0.5b-instruct-Q4_K_M-warmup,0080,347,,,end_of_speech,611.169,,,,,,312.243,298.926,,,,693.56,91.1,arm_freq_capped_now|currently_throttled|arm_freq_capped_occurred|throttling_occurred|soft_temp_limit_occurred,1,,6,32,drone-pi,aarch64,Raspberry Pi 5 Model B Rev 1.0,true,4
1,qwen2.5-0.5b-instruct-Q4_K_M-warmup,0069,348,,,end_of_speech,1018.768,,,,,,349.099,669.669,,,,693.56,89.5,arm_freq_capped_now|currently_throttled|arm_freq_capped_occurred|throttling_occurred|soft_temp_limit_occurred,1,,13,34,drone-pi,aarch64,Raspberry Pi 5 Model B Rev 1.0,true,4
1,qwen2.5-0.5b-instruct-Q4_K_M-warmup,0047,349,,,end_of_speech,666.299,,,,,,50.209,616.09,,,,693.56,88.9,arm_freq_capped_now|currently_throttled|arm_freq_capped_occurred|throttling_occurred|soft_temp_limit_occurred,1,,12,39,drone-pi,aarch64,Raspberry Pi 5 Model B Rev 1.0,true,4
1,qwen2.5-0.5b-instruct-Q4_K_M-warmup,0050,350,,,end_of_speech,634.054,,,,,,50.384,583.67,,,,693.56,89.5,arm_freq_capped_now|currently_throttled|arm_freq_capped_occurred|throttling_occurred|soft_temp_limit_occurred,1,,12,38,drone-pi,aarch64,Raspberry Pi 5 Model B Rev 1.0,true,4
1,qwen2.5-0.5b-instruct-Q4_K_M-warmup,0172,351,,,end_of_speech,972.347,,,,,,50.747,921.6,,,,693.56,90.0,arm_freq_capped_now|currently_throttled|arm_freq_capped_occurred|throttling_occurred|soft_temp_limit_occurred,1,,17,41,drone-pi,aarch64,Raspberry Pi 5 Model B Rev 1.0,true,4
1,qwen2.5-0.5b-instruct-Q4_K_M-warmup,0076,352,,,end_of_speech,899.115,,,,,,350.619,548.496,,,,693.56,89.5,arm_freq_capped_now|currently_throttled|arm_freq_capped_occurred|throttling_occurred|soft_temp_limit_occurred,1,,10,33,drone-pi,aarch64,Raspberry Pi 5 Model B Rev 1.0,true,4
1,qwen2.5-0.5b-instruct-Q4_K_M-warmup,0180,353,,,end_of_speech,1744.452,,,,,,484.126,1260.326,,,,693.56,90.0,arm_freq_capped_now|currently_throttled|arm_freq_capped_occurred|throttling_occurred|soft_temp_limit_occurred,1,,22,41,drone-pi,aarch64,Raspberry Pi 5 Model B Rev 1.0,true,4
1,qwen2.5-0.5b-instruct-Q4_K_M-warmup,0064,354,,,end_of_speech,980.021,,,,,,284.116,695.905,,,,693.56,89.5,arm_freq_capped_now|currently_throttled|arm_freq_capped_occurred|throttling_occurred|soft_temp_limit_occurred,1,,13,33,drone-pi,aarch64,Raspberry Pi 5 Model B Rev 1.0,true,4
1,qwen2.5-0.5b-instruct-Q4_K_M-warmup,0022,355,,,end_of_speech,940.276,,,,,,50.582,889.694,,,,693.56,90.0,arm_freq_capped_now|currently_throttled|arm_freq_capped_occurred|throttling_occurred|soft_temp_limit_occurred,1,,17,34,drone-pi,aarch64,Raspberry Pi 5 Model B Rev 1.0,true,4
1,qwen2.5-0.5b-instruct-Q4_K_M-warmup,0149,356,,,end_of_speech,1240.612,,,,,,74.643,1165.969,,,,693.56,90.6,arm_freq_capped_now|currently_throttled|arm_freq_capped_occurred|throttling_occurred|soft_temp_limit_occurred,1,,22,37,drone-pi,aarch64,Raspberry Pi 5 Model B Rev 1.0,true,4
1,qwen2.5-0.5b-instruct-Q4_K_M-warmup,0169,357,,,end_of_speech,1309.51,,,,,,74.199,1235.311,,,,693.56,88.4,arm_freq_capped_now|currently_throttled|arm_freq_capped_occurred|throttling_occurred|soft_temp_limit_occurred,1,,22,42,drone-pi,aarch64,Raspberry Pi 5 Model B Rev 1.0,true,4
1,qwen2.5-0.5b-instruct-Q4_K_M-warmup,0152,358,,,end_of_speech,1027.677,,,,,,407.755,619.922,,,,693.56,88.9,arm_freq_capped_now|currently_throttled|arm_freq_capped_occurred|throttling_occurred|soft_temp_limit_occurred,1,,12,38,drone-pi,aarch64,Raspberry Pi 5 Model B Rev 1.0,true,4
1,qwen2.5-0.5b-instruct-Q4_K_M-warmup,0010,359,,,end_of_speech,1698.525,,,,,,50.479,1648.046,,,,693.56,88.9,arm_freq_capped_now|currently_throttled|arm_freq_capped_occurred|throttling_occurred|soft_temp_limit_occurred,1,,28,53,drone-pi,aarch64,Raspberry Pi 5 Model B Rev 1.0,true,4
1,qwen2.5-0.5b-instruct-Q4_K_M-warmup,0151,360,,,end_of_speech,779.201,,,,,,74.782,704.419,,,,693.56,90.6,arm_freq_capped_now|currently_throttled|arm_freq_capped_occurred|throttling_occurred|soft_temp_limit_occurred,1,,14,37,drone-pi,aarch64,Raspberry Pi 5 Model B Rev 1.0,true,4
1,qwen2.5-0.5b-instruct-Q4_K_M-warmup,0162,361,,,end_of_speech,1132.884,,,,,,50.42,1082.464,,,,693.56,89.5,arm_freq_capped_now|currently_throttled|arm_freq_capped_occurred|throttling_occurred|soft_temp_limit_occurred,1,,21,51,drone-pi,aarch64,Raspberry Pi 5 Model B Rev 1.0,true,4
1,qwen2.5-0.5b-instruct-Q4_K_M-warmup,0182,362,,,end_of_speech,597.643,,,,,,311.319,286.324,,,,693.56,89.5,arm_freq_capped_now|currently_throttled|arm_freq_capped_occurred|throttling_occurred|soft_temp_limit_occurred,1,,6,35,drone-pi,aarch64,Raspberry Pi 5 Model B Rev 1.0,true,4
1,qwen2.5-0.5b-instruct-Q4_K_M-warmup,0072,363,,,end_of_speech,870.449,,,,,,282.492,587.957,,,,693.56,91.1,arm_freq_capped_now|currently_throttled|arm_freq_capped_occurred|throttling_occurred|soft_temp_limit_occurred,1,,12,32,drone-pi,aarch64,Raspberry Pi 5 Model B Rev 1.0,true,4
1,qwen2.5-0.5b-instruct-Q4_K_M-warmup,0033,364,,,end_of_speech,957.214,,,,,,451.068,506.146,,,,693.56,88.9,arm_freq_capped_now|currently_throttled|arm_freq_capped_occurred|throttling_occurred|soft_temp_limit_occurred,1,,10,37,drone-pi,aarch64,Raspberry Pi 5 Model B Rev 1.0,true,4
1,qwen2.5-0.5b-instruct-Q4_K_M-warmup,0116,365,,,end_of_speech,956.281,,,,,,50.313,905.968,,,,693.56,89.5,arm_freq_capped_now|currently_throttled|arm_freq_capped_occurred|throttling_occurred|soft_temp_limit_occurred,1,,18,43,drone-pi,aarch64,Raspberry Pi 5 Model B Rev 1.0,true,4
1,qwen2.5-0.5b-instruct-Q4_K_M-warmup,0105,366,,,end_of_speech,1158.653,,,,,,50.997,1107.656,,,,693.56,88.4,arm_freq_capped_now|currently_throttled|arm_freq_capped_occurred|throttling_occurred|soft_temp_limit_occurred,1,,19,39,drone-pi,aarch64,Raspberry Pi 5 Model B Rev 1.0,true,4
1,qwen2.5-0.5b-instruct-Q4_K_M-warmup,0089,367,,,end_of_speech,1795.304,,,,,,50.768,1744.536,,,,693.56,88.4,arm_freq_capped_now|currently_throttled|arm_freq_capped_occurred|throttling_occurred|soft_temp_limit_occurred,1,,28,56,drone-pi,aarch64,Raspberry Pi 5 Model B Rev 1.0,true,4
1,qwen2.5-0.5b-instruct-Q4_K_M-warmup,0062,368,,,end_of_speech,666.787,,,,,,50.972,615.815,,,,693.56,89.5,arm_freq_capped_now|currently_throttled|arm_freq_capped_occurred|throttling_occurred|soft_temp_limit_occurred,1,,12,36,drone-pi,aarch64,Raspberry Pi 5 Model B Rev 1.0,true,4
1,qwen2.5-0.5b-instruct-Q4_K_M-warmup,0113,369,,,end_of_speech,1560.305,,,,,,50.94,1509.365,,,,693.56,88.4,arm_freq_capped_now|currently_throttled|arm_freq_capped_occurred|throttling_occurred|soft_temp_limit_occurred,1,,28,44,drone-pi,aarch64,Raspberry Pi 5 Model B Rev 1.0,true,4
1,qwen2.5-0.5b-instruct-Q4_K_M-warmup,0193,370,,,end_of_speech,1852.375,,,,,,610.8,1241.575,,,,693.56,90.0,arm_freq_capped_now|currently_throttled|arm_freq_capped_occurred|throttling_occurred|soft_temp_limit_occurred,1,,22,47,drone-pi,aarch64,Raspberry Pi 5 Model B Rev 1.0,true,4
1,qwen2.5-0.5b-instruct-Q4_K_M-warmup,0006,371,,,end_of_speech,580.646,,,,,,308.47,272.176,,,,693.7,90.0,arm_freq_capped_now|currently_throttled|arm_freq_capped_occurred|throttling_occurred|soft_temp_limit_occurred,1,,6,32,drone-pi,aarch64,Raspberry Pi 5 Model B Rev 1.0,true,4
1,qwen2.5-0.5b-instruct-Q4_K_M-warmup,0196,372,,,end_of_speech,1226.03,,,,,,495.163,730.867,,,,693.7,89.5,arm_freq_capped_now|currently_throttled|arm_freq_capped_occurred|throttling_occurred|soft_temp_limit_occurred,1,,13,39,drone-pi,aarch64,Raspberry Pi 5 Model B Rev 1.0,true,4
1,qwen2.5-0.5b-instruct-Q4_K_M-warmup,0186,373,,,end_of_speech,1103.082,,,,,,50.291,1052.791,,,,693.7,88.9,arm_freq_capped_now|currently_throttled|arm_freq_capped_occurred|throttling_occurred|soft_temp_limit_occurred,1,,20,40,drone-pi,aarch64,Raspberry Pi 5 Model B Rev 1.0,true,4
1,qwen2.5-0.5b-instruct-Q4_K_M-warmup,0075,374,,,end_of_speech,1503.675,,,,,,50.851,1452.824,,,,693.7,88.9,arm_freq_capped_now|currently_throttled|arm_freq_capped_occurred|throttling_occurred|soft_temp_limit_occurred,1,,26,53,drone-pi,aarch64,Raspberry Pi 5 Model B Rev 1.0,true,4
1,qwen2.5-0.5b-instruct-Q4_K_M-warmup,0131,375,,,end_of_speech,1331.591,,,,,,50.551,1281.04,,,,693.7,89.5,arm_freq_capped_now|currently_throttled|arm_freq_capped_occurred|throttling_occurred|soft_temp_limit_occurred,1,,22,47,drone-pi,aarch64,Raspberry Pi 5 Model B Rev 1.0,true,4
1,qwen2.5-0.5b-instruct-Q4_K_M-warmup,0121,376,,,end_of_speech,964.876,,,,,,298.633,666.243,,,,693.7,88.9,arm_freq_capped_now|currently_throttled|arm_freq_capped_occurred|throttling_occurred|soft_temp_limit_occurred,1,,13,31,drone-pi,aarch64,Raspberry Pi 5 Model B Rev 1.0,true,4
1,qwen2.5-0.5b-instruct-Q4_K_M-warmup,0101,377,,,end_of_speech,1549.235,,,,,,527.33,1021.905,,,,693.7,89.5,arm_freq_capped_now|currently_throttled|arm_freq_capped_occurred|throttling_occurred|soft_temp_limit_occurred,1,,18,40,drone-pi,aarch64,Raspberry Pi 5 Model B Rev 1.0,true,4
1,qwen2.5-0.5b-instruct-Q4_K_M-warmup,0032,378,,,end_of_speech,510.164,,,,,,242.773,267.391,,,,693.7,90.6,arm_freq_capped_now|currently_throttled|arm_freq_capped_occurred|throttling_occurred|soft_temp_limit_occurred,1,,6,31,drone-pi,aarch64,Raspberry Pi 5 Model B Rev 1.0,true,4
1,qwen2.5-0.5b-instruct-Q4_K_M-warmup,0018,379,,,end_of_speech,585.366,,,,,,331.896,253.47,,,,693.7,90.0,arm_freq_capped_now|currently_throttled|arm_freq_capped_occurred|throttling_occurred|soft_temp_limit_occurred,1,,6,33,drone-pi,aarch64,Raspberry Pi 5 Model B Rev 1.0,true,4
1,qwen2.5-0.5b-instruct-Q4_K_M-warmup,0049,380,,,end_of_speech,2022.042,,,,,,607.476,1414.566,,,,693.7,88.9,arm_freq_capped_now|currently_throttled|arm_freq_capped_occurred|throttling_occurred|soft_temp_limit_occurred,1,,24,44,drone-pi,aarch64,Raspberry Pi 5 Model B Rev 1.0,true,4
1,qwen2.5-0.5b-instruct-Q4_K_M-warmup,0065,381,,,end_of_speech,1548.881,,,,,,50.46,1498.421,,,,693.7,90.6,arm_freq_capped_now|currently_throttled|arm_freq_capped_occurred|throttling_occurred|soft_temp_limit_occurred,1,,27,51,drone-pi,aarch64,Raspberry Pi 5 Model B Rev 1.0,true,4
1,qwen2.5-0.5b-instruct-Q4_K_M-warmup,0110,382,,,end_of_speech,1363.596,,,,,,74.284,1289.312,,,,693.7,88.9,arm_freq_capped_now|currently_throttled|arm_freq_capped_occurred|throttling_occurred|soft_temp_limit_occurred,1,,24,44,drone-pi,aarch64,Raspberry Pi 5 Model B Rev 1.0,true,4
1,qwen2.5-0.5b-instruct-Q4_K_M-warmup,0048,383,,,end_of_speech,441.41,,,,,,185.1,256.31,,,,693.7,89.5,arm_freq_capped_now|currently_throttled|arm_freq_capped_occurred|throttling_occurred|soft_temp_limit_occurred,1,,6,30,drone-pi,aarch64,Raspberry Pi 5 Model B Rev 1.0,true,4
1,qwen2.5-0.5b-instruct-Q4_K_M-warmup,0097,384,,,end_of_speech,641.924,,,,,,364.158,277.766,,,,693.7,88.9,arm_freq_capped_now|currently_throttled|arm_freq_capped_occurred|throttling_occurred|soft_temp_limit_occurred,1,,6,35,drone-pi,aarch64,Raspberry Pi 5 Model B Rev 1.0,true,4
1,qwen2.5-0.5b-instruct-Q4_K_M-warmup,0127,385,,,end_of_speech,1274.987,,,,,,461.156,813.831,,,,693.72,88.4,arm_freq_capped_now|currently_throttled|arm_freq_capped_occurred|throttling_occurred|soft_temp_limit_occurred,1,,14,38,drone-pi,aarch64,Raspberry Pi 5 Model B Rev 1.0,true,4
1,qwen2.5-0.5b-instruct-Q4_K_M-warmup,0123,386,,,end_of_speech,1147.447,,,,,,50.439,1097.008,,,,693.72,89.5,arm_freq_capped_now|currently_throttled|arm_freq_capped_occurred|throttling_occurred|soft_temp_limit_occurred,1,,20,39,drone-pi,aarch64,Raspberry Pi 5 Model B Rev 1.0,true,4
1,qwen2.5-0.5b-instruct-Q4_K_M-warmup,0144,387,,,end_of_speech,1100.4,,,,,,401.851,698.549,,,,693.72,89.5,arm_freq_capped_now|currently_throttled|arm_freq_capped_occurred|throttling_occurred|soft_temp_limit_occurred,1,,13,38,drone-pi,aarch64,Raspberry Pi 5 Model B Rev 1.0,true,4
1,qwen2.5-0.5b-instruct-Q4_K_M-warmup,0057,388,,,end_of_speech,558.944,,,,,,306.043,252.901,,,,693.72,90.6,arm_freq_capped_now|currently_throttled|arm_freq_capped_occurred|throttling_occurred|soft_temp_limit_occurred,1,,6,33,drone-pi,aarch64,Raspberry Pi 5 Model B Rev 1.0,true,4
1,qwen2.5-0.5b-instruct-Q4_K_M-warmup,0083,389,,,end_of_speech,1469.367,,,,,,486.932,982.435,,,,693.72,88.9,arm_freq_capped_now|currently_throttled|arm_freq_capped_occurred|throttling_occurred|soft_temp_limit_occurred,1,,17,40,drone-pi,aarch64,Raspberry Pi 5 Model B Rev 1.0,true,4
1,qwen2.5-0.5b-instruct-Q4_K_M-warmup,0168,390,,,end_of_speech,890.65,,,,,,321.38,569.27,,,,693.72,88.4,arm_freq_capped_now|currently_throttled|arm_freq_capped_occurred|throttling_occurred|soft_temp_limit_occurred,1,,10,34,drone-pi,aarch64,Raspberry Pi 5 Model B Rev 1.0,true,4
1,qwen2.5-0.5b-instruct-Q4_K_M-warmup,0134,391,,,end_of_speech,1628.101,,,,,,757.827,870.274,,,,693.72,88.9,arm_freq_capped_now|currently_throttled|arm_freq_capped_occurred|throttling_occurred|soft_temp_limit_occurred,1,,17,49,drone-pi,aarch64,Raspberry Pi 5 Model B Rev 1.0,true,4
1,qwen2.5-0.5b-instruct-Q4_K_M-warmup,0128,392,,,end_of_speech,1194.658,,,,,,74.261,1120.397,,,,693.72,88.4,arm_freq_capped_now|currently_throttled|arm_freq_capped_occurred|throttling_occurred|soft_temp_limit_occurred,1,,20,44,drone-pi,aarch64,Raspberry Pi 5 Model B Rev 1.0,true,4
1,qwen2.5-0.5b-instruct-Q4_K_M-warmup,0092,393,,,end_of_speech,1308.844,,,,,,311.603,997.241,,,,693.72,88.4,arm_freq_capped_now|currently_throttled|arm_freq_capped_occurred|throttling_occurred|soft_temp_limit_occurred,1,,17,36,drone-pi,aarch64,Raspberry Pi 5 Model B Rev 1.0,true,4
1,qwen2.5-0.5b-instruct-Q4_K_M-warmup,0120,394,,,end_of_speech,1040.864,,,,,,50.776,990.088,,,,693.72,89.5,arm_freq_capped_now|currently_throttled|arm_freq_capped_occurred|throttling_occurred|soft_temp_limit_occurred,1,,20,52,drone-pi,aarch64,Raspberry Pi 5 Model B Rev 1.0,true,4
1,qwen2.5-0.5b-instruct-Q4_K_M-warmup,0059,395,,,end_of_speech,1120.122,,,,,,50.534,1069.588,,,,693.72,90.0,arm_freq_capped_now|currently_throttled|arm_freq_capped_occurred|throttling_occurred|soft_temp_limit_occurred,1,,19,43,drone-pi,aarch64,Raspberry Pi 5 Model B Rev 1.0,true,4
1,qwen2.5-0.5b-instruct-Q4_K_M-warmup,0141,396,,,end_of_speech,1119.389,,,,,,74.522,1044.867,,,,693.72,88.9,arm_freq_capped_now|currently_throttled|arm_freq_capped_occurred|throttling_occurred|soft_temp_limit_occurred,1,,19,49,drone-pi,aarch64,Raspberry Pi 5 Model B Rev 1.0,true,4
1,qwen2.5-0.5b-instruct-Q4_K_M-warmup,0108,397,,,end_of_speech,700.755,,,,,,68.409,632.346,,,,693.72,89.5,arm_freq_capped_now|currently_throttled|arm_freq_capped_occurred|throttling_occurred|soft_temp_limit_occurred,1,,12,39,drone-pi,aarch64,Raspberry Pi 5 Model B Rev 1.0,true,4
1,qwen2.5-0.5b-instruct-Q4_K_M-warmup,0159,398,,,end_of_speech,1067.495,,,,,,50.47,1017.025,,,,693.72,88.4,arm_freq_capped_now|currently_throttled|arm_freq_capped_occurred|throttling_occurred|soft_temp_limit_occurred,1,,17,39,drone-pi,aarch64,Raspberry Pi 5 Model B Rev 1.0,true,4
1,qwen2.5-0.5b-instruct-Q4_K_M-warmup,0056,399,,,end_of_speech,983.096,,,,,,50.643,932.453,,,,693.72,90.0,arm_freq_capped_now|currently_throttled|arm_freq_capped_occurred|throttling_occurred|soft_temp_limit_occurred,1,,17,41,drone-pi,aarch64,Raspberry Pi 5 Model B Rev 1.0,true,4
1,qwen2.5-0.5b-instruct-Q4_K_M-warmup,0009,400,,,end_of_speech,670.405,,,,,,360.569,309.836,,,,693.72,89.5,arm_freq_capped_now|currently_throttled|arm_freq_capped_occurred|throttling_occurred|soft_temp_limit_occurred,1,,6,36,drone-pi,aarch64,Raspberry Pi 5 Model B Rev 1.0,true,4
1,qwen2.5-0.5b-instruct-Q4_K_M-warmup,0038,401,,,end_of_speech,2636.02,,,,,,931.524,1704.496,,,,693.72,90.6,arm_freq_capped_now|currently_throttled|arm_freq_capped_occurred|throttling_occurred|soft_temp_limit_occurred,1,,29,54,drone-pi,aarch64,Raspberry Pi 5 Model B Rev 1.0,true,4
1,qwen2.5-0.5b-instruct-Q4_K_M-warmup,0167,402,,,end_of_speech,923.513,,,,,,79.366,844.147,,,,693.72,90.0,arm_freq_capped_now|currently_throttled|arm_freq_capped_occurred|throttling_occurred|soft_temp_limit_occurred,1,,17,37,drone-pi,aarch64,Raspberry Pi 5 Model B Rev 1.0,true,4
1,qwen2.5-0.5b-instruct-Q4_K_M-warmup,0114,403,,,end_of_speech,1777.323,,,,,,600.388,1176.935,,,,693.72,90.0,arm_freq_capped_now|currently_throttled|arm_freq_capped_occurred|throttling_occurred|soft_temp_limit_occurred,1,,20,46,drone-pi,aarch64,Raspberry Pi 5 Model B Rev 1.0,true,4
1,qwen2.5-0.5b-instruct-Q4_K_M-warmup,0145,404,,,end_of_speech,649.437,,,,,,365.288,284.149,,,,693.72,90.6,arm_freq_capped_now|currently_throttled|arm_freq_capped_occurred|throttling_occurred|soft_temp_limit_occurred,1,,6,33,drone-pi,aarch64,Raspberry Pi 5 Model B Rev 1.0,true,4
1,qwen2.5-0.5b-instruct-Q4_K_M-warmup,0137,405,,,end_of_speech,1006.522,,,,,,371.038,635.484,,,,693.72,90.0,arm_freq_capped_now|currently_throttled|arm_freq_capped_occurred|throttling_occurred|soft_temp_limit_occurred,1,,12,36,drone-pi,aarch64,Raspberry Pi 5 Model B Rev 1.0,true,4
1,qwen2.5-0.5b-instruct-Q4_K_M-warmup,0020,406,,,end_of_speech,895.688,,,,,,378.156,517.532,,,,693.72,89.5,arm_freq_capped_now|currently_throttled|arm_freq_capped_occurred|throttling_occurred|soft_temp_limit_occurred,1,,10,34,drone-pi,aarch64,Raspberry Pi 5 Model B Rev 1.0,true,4
1,qwen2.5-0.5b-instruct-Q4_K_M-warmup,0080,407,,,end_of_speech,598.312,,,,,,276.298,322.014,,,,693.72,89.5,arm_freq_capped_now|currently_throttled|arm_freq_capped_occurred|throttling_occurred|soft_temp_limit_occurred,1,,6,32,drone-pi,aarch64,Raspberry Pi 5 Model B Rev 1.0,true,4
1,qwen2.5-0.5b-instruct-Q4_K_M-warmup,0069,408,,,end_of_speech,1074.957,,,,,,320.72,754.237,,,,693.72,89.5,arm_freq_capped_now|currently_throttled|arm_freq_capped_occurred|throttling_occurred|soft_temp_limit_occurred,1,,13,34,drone-pi,aarch64,Raspberry Pi 5 Model B Rev 1.0,true,4
1,qwen2.5-0.5b-instruct-Q4_K_M-warmup,0047,409,,,end_of_speech,697.39,,,,,,50.226,647.164,,,,693.72,87.8,arm_freq_capped_now|currently_throttled|arm_freq_capped_occurred|throttling_occurred|soft_temp_limit_occurred,1,,12,39,drone-pi,aarch64,Raspberry Pi 5 Model B Rev 1.0,true,4
1,qwen2.5-0.5b-instruct-Q4_K_M-warmup,0050,410,,,end_of_speech,729.131,,,,,,50.504,678.627,,,,693.72,89.5,arm_freq_capped_now|currently_throttled|arm_freq_capped_occurred|throttling_occurred|soft_temp_limit_occurred,1,,12,38,drone-pi,aarch64,Raspberry Pi 5 Model B Rev 1.0,true,4
1,qwen2.5-0.5b-instruct-Q4_K_M-warmup,0172,411,,,end_of_speech,916.927,,,,,,50.852,866.075,,,,693.72,90.0,arm_freq_capped_now|currently_throttled|arm_freq_capped_occurred|throttling_occurred|soft_temp_limit_occurred,1,,17,41,drone-pi,aarch64,Raspberry Pi 5 Model B Rev 1.0,true,4
1,qwen2.5-0.5b-instruct-Q4_K_M-warmup,0076,412,,,end_of_speech,881.048,,,,,,355.318,525.73,,,,693.72,88.9,arm_freq_capped_now|currently_throttled|arm_freq_capped_occurred|throttling_occurred|soft_temp_limit_occurred,1,,10,33,drone-pi,aarch64,Raspberry Pi 5 Model B Rev 1.0,true,4
1,qwen2.5-0.5b-instruct-Q4_K_M-warmup,0180,413,,,end_of_speech,1697.334,,,,,,484.162,1213.172,,,,693.72,89.5,arm_freq_capped_now|currently_throttled|arm_freq_capped_occurred|throttling_occurred|soft_temp_limit_occurred,1,,22,41,drone-pi,aarch64,Raspberry Pi 5 Model B Rev 1.0,true,4
1,qwen2.5-0.5b-instruct-Q4_K_M-warmup,0064,414,,,end_of_speech,891.625,,,,,,225.219,666.406,,,,693.72,89.5,arm_freq_capped_now|currently_throttled|arm_freq_capped_occurred|throttling_occurred|soft_temp_limit_occurred,1,,13,33,drone-pi,aarch64,Raspberry Pi 5 Model B Rev 1.0,true,4
1,qwen2.5-0.5b-instruct-Q4_K_M-warmup,0022,415,,,end_of_speech,1038.697,,,,,,50.684,988.013,,,,693.72,89.5,arm_freq_capped_now|currently_throttled|arm_freq_capped_occurred|throttling_occurred|soft_temp_limit_occurred,1,,17,34,drone-pi,aarch64,Raspberry Pi 5 Model B Rev 1.0,true,4
1,qwen2.5-0.5b-instruct-Q4_K_M-warmup,0149,416,,,end_of_speech,1294.201,,,,,,50.619,1243.582,,,,693.72,87.3,arm_freq_capped_now|currently_throttled|arm_freq_capped_occurred|throttling_occurred|soft_temp_limit_occurred,1,,22,37,drone-pi,aarch64,Raspberry Pi 5 Model B Rev 1.0,true,4
1,qwen2.5-0.5b-instruct-Q4_K_M-warmup,0169,417,,,end_of_speech,1233.983,,,,,,50.593,1183.39,,,,693.72,90.0,arm_freq_capped_now|currently_throttled|arm_freq_capped_occurred|throttling_occurred|soft_temp_limit_occurred,1,,22,42,drone-pi,aarch64,Raspberry Pi 5 Model B Rev 1.0,true,4
1,qwen2.5-0.5b-instruct-Q4_K_M-warmup,0152,418,,,end_of_speech,1064.026,,,,,,397.284,666.742,,,,693.72,89.5,arm_freq_capped_now|currently_throttled|arm_freq_capped_occurred|throttling_occurred|soft_temp_limit_occurred,1,,12,38,drone-pi,aarch64,Raspberry Pi 5 Model B Rev 1.0,true,4
1,qwen2.5-0.5b-instruct-Q4_K_M-warmup,0010,419,,,end_of_speech,1701.801,,,,,,50.533,1651.268,,,,693.72,90.0,arm_freq_capped_now|currently_throttled|arm_freq_capped_occurred|throttling_occurred|soft_temp_limit_occurred,1,,28,53,drone-pi,aarch64,Raspberry Pi 5 Model B Rev 1.0,true,4
1,qwen2.5-0.5b-instruct-Q4_K_M-warmup,0151,420,,,end_of_speech,843.416,,,,,,50.741,792.675,,,,693.72,89.5,arm_freq_capped_now|currently_throttled|arm_freq_capped_occurred|throttling_occurred|soft_temp_limit_occurred,1,,14,37,drone-pi,aarch64,Raspberry Pi 5 Model B Rev 1.0,true,4
1,qwen2.5-0.5b-instruct-Q4_K_M-warmup,0162,421,,,end_of_speech,1177.986,,,,,,50.929,1127.057,,,,693.72,90.0,arm_freq_capped_now|currently_throttled|arm_freq_capped_occurred|throttling_occurred|soft_temp_limit_occurred,1,,21,51,drone-pi,aarch64,Raspberry Pi 5 Model B Rev 1.0,true,4
1,qwen2.5-0.5b-instruct-Q4_K_M-warmup,0182,422,,,end_of_speech,692.22,,,,,,378.696,313.524,,,,693.72,87.8,arm_freq_capped_now|currently_throttled|arm_freq_capped_occurred|throttling_occurred|soft_temp_limit_occurred,1,,6,35,drone-pi,aarch64,Raspberry Pi 5 Model B Rev 1.0,true,4
1,qwen2.5-0.5b-instruct-Q4_K_M-warmup,0072,423,,,end_of_speech,902.579,,,,,,283.167,619.412,,,,693.72,90.0,arm_freq_capped_now|currently_throttled|arm_freq_capped_occurred|throttling_occurred|soft_temp_limit_occurred,1,,12,32,drone-pi,aarch64,Raspberry Pi 5 Model B Rev 1.0,true,4
1,qwen2.5-0.5b-instruct-Q4_K_M-warmup,0033,424,,,end_of_speech,951.682,,,,,,417.559,534.123,,,,693.72,88.9,arm_freq_capped_now|currently_throttled|arm_freq_capped_occurred|throttling_occurred|soft_temp_limit_occurred,1,,10,37,drone-pi,aarch64,Raspberry Pi 5 Model B Rev 1.0,true,4
1,qwen2.5-0.5b-instruct-Q4_K_M-warmup,0116,425,,,end_of_speech,1034.122,,,,,,50.278,983.844,,,,693.72,90.0,arm_freq_capped_now|currently_throttled|arm_freq_capped_occurred|throttling_occurred|soft_temp_limit_occurred,1,,18,43,drone-pi,aarch64,Raspberry Pi 5 Model B Rev 1.0,true,4
1,qwen2.5-0.5b-instruct-Q4_K_M-warmup,0105,426,,,end_of_speech,1122.048,,,,,,74.877,1047.171,,,,693.72,89.5,arm_freq_capped_now|currently_throttled|arm_freq_capped_occurred|throttling_occurred|soft_temp_limit_occurred,1,,19,39,drone-pi,aarch64,Raspberry Pi 5 Model B Rev 1.0,true,4
1,qwen2.5-0.5b-instruct-Q4_K_M-warmup,0089,427,,,end_of_speech,1763.108,,,,,,50.637,1712.471,,,,693.72,88.9,arm_freq_capped_now|currently_throttled|arm_freq_capped_occurred|throttling_occurred|soft_temp_limit_occurred,1,,28,56,drone-pi,aarch64,Raspberry Pi 5 Model B Rev 1.0,true,4
1,qwen2.5-0.5b-instruct-Q4_K_M-warmup,0062,428,,,end_of_speech,655.8,,,,,,50.997,604.803,,,,693.72,89.5,arm_freq_capped_now|currently_throttled|arm_freq_capped_occurred|throttling_occurred|soft_temp_limit_occurred,1,,12,36,drone-pi,aarch64,Raspberry Pi 5 Model B Rev 1.0,true,4
1,qwen2.5-0.5b-instruct-Q4_K_M-warmup,0113,429,,,end_of_speech,1615.317,,,,,,50.633,1564.684,,,,693.72,88.9,arm_freq_capped_now|currently_throttled|arm_freq_capped_occurred|throttling_occurred|soft_temp_limit_occurred,1,,28,44,drone-pi,aarch64,Raspberry Pi 5 Model B Rev 1.0,true,4
1,qwen2.5-0.5b-instruct-Q4_K_M-warmup,0193,430,,,end_of_speech,1875.461,,,,,,638.189,1237.272,,,,693.72,88.9,arm_freq_capped_now|currently_throttled|arm_freq_capped_occurred|throttling_occurred|soft_temp_limit_occurred,1,,22,47,drone-pi,aarch64,Raspberry Pi 5 Model B Rev 1.0,true,4
1,qwen2.5-0.5b-instruct-Q4_K_M-warmup,0006,431,,,end_of_speech,565.982,,,,,,278.764,287.218,,,,693.72,90.0,arm_freq_capped_now|currently_throttled|arm_freq_capped_occurred|throttling_occurred|soft_temp_limit_occurred,1,,6,32,drone-pi,aarch64,Raspberry Pi 5 Model B Rev 1.0,true,4
1,qwen2.5-0.5b-instruct-Q4_K_M-warmup,0196,432,,,end_of_speech,1231.39,,,,,,596.473,634.917,,,,693.72,89.5,arm_freq_capped_now|currently_throttled|arm_freq_capped_occurred|throttling_occurred|soft_temp_limit_occurred,1,,13,39,drone-pi,aarch64,Raspberry Pi 5 Model B Rev 1.0,true,4
1,qwen2.5-0.5b-instruct-Q4_K_M-warmup,0186,433,,,end_of_speech,1074.132,,,,,,54.525,1019.607,,,,693.72,90.6,arm_freq_capped_now|currently_throttled|arm_freq_capped_occurred|throttling_occurred|soft_temp_limit_occurred,1,,20,40,drone-pi,aarch64,Raspberry Pi 5 Model B Rev 1.0,true,4
1,qwen2.5-0.5b-instruct-Q4_K_M-warmup,0075,434,,,end_of_speech,1541.046,,,,,,74.414,1466.632,,,,693.72,89.5,arm_freq_capped_now|currently_throttled|arm_freq_capped_occurred|throttling_occurred|soft_temp_limit_occurred,1,,26,53,drone-pi,aarch64,Raspberry Pi 5 Model B Rev 1.0,true,4
1,qwen2.5-0.5b-instruct-Q4_K_M-warmup,0131,435,,,end_of_speech,1202.223,,,,,,50.449,1151.774,,,,693.72,88.9,arm_freq_capped_now|currently_throttled|arm_freq_capped_occurred|throttling_occurred|soft_temp_limit_occurred,1,,22,47,drone-pi,aarch64,Raspberry Pi 5 Model B Rev 1.0,true,4
1,qwen2.5-0.5b-instruct-Q4_K_M-warmup,0121,436,,,end_of_speech,870.652,,,,,,235.162,635.49,,,,693.72,90.0,arm_freq_capped_now|currently_throttled|arm_freq_capped_occurred|throttling_occurred|soft_temp_limit_occurred,1,,13,31,drone-pi,aarch64,Raspberry Pi 5 Model B Rev 1.0,true,4
1,qwen2.5-0.5b-instruct-Q4_K_M-warmup,0101,437,,,end_of_speech,1447.395,,,,,,519.704,927.691,,,,693.72,88.9,arm_freq_capped_now|currently_throttled|arm_freq_capped_occurred|throttling_occurred|soft_temp_limit_occurred,1,,18,40,drone-pi,aarch64,Raspberry Pi 5 Model B Rev 1.0,true,4
1,qwen2.5-0.5b-instruct-Q4_K_M-warmup,0032,438,,,end_of_speech,541.528,,,,,,271.813,269.715,,,,693.72,90.0,arm_freq_capped_now|currently_throttled|arm_freq_capped_occurred|throttling_occurred|soft_temp_limit_occurred,1,,6,31,drone-pi,aarch64,Raspberry Pi 5 Model B Rev 1.0,true,4
1,qwen2.5-0.5b-instruct-Q4_K_M-warmup,0018,439,,,end_of_speech,615.697,,,,,,306.007,309.69,,,,693.72,90.6,arm_freq_capped_now|currently_throttled|arm_freq_capped_occurred|throttling_occurred|soft_temp_limit_occurred,1,,6,33,drone-pi,aarch64,Raspberry Pi 5 Model B Rev 1.0,true,4
1,qwen2.5-0.5b-instruct-Q4_K_M-warmup,0049,440,,,end_of_speech,2007.377,,,,,,616.778,1390.599,,,,693.72,89.5,arm_freq_capped_now|currently_throttled|arm_freq_capped_occurred|throttling_occurred|soft_temp_limit_occurred,1,,24,44,drone-pi,aarch64,Raspberry Pi 5 Model B Rev 1.0,true,4
1,qwen2.5-0.5b-instruct-Q4_K_M-warmup,0065,441,,,end_of_speech,1560.49,,,,,,71.02,1489.47,,,,693.72,89.5,arm_freq_capped_now|currently_throttled|arm_freq_capped_occurred|throttling_occurred|soft_temp_limit_occurred,1,,27,51,drone-pi,aarch64,Raspberry Pi 5 Model B Rev 1.0,true,4
1,qwen2.5-0.5b-instruct-Q4_K_M-warmup,0110,442,,,end_of_speech,1465.445,,,,,,50.509,1414.936,,,,693.72,89.5,arm_freq_capped_now|currently_throttled|arm_freq_capped_occurred|throttling_occurred|soft_temp_limit_occurred,1,,24,44,drone-pi,aarch64,Raspberry Pi 5 Model B Rev 1.0,true,4
1,qwen2.5-0.5b-instruct-Q4_K_M-warmup,0048,443,,,end_of_speech,469.283,,,,,,185.201,284.082,,,,693.72,88.9,arm_freq_capped_now|currently_throttled|arm_freq_capped_occurred|throttling_occurred|soft_temp_limit_occurred,1,,6,30,drone-pi,aarch64,Raspberry Pi 5 Model B Rev 1.0,true,4
1,qwen2.5-0.5b-instruct-Q4_K_M-warmup,0097,444,,,end_of_speech,628.095,,,,,,322.715,305.38,,,,693.72,89.5,arm_freq_capped_now|currently_throttled|arm_freq_capped_occurred|throttling_occurred|soft_temp_limit_occurred,1,,6,35,drone-pi,aarch64,Raspberry Pi 5 Model B Rev 1.0,true,4
1,qwen2.5-0.5b-instruct-Q4_K_M-warmup,0127,445,,,end_of_speech,1196.939,,,,,,511.075,685.864,,,,693.72,91.1,arm_freq_capped_now|currently_throttled|arm_freq_capped_occurred|throttling_occurred|soft_temp_limit_occurred,1,,14,38,drone-pi,aarch64,Raspberry Pi 5 Model B Rev 1.0,true,4
1,qwen2.5-0.5b-instruct-Q4_K_M-warmup,0123,446,,,end_of_speech,1238.635,,,,,,74.254,1164.381,,,,693.72,90.0,arm_freq_capped_now|currently_throttled|arm_freq_capped_occurred|throttling_occurred|soft_temp_limit_occurred,1,,20,39,drone-pi,aarch64,Raspberry Pi 5 Model B Rev 1.0,true,4
1,qwen2.5-0.5b-instruct-Q4_K_M-warmup,0144,447,,,end_of_speech,1054.982,,,,,,401.729,653.253,,,,693.72,88.9,arm_freq_capped_now|currently_throttled|arm_freq_capped_occurred|throttling_occurred|soft_temp_limit_occurred,1,,13,38,drone-pi,aarch64,Raspberry Pi 5 Model B Rev 1.0,true,4
1,qwen2.5-0.5b-instruct-Q4_K_M-warmup,0057,448,,,end_of_speech,651.936,,,,,,335.232,316.704,,,,693.72,88.4,arm_freq_capped_now|currently_throttled|arm_freq_capped_occurred|throttling_occurred|soft_temp_limit_occurred,1,,6,33,drone-pi,aarch64,Raspberry Pi 5 Model B Rev 1.0,true,4
1,qwen2.5-0.5b-instruct-Q4_K_M-warmup,0083,449,,,end_of_speech,1393.975,,,,,,526.006,867.969,,,,693.72,88.9,arm_freq_capped_now|currently_throttled|arm_freq_capped_occurred|throttling_occurred|soft_temp_limit_occurred,1,,17,40,drone-pi,aarch64,Raspberry Pi 5 Model B Rev 1.0,true,4
1,qwen2.5-0.5b-instruct-Q4_K_M-warmup,0168,450,,,end_of_speech,830.31,,,,,,249.297,581.013,,,,693.72,88.4,arm_freq_capped_now|currently_throttled|arm_freq_capped_occurred|throttling_occurred|soft_temp_limit_occurred,1,,10,34,drone-pi,aarch64,Raspberry Pi 5 Model B Rev 1.0,true,4
1,qwen2.5-0.5b-instruct-Q4_K_M-warmup,0134,451,,,end_of_speech,1642.542,,,,,,740.269,902.273,,,,693.72,90.0,arm_freq_capped_now|currently_throttled|arm_freq_capped_occurred|throttling_occurred|soft_temp_limit_occurred,1,,17,49,drone-pi,aarch64,Raspberry Pi 5 Model B Rev 1.0,true,4
1,qwen2.5-0.5b-instruct-Q4_K_M-warmup,0128,452,,,end_of_speech,1192.437,,,,,,74.285,1118.152,,,,693.72,89.5,arm_freq_capped_now|currently_throttled|arm_freq_capped_occurred|throttling_occurred|soft_temp_limit_occurred,1,,20,44,drone-pi,aarch64,Raspberry Pi 5 Model B Rev 1.0,true,4
1,qwen2.5-0.5b-instruct-Q4_K_M-warmup,0092,453,,,end_of_speech,1305.208,,,,,,372.265,932.943,,,,693.72,90.0,arm_freq_capped_now|currently_throttled|arm_freq_capped_occurred|throttling_occurred|soft_temp_limit_occurred,1,,17,36,drone-pi,aarch64,Raspberry Pi 5 Model B Rev 1.0,true,4
1,qwen2.5-0.5b-instruct-Q4_K_M-warmup,0120,454,,,end_of_speech,1191.677,,,,,,74.628,1117.049,,,,693.72,88.4,arm_freq_capped_now|currently_throttled|arm_freq_capped_occurred|throttling_occurred|soft_temp_limit_occurred,1,,20,52,drone-pi,aarch64,Raspberry Pi 5 Model B Rev 1.0,true,4
1,qwen2.5-0.5b-instruct-Q4_K_M-warmup,0059,455,,,end_of_speech,1051.966,,,,,,50.505,1001.461,,,,693.72,89.5,arm_freq_capped_now|currently_throttled|arm_freq_capped_occurred|throttling_occurred|soft_temp_limit_occurred,1,,19,43,drone-pi,aarch64,Raspberry Pi 5 Model B Rev 1.0,true,4
1,qwen2.5-0.5b-instruct-Q4_K_M-warmup,0141,456,,,end_of_speech,1175.551,,,,,,50.678,1124.873,,,,693.72,88.9,arm_freq_capped_now|currently_throttled|arm_freq_capped_occurred|throttling_occurred|soft_temp_limit_occurred,1,,19,49,drone-pi,aarch64,Raspberry Pi 5 Model B Rev 1.0,true,4
1,qwen2.5-0.5b-instruct-Q4_K_M-warmup,0108,457,,,end_of_speech,699.586,,,,,,50.431,649.155,,,,693.72,91.1,arm_freq_capped_now|currently_throttled|arm_freq_capped_occurred|throttling_occurred|soft_temp_limit_occurred,1,,12,39,drone-pi,aarch64,Raspberry Pi 5 Model B Rev 1.0,true,4
1,qwen2.5-0.5b-instruct-Q4_K_M-warmup,0159,458,,,end_of_speech,942.779,,,,,,74.155,868.624,,,,693.72,89.5,arm_freq_capped_now|currently_throttled|arm_freq_capped_occurred|throttling_occurred|soft_temp_limit_occurred,1,,17,39,drone-pi,aarch64,Raspberry Pi 5 Model B Rev 1.0,true,4
1,qwen2.5-0.5b-instruct-Q4_K_M-warmup,0056,459,,,end_of_speech,1021.754,,,,,,50.526,971.228,,,,693.72,88.4,arm_freq_capped_now|currently_throttled|arm_freq_capped_occurred|throttling_occurred|soft_temp_limit_occurred,1,,17,41,drone-pi,aarch64,Raspberry Pi 5 Model B Rev 1.0,true,4
1,qwen2.5-0.5b-instruct-Q4_K_M-warmup,0009,460,,,end_of_speech,653.958,,,,,,401.861,252.097,,,,693.72,90.6,arm_freq_capped_now|currently_throttled|arm_freq_capped_occurred|throttling_occurred|soft_temp_limit_occurred,1,,6,36,drone-pi,aarch64,Raspberry Pi 5 Model B Rev 1.0,true,4
1,qwen2.5-0.5b-instruct-Q4_K_M-warmup,0038,461,,,end_of_speech,2548.993,,,,,,889.776,1659.217,,,,693.72,90.6,arm_freq_capped_now|currently_throttled|arm_freq_capped_occurred|throttling_occurred|soft_temp_limit_occurred,1,,29,54,drone-pi,aarch64,Raspberry Pi 5 Model B Rev 1.0,true,4
1,qwen2.5-0.5b-instruct-Q4_K_M-warmup,0167,462,,,end_of_speech,941.223,,,,,,74.69,866.533,,,,693.72,89.5,arm_freq_capped_now|currently_throttled|arm_freq_capped_occurred|throttling_occurred|soft_temp_limit_occurred,1,,17,37,drone-pi,aarch64,Raspberry Pi 5 Model B Rev 1.0,true,4
1,qwen2.5-0.5b-instruct-Q4_K_M-warmup,0114,463,,,end_of_speech,1883.117,,,,,,638.066,1245.051,,,,693.72,88.4,arm_freq_capped_now|currently_throttled|arm_freq_capped_occurred|throttling_occurred|soft_temp_limit_occurred,1,,20,46,drone-pi,aarch64,Raspberry Pi 5 Model B Rev 1.0,true,4
1,qwen2.5-0.5b-instruct-Q4_K_M-warmup,0145,464,,,end_of_speech,590.011,,,,,,313.836,276.175,,,,693.72,88.9,arm_freq_capped_now|currently_throttled|arm_freq_capped_occurred|throttling_occurred|soft_temp_limit_occurred,1,,6,33,drone-pi,aarch64,Raspberry Pi 5 Model B Rev 1.0,true,4
1,qwen2.5-0.5b-instruct-Q4_K_M-warmup,0137,465,,,end_of_speech,1041.681,,,,,,400.497,641.184,,,,693.72,88.9,arm_freq_capped_now|currently_throttled|arm_freq_capped_occurred|throttling_occurred|soft_temp_limit_occurred,1,,12,36,drone-pi,aarch64,Raspberry Pi 5 Model B Rev 1.0,true,4
1,qwen2.5-0.5b-instruct-Q4_K_M-warmup,0020,466,,,end_of_speech,868.615,,,,,,320.701,547.914,,,,693.72,88.4,arm_freq_capped_now|currently_throttled|arm_freq_capped_occurred|throttling_occurred|soft_temp_limit_occurred,1,,10,34,drone-pi,aarch64,Raspberry Pi 5 Model B Rev 1.0,true,4
1,qwen2.5-0.5b-instruct-Q4_K_M-warmup,0080,467,,,end_of_speech,591.518,,,,,,267.259,324.259,,,,693.72,87.8,arm_freq_capped_now|currently_throttled|arm_freq_capped_occurred|throttling_occurred|soft_temp_limit_occurred,1,,6,32,drone-pi,aarch64,Raspberry Pi 5 Model B Rev 1.0,true,4
1,qwen2.5-0.5b-instruct-Q4_K_M-warmup,0069,468,,,end_of_speech,986.495,,,,,,320.698,665.797,,,,693.72,88.9,arm_freq_capped_now|currently_throttled|arm_freq_capped_occurred|throttling_occurred|soft_temp_limit_occurred,1,,13,34,drone-pi,aarch64,Raspberry Pi 5 Model B Rev 1.0,true,4
1,qwen2.5-0.5b-instruct-Q4_K_M-warmup,0047,469,,,end_of_speech,723.222,,,,,,74.005,649.217,,,,693.72,90.0,arm_freq_capped_now|currently_throttled|arm_freq_capped_occurred|throttling_occurred|soft_temp_limit_occurred,1,,12,39,drone-pi,aarch64,Raspberry Pi 5 Model B Rev 1.0,true,4
1,qwen2.5-0.5b-instruct-Q4_K_M-warmup,0050,470,,,end_of_speech,665.353,,,,,,50.44,614.913,,,,693.72,88.9,arm_freq_capped_now|currently_throttled|arm_freq_capped_occurred|throttling_occurred|soft_temp_limit_occurred,1,,12,38,drone-pi,aarch64,Raspberry Pi 5 Model B Rev 1.0,true,4
1,qwen2.5-0.5b-instruct-Q4_K_M-warmup,0172,471,,,end_of_speech,917.303,,,,,,50.684,866.619,,,,693.72,90.0,arm_freq_capped_now|currently_throttled|arm_freq_capped_occurred|throttling_occurred|soft_temp_limit_occurred,1,,17,41,drone-pi,aarch64,Raspberry Pi 5 Model B Rev 1.0,true,4
1,qwen2.5-0.5b-instruct-Q4_K_M-warmup,0076,472,,,end_of_speech,881.258,,,,,,335.776,545.482,,,,693.72,90.0,arm_freq_capped_now|currently_throttled|arm_freq_capped_occurred|throttling_occurred|soft_temp_limit_occurred,1,,10,33,drone-pi,aarch64,Raspberry Pi 5 Model B Rev 1.0,true,4
1,qwen2.5-0.5b-instruct-Q4_K_M-warmup,0180,473,,,end_of_speech,1696.566,,,,,,509.829,1186.737,,,,693.72,88.9,arm_freq_capped_now|currently_throttled|arm_freq_capped_occurred|throttling_occurred|soft_temp_limit_occurred,1,,22,41,drone-pi,aarch64,Raspberry Pi 5 Model B Rev 1.0,true,4
1,qwen2.5-0.5b-instruct-Q4_K_M-warmup,0064,474,,,end_of_speech,957.291,,,,,,258.841,698.45,,,,693.72,89.5,arm_freq_capped_now|currently_throttled|arm_freq_capped_occurred|throttling_occurred|soft_temp_limit_occurred,1,,13,33,drone-pi,aarch64,Raspberry Pi 5 Model B Rev 1.0,true,4
1,qwen2.5-0.5b-instruct-Q4_K_M-warmup,0022,475,,,end_of_speech,1072.179,,,,,,50.607,1021.572,,,,693.72,88.4,arm_freq_capped_now|currently_throttled|arm_freq_capped_occurred|throttling_occurred|soft_temp_limit_occurred,1,,17,34,drone-pi,aarch64,Raspberry Pi 5 Model B Rev 1.0,true,4
1,qwen2.5-0.5b-instruct-Q4_K_M-warmup,0149,476,,,end_of_speech,1202.71,,,,,,50.808,1151.902,,,,693.72,90.0,arm_freq_capped_now|currently_throttled|arm_freq_capped_occurred|throttling_occurred|soft_temp_limit_occurred,1,,22,37,drone-pi,aarch64,Raspberry Pi 5 Model B Rev 1.0,true,4
1,qwen2.5-0.5b-instruct-Q4_K_M-warmup,0169,477,,,end_of_speech,1236.972,,,,,,74.25,1162.722,,,,693.72,90.0,arm_freq_capped_now|currently_throttled|arm_freq_capped_occurred|throttling_occurred|soft_temp_limit_occurred,1,,22,42,drone-pi,aarch64,Raspberry Pi 5 Model B Rev 1.0,true,4
1,qwen2.5-0.5b-instruct-Q4_K_M-warmup,0152,478,,,end_of_speech,1126.69,,,,,,393.877,732.813,,,,693.72,87.8,arm_freq_capped_now|currently_throttled|arm_freq_capped_occurred|throttling_occurred|soft_temp_limit_occurred,1,,12,38,drone-pi,aarch64,Raspberry Pi 5 Model B Rev 1.0,true,4
1,qwen2.5-0.5b-instruct-Q4_K_M-warmup,0010,479,,,end_of_speech,1569.405,,,,,,50.599,1518.806,,,,693.72,88.4,arm_freq_capped_now|currently_throttled|arm_freq_capped_occurred|throttling_occurred|soft_temp_limit_occurred,1,,28,53,drone-pi,aarch64,Raspberry Pi 5 Model B Rev 1.0,true,4
1,qwen2.5-0.5b-instruct-Q4_K_M-warmup,0151,480,,,end_of_speech,797.873,,,,,,50.855,747.018,,,,693.72,90.0,arm_freq_capped_now|currently_throttled|arm_freq_capped_occurred|throttling_occurred|soft_temp_limit_occurred,1,,14,37,drone-pi,aarch64,Raspberry Pi 5 Model B Rev 1.0,true,4
1,qwen2.5-0.5b-instruct-Q4_K_M-warmup,0162,481,,,end_of_speech,1216.686,,,,,,74.596,1142.09,,,,693.72,89.5,arm_freq_capped_now|currently_throttled|arm_freq_capped_occurred|throttling_occurred|soft_temp_limit_occurred,1,,21,51,drone-pi,aarch64,Raspberry Pi 5 Model B Rev 1.0,true,4
1,qwen2.5-0.5b-instruct-Q4_K_M-warmup,0182,482,,,end_of_speech,603.363,,,,,,311.332,292.031,,,,693.72,88.9,arm_freq_capped_now|currently_throttled|arm_freq_capped_occurred|throttling_occurred|soft_temp_limit_occurred,1,,6,35,drone-pi,aarch64,Raspberry Pi 5 Model B Rev 1.0,true,4
1,qwen2.5-0.5b-instruct-Q4_K_M-warmup,0072,483,,,end_of_speech,966.527,,,,,,316.091,650.436,,,,693.72,88.4,arm_freq_capped_now|currently_throttled|arm_freq_capped_occurred|throttling_occurred|soft_temp_limit_occurred,1,,12,32,drone-pi,aarch64,Raspberry Pi 5 Model B Rev 1.0,true,4
1,qwen2.5-0.5b-instruct-Q4_K_M-warmup,0033,484,,,end_of_speech,930.833,,,,,,425.477,505.356,,,,693.72,90.0,arm_freq_capped_now|currently_throttled|arm_freq_capped_occurred|throttling_occurred|soft_temp_limit_occurred,1,,10,37,drone-pi,aarch64,Raspberry Pi 5 Model B Rev 1.0,true,4
1,qwen2.5-0.5b-instruct-Q4_K_M-warmup,0116,485,,,end_of_speech,1089.912,,,,,,74.787,1015.125,,,,693.72,88.9,arm_freq_capped_now|currently_throttled|arm_freq_capped_occurred|throttling_occurred|soft_temp_limit_occurred,1,,18,43,drone-pi,aarch64,Raspberry Pi 5 Model B Rev 1.0,true,4
1,qwen2.5-0.5b-instruct-Q4_K_M-warmup,0105,486,,,end_of_speech,1086.971,,,,,,51.099,1035.872,,,,693.72,89.5,arm_freq_capped_now|currently_throttled|arm_freq_capped_occurred|throttling_occurred|soft_temp_limit_occurred,1,,19,39,drone-pi,aarch64,Raspberry Pi 5 Model B Rev 1.0,true,4
1,qwen2.5-0.5b-instruct-Q4_K_M-warmup,0089,487,,,end_of_speech,1698.291,,,,,,50.698,1647.593,,,,693.72,90.0,arm_freq_capped_now|currently_throttled|arm_freq_capped_occurred|throttling_occurred|soft_temp_limit_occurred,1,,28,56,drone-pi,aarch64,Raspberry Pi 5 Model B Rev 1.0,true,4
1,qwen2.5-0.5b-instruct-Q4_K_M-warmup,0062,488,,,end_of_speech,694.899,,,,,,74.852,620.047,,,,693.72,88.4,arm_freq_capped_now|currently_throttled|arm_freq_capped_occurred|throttling_occurred|soft_temp_limit_occurred,1,,12,36,drone-pi,aarch64,Raspberry Pi 5 Model B Rev 1.0,true,4
1,qwen2.5-0.5b-instruct-Q4_K_M-warmup,0113,489,,,end_of_speech,1591.13,,,,,,50.583,1540.547,,,,693.72,90.0,arm_freq_capped_now|currently_throttled|arm_freq_capped_occurred|throttling_occurred|soft_temp_limit_occurred,1,,28,44,drone-pi,aarch64,Raspberry Pi 5 Model B Rev 1.0,true,4
1,qwen2.5-0.5b-instruct-Q4_K_M-warmup,0193,490,,,end_of_speech,1891.513,,,,,,663.701,1227.812,,,,693.72,90.0,arm_freq_capped_now|currently_throttled|arm_freq_capped_occurred|throttling_occurred|soft_temp_limit_occurred,1,,22,47,drone-pi,aarch64,Raspberry Pi 5 Model B Rev 1.0,true,4
1,qwen2.5-0.5b-instruct-Q4_K_M-warmup,0006,491,,,end_of_speech,593.663,,,,,,274.999,318.664,,,,693.72,90.0,arm_freq_capped_now|currently_throttled|arm_freq_capped_occurred|throttling_occurred|soft_temp_limit_occurred,1,,6,32,drone-pi,aarch64,Raspberry Pi 5 Model B Rev 1.0,true,4
1,qwen2.5-0.5b-instruct-Q4_K_M-warmup,0196,492,,,end_of_speech,1195.181,,,,,,528.371,666.81,,,,693.72,90.0,arm_freq_capped_now|currently_throttled|arm_freq_capped_occurred|throttling_occurred|soft_temp_limit_occurred,1,,13,39,drone-pi,aarch64,Raspberry Pi 5 Model B Rev 1.0,true,4
1,qwen2.5-0.5b-instruct-Q4_K_M-warmup,0186,493,,,end_of_speech,1162.388,,,,,,74.158,1088.23,,,,693.72,89.5,arm_freq_capped_now|currently_throttled|arm_freq_capped_occurred|throttling_occurred|soft_temp_limit_occurred,1,,20,40,drone-pi,aarch64,Raspberry Pi 5 Model B Rev 1.0,true,4
1,qwen2.5-0.5b-instruct-Q4_K_M-warmup,0075,494,,,end_of_speech,1565.866,,,,,,50.957,1514.909,,,,693.72,89.5,arm_freq_capped_now|currently_throttled|arm_freq_capped_occurred|throttling_occurred|soft_temp_limit_occurred,1,,26,53,drone-pi,aarch64,Raspberry Pi 5 Model B Rev 1.0,true,4
1,qwen2.5-0.5b-instruct-Q4_K_M-warmup,0131,495,,,end_of_speech,1252.818,,,,,,50.901,1201.917,,,,693.72,89.5,arm_freq_capped_now|currently_throttled|arm_freq_capped_occurred|throttling_occurred|soft_temp_limit_occurred,1,,22,47,drone-pi,aarch64,Raspberry Pi 5 Model B Rev 1.0,true,4
1,qwen2.5-0.5b-instruct-Q4_K_M-warmup,0121,496,,,end_of_speech,951.245,,,,,,235.168,716.077,,,,693.72,90.0,arm_freq_capped_now|currently_throttled|arm_freq_capped_occurred|throttling_occurred|soft_temp_limit_occurred,1,,13,31,drone-pi,aarch64,Raspberry Pi 5 Model B Rev 1.0,true,4
1,qwen2.5-0.5b-instruct-Q4_K_M-warmup,0101,497,,,end_of_speech,1540.63,,,,,,486.59,1054.04,,,,693.72,90.0,arm_freq_capped_now|currently_throttled|arm_freq_capped_occurred|throttling_occurred|soft_temp_limit_occurred,1,,18,40,drone-pi,aarch64,Raspberry Pi 5 Model B Rev 1.0,true,4
1,qwen2.5-0.5b-instruct-Q4_K_M-warmup,0032,498,,,end_of_speech,559.11,,,,,,251.276,307.834,,,,693.72,88.4,arm_freq_capped_now|currently_throttled|arm_freq_capped_occurred|throttling_occurred|soft_temp_limit_occurred,1,,6,31,drone-pi,aarch64,Raspberry Pi 5 Model B Rev 1.0,true,4
1,qwen2.5-0.5b-instruct-Q4_K_M-warmup,0018,499,,,end_of_speech,590.464,,,,,,314.289,276.175,,,,693.72,90.0,arm_freq_capped_now|currently_throttled|arm_freq_capped_occurred|throttling_occurred|soft_temp_limit_occurred,1,,6,33,drone-pi,aarch64,Raspberry Pi 5 Model B Rev 1.0,true,4
1,qwen2.5-0.5b-instruct-Q4_K_M-warmup,0049,500,,,end_of_speech,1884.455,,,,,,597.218,1287.237,,,,693.72,88.4,arm_freq_capped_now|currently_throttled|arm_freq_capped_occurred|throttling_occurred|soft_temp_limit_occurred,1,,24,44,drone-pi,aarch64,Raspberry Pi 5 Model B Rev 1.0,true,4
1,qwen2.5-0.5b-instruct-Q4_K_M-warmup,0065,501,,,end_of_speech,1639.171,,,,,,50.368,1588.803,,,,693.72,90.6,arm_freq_capped_now|currently_throttled|arm_freq_capped_occurred|throttling_occurred|soft_temp_limit_occurred,1,,27,51,drone-pi,aarch64,Raspberry Pi 5 Model B Rev 1.0,true,4
1,qwen2.5-0.5b-instruct-Q4_K_M-warmup,0110,502,,,end_of_speech,1365.499,,,,,,74.344,1291.155,,,,693.72,89.5,arm_freq_capped_now|currently_throttled|arm_freq_capped_occurred|throttling_occurred|soft_temp_limit_occurred,1,,24,44,drone-pi,aarch64,Raspberry Pi 5 Model B Rev 1.0,true,4
1,qwen2.5-0.5b-instruct-Q4_K_M-warmup,0048,503,,,end_of_speech,503.886,,,,,,218.523,285.363,,,,693.72,90.0,arm_freq_capped_now|currently_throttled|arm_freq_capped_occurred|throttling_occurred|soft_temp_limit_occurred,1,,6,30,drone-pi,aarch64,Raspberry Pi 5 Model B Rev 1.0,true,4
1,qwen2.5-0.5b-instruct-Q4_K_M-warmup,0097,504,,,end_of_speech,656.977,,,,,,365.671,291.306,,,,693.72,89.5,arm_freq_capped_now|currently_throttled|arm_freq_capped_occurred|throttling_occurred|soft_temp_limit_occurred,1,,6,35,drone-pi,aarch64,Raspberry Pi 5 Model B Rev 1.0,true,4
1,qwen2.5-0.5b-instruct-Q4_K_M-warmup,0127,505,,,end_of_speech,1190.304,,,,,,418.937,771.367,,,,693.72,89.5,arm_freq_capped_now|currently_throttled|arm_freq_capped_occurred|throttling_occurred|soft_temp_limit_occurred,1,,14,38,drone-pi,aarch64,Raspberry Pi 5 Model B Rev 1.0,true,4
1,qwen2.5-0.5b-instruct-Q4_K_M-warmup,0123,506,,,end_of_speech,1137.556,,,,,,50.546,1087.01,,,,693.72,90.0,arm_freq_capped_now|currently_throttled|arm_freq_capped_occurred|throttling_occurred|soft_temp_limit_occurred,1,,20,39,drone-pi,aarch64,Raspberry Pi 5 Model B Rev 1.0,true,4
1,qwen2.5-0.5b-instruct-Q4_K_M-warmup,0144,507,,,end_of_speech,1047.222,,,,,,394.317,652.905,,,,693.72,90.0,arm_freq_capped_now|currently_throttled|arm_freq_capped_occurred|throttling_occurred|soft_temp_limit_occurred,1,,13,38,drone-pi,aarch64,Raspberry Pi 5 Model B Rev 1.0,true,4
1,qwen2.5-0.5b-instruct-Q4_K_M-warmup,0057,508,,,end_of_speech,629.178,,,,,,331.68,297.498,,,,693.72,90.0,arm_freq_capped_now|currently_throttled|arm_freq_capped_occurred|throttling_occurred|soft_temp_limit_occurred,1,,6,33,drone-pi,aarch64,Raspberry Pi 5 Model B Rev 1.0,true,4
1,qwen2.5-0.5b-instruct-Q4_K_M-warmup,0083,509,,,end_of_speech,1422.117,,,,,,518.479,903.638,,,,693.72,90.0,arm_freq_capped_now|currently_throttled|arm_freq_capped_occurred|throttling_occurred|soft_temp_limit_occurred,1,,17,40,drone-pi,aarch64,Raspberry Pi 5 Model B Rev 1.0,true,4
1,qwen2.5-0.5b-instruct-Q4_K_M-warmup,0168,510,,,end_of_speech,888.829,,,,,,321.301,567.528,,,,693.72,88.4,arm_freq_capped_now|currently_throttled|arm_freq_capped_occurred|throttling_occurred|soft_temp_limit_occurred,1,,10,34,drone-pi,aarch64,Raspberry Pi 5 Model B Rev 1.0,true,4
1,qwen2.5-0.5b-instruct-Q4_K_M-warmup,0134,511,,,end_of_speech,1751.832,,,,,,763.294,988.538,,,,693.72,90.0,arm_freq_capped_now|currently_throttled|arm_freq_capped_occurred|throttling_occurred|soft_temp_limit_occurred,1,,17,49,drone-pi,aarch64,Raspberry Pi 5 Model B Rev 1.0,true,4
1,qwen2.5-0.5b-instruct-Q4_K_M-warmup,0128,512,,,end_of_speech,1126.555,,,,,,74.211,1052.344,,,,693.72,90.0,arm_freq_capped_now|currently_throttled|arm_freq_capped_occurred|throttling_occurred|soft_temp_limit_occurred,1,,20,44,drone-pi,aarch64,Raspberry Pi 5 Model B Rev 1.0,true,4
1,qwen2.5-0.5b-instruct-Q4_K_M-warmup,0092,513,,,end_of_speech,1430.338,,,,,,363.992,1066.346,,,,693.72,88.4,arm_freq_capped_now|currently_throttled|arm_freq_capped_occurred|throttling_occurred|soft_temp_limit_occurred,1,,17,36,drone-pi,aarch64,Raspberry Pi 5 Model B Rev 1.0,true,4
1,qwen2.5-0.5b-instruct-Q4_K_M-warmup,0120,514,,,end_of_speech,1267.568,,,,,,50.543,1217.025,,,,693.72,90.6,arm_freq_capped_now|currently_throttled|arm_freq_capped_occurred|throttling_occurred|soft_temp_limit_occurred,1,,20,52,drone-pi,aarch64,Raspberry Pi 5 Model B Rev 1.0,true,4
1,qwen2.5-0.5b-instruct-Q4_K_M-warmup,0059,515,,,end_of_speech,1168.616,,,,,,74.212,1094.404,,,,693.72,88.9,arm_freq_capped_now|currently_throttled|arm_freq_capped_occurred|throttling_occurred|soft_temp_limit_occurred,1,,19,43,drone-pi,aarch64,Raspberry Pi 5 Model B Rev 1.0,true,4
1,qwen2.5-0.5b-instruct-Q4_K_M-warmup,0141,516,,,end_of_speech,1097.667,,,,,,50.647,1047.02,,,,693.72,89.5,arm_freq_capped_now|currently_throttled|arm_freq_capped_occurred|throttling_occurred|soft_temp_limit_occurred,1,,19,49,drone-pi,aarch64,Raspberry Pi 5 Model B Rev 1.0,true,4
1,qwen2.5-0.5b-instruct-Q4_K_M-warmup,0108,517,,,end_of_speech,698.269,,,,,,50.415,647.854,,,,693.72,89.5,arm_freq_capped_now|currently_throttled|arm_freq_capped_occurred|throttling_occurred|soft_temp_limit_occurred,1,,12,39,drone-pi,aarch64,Raspberry Pi 5 Model B Rev 1.0,true,4
1,qwen2.5-0.5b-instruct-Q4_K_M,0151,0,,,end_of_speech,798.883,,,,,,50.909,747.974,,,,693.72,88.9,arm_freq_capped_now|currently_throttled|arm_freq_capped_occurred|throttling_occurred|soft_temp_limit_occurred,1,,14,37,drone-pi,aarch64,Raspberry Pi 5 Model B Rev 1.0,true,4
1,qwen2.5-0.5b-instruct-Q4_K_M,0162,1,,,end_of_speech,1184.811,,,,,,50.681,1134.13,,,,693.72,88.9,arm_freq_capped_now|currently_throttled|arm_freq_capped_occurred|throttling_occurred|soft_temp_limit_occurred,1,,21,51,drone-pi,aarch64,Raspberry Pi 5 Model B Rev 1.0,true,4
1,qwen2.5-0.5b-instruct-Q4_K_M,0182,2,,,end_of_speech,692.167,,,,,,345.181,346.986,,,,693.72,88.9,arm_freq_capped_now|currently_throttled|arm_freq_capped_occurred|throttling_occurred|soft_temp_limit_occurred,1,,6,35,drone-pi,aarch64,Raspberry Pi 5 Model B Rev 1.0,true,4
1,qwen2.5-0.5b-instruct-Q4_K_M,0072,3,,,end_of_speech,997.266,,,,,,285.271,711.995,,,,693.72,88.9,arm_freq_capped_now|currently_throttled|arm_freq_capped_occurred|throttling_occurred|soft_temp_limit_occurred,1,,12,32,drone-pi,aarch64,Raspberry Pi 5 Model B Rev 1.0,true,4
1,qwen2.5-0.5b-instruct-Q4_K_M,0033,4,,,end_of_speech,939.582,,,,,,425.201,514.381,,,,693.72,90.0,arm_freq_capped_now|currently_throttled|arm_freq_capped_occurred|throttling_occurred|soft_temp_limit_occurred,1,,10,37,drone-pi,aarch64,Raspberry Pi 5 Model B Rev 1.0,true,4
1,qwen2.5-0.5b-instruct-Q4_K_M,0116,5,,,end_of_speech,1068.635,,,,,,50.552,1018.083,,,,693.72,88.9,arm_freq_capped_now|currently_throttled|arm_freq_capped_occurred|throttling_occurred|soft_temp_limit_occurred,1,,18,43,drone-pi,aarch64,Raspberry Pi 5 Model B Rev 1.0,true,4
1,qwen2.5-0.5b-instruct-Q4_K_M,0105,6,,,end_of_speech,1115.363,,,,,,50.961,1064.402,,,,693.72,89.5,arm_freq_capped_now|currently_throttled|arm_freq_capped_occurred|throttling_occurred|soft_temp_limit_occurred,1,,19,39,drone-pi,aarch64,Raspberry Pi 5 Model B Rev 1.0,true,4
1,qwen2.5-0.5b-instruct-Q4_K_M,0089,7,,,end_of_speech,1665.674,,,,,,50.756,1614.918,,,,693.72,90.0,arm_freq_capped_now|currently_throttled|arm_freq_capped_occurred|throttling_occurred|soft_temp_limit_occurred,1,,28,56,drone-pi,aarch64,Raspberry Pi 5 Model B Rev 1.0,true,4
1,qwen2.5-0.5b-instruct-Q4_K_M,0062,8,,,end_of_speech,698.11,,,,,,74.722,623.388,,,,693.72,88.9,arm_freq_capped_now|currently_throttled|arm_freq_capped_occurred|throttling_occurred|soft_temp_limit_occurred,1,,12,36,drone-pi,aarch64,Raspberry Pi 5 Model B Rev 1.0,true,4
1,qwen2.5-0.5b-instruct-Q4_K_M,0113,9,,,end_of_speech,1741.516,,,,,,50.454,1691.062,,,,693.72,89.5,arm_freq_capped_now|currently_throttled|arm_freq_capped_occurred|throttling_occurred|soft_temp_limit_occurred,1,,28,44,drone-pi,aarch64,Raspberry Pi 5 Model B Rev 1.0,true,4
1,qwen2.5-0.5b-instruct-Q4_K_M,0193,10,,,end_of_speech,1297.019,,,,,,50.608,1246.411,,,,693.72,88.4,arm_freq_capped_now|currently_throttled|arm_freq_capped_occurred|throttling_occurred|soft_temp_limit_occurred,1,,22,47,drone-pi,aarch64,Raspberry Pi 5 Model B Rev 1.0,true,4
1,qwen2.5-0.5b-instruct-Q4_K_M,0006,11,,,end_of_speech,578.48,,,,,,283.291,295.189,,,,693.72,89.5,arm_freq_capped_now|currently_throttled|arm_freq_capped_occurred|throttling_occurred|soft_temp_limit_occurred,1,,6,32,drone-pi,aarch64,Raspberry Pi 5 Model B Rev 1.0,true,4
1,qwen2.5-0.5b-instruct-Q4_K_M,0196,12,,,end_of_speech,1212.14,,,,,,464.556,747.584,,,,693.72,89.5,arm_freq_capped_now|currently_throttled|arm_freq_capped_occurred|throttling_occurred|soft_temp_limit_occurred,1,,13,39,drone-pi,aarch64,Raspberry Pi 5 Model B Rev 1.0,true,4
1,qwen2.5-0.5b-instruct-Q4_K_M,0186,13,,,end_of_speech,1164.903,,,,,,50.492,1114.411,,,,693.72,89.5,arm_freq_capped_now|currently_throttled|arm_freq_capped_occurred|throttling_occurred|soft_temp_limit_occurred,1,,20,40,drone-pi,aarch64,Raspberry Pi 5 Model B Rev 1.0,true,4
1,qwen2.5-0.5b-instruct-Q4_K_M,0075,14,,,end_of_speech,1501.505,,,,,,50.714,1450.791,,,,693.72,88.9,arm_freq_capped_now|currently_throttled|arm_freq_capped_occurred|throttling_occurred|soft_temp_limit_occurred,1,,26,53,drone-pi,aarch64,Raspberry Pi 5 Model B Rev 1.0,true,4
1,qwen2.5-0.5b-instruct-Q4_K_M,0131,15,,,end_of_speech,1247.863,,,,,,50.575,1197.288,,,,693.72,89.5,arm_freq_capped_now|currently_throttled|arm_freq_capped_occurred|throttling_occurred|soft_temp_limit_occurred,1,,22,47,drone-pi,aarch64,Raspberry Pi 5 Model B Rev 1.0,true,4
1,qwen2.5-0.5b-instruct-Q4_K_M,0121,16,,,end_of_speech,941.732,,,,,,258.68,683.052,,,,693.72,90.6,arm_freq_capped_now|currently_throttled|arm_freq_capped_occurred|throttling_occurred|soft_temp_limit_occurred,1,,13,31,drone-pi,aarch64,Raspberry Pi 5 Model B Rev 1.0,true,4
1,qwen2.5-0.5b-instruct-Q4_K_M,0101,17,,,end_of_speech,1502.698,,,,,,535.395,967.303,,,,693.72,90.0,arm_freq_capped_now|currently_throttled|arm_freq_capped_occurred|throttling_occurred|soft_temp_limit_occurred,1,,18,40,drone-pi,aarch64,Raspberry Pi 5 Model B Rev 1.0,true,4
1,qwen2.5-0.5b-instruct-Q4_K_M,0032,18,,,end_of_speech,560.922,,,,,,285.024,275.898,,,,693.72,90.6,arm_freq_capped_now|currently_throttled|arm_freq_capped_occurred|throttling_occurred|soft_temp_limit_occurred,1,,6,31,drone-pi,aarch64,Raspberry Pi 5 Model B Rev 1.0,true,4
1,qwen2.5-0.5b-instruct-Q4_K_M,0018,19,,,end_of_speech,630.077,,,,,,331.989,298.088,,,,693.72,88.9,arm_freq_capped_now|currently_throttled|arm_freq_capped_occurred|throttling_occurred|soft_temp_limit_occurred,1,,6,33,drone-pi,aarch64,Raspberry Pi 5 Model B Rev 1.0,true,4
1,qwen2.5-0.5b-instruct-Q4_K_M,0049,20,,,end_of_speech,1933.321,,,,,,614.231,1319.09,,,,693.72,88.4,arm_freq_capped_now|currently_throttled|arm_freq_capped_occurred|throttling_occurred|soft_temp_limit_occurred,1,,24,44,drone-pi,aarch64,Raspberry Pi 5 Model B Rev 1.0,true,4
1,qwen2.5-0.5b-instruct-Q4_K_M,0065,21,,,end_of_speech,1569.38,,,,,,50.518,1518.862,,,,693.72,88.9,arm_freq_capped_now|currently_throttled|arm_freq_capped_occurred|throttling_occurred|soft_temp_limit_occurred,1,,27,51,drone-pi,aarch64,Raspberry Pi 5 Model B Rev 1.0,true,4
1,qwen2.5-0.5b-instruct-Q4_K_M,0110,22,,,end_of_speech,1489.864,,,,,,50.443,1439.421,,,,693.72,88.4,arm_freq_capped_now|currently_throttled|arm_freq_capped_occurred|throttling_occurred|soft_temp_limit_occurred,1,,24,44,drone-pi,aarch64,Raspberry Pi 5 Model B Rev 1.0,true,4
1,qwen2.5-0.5b-instruct-Q4_K_M,0048,23,,,end_of_speech,518.09,,,,,,196.754,321.336,,,,693.72,90.0,arm_freq_capped_now|currently_throttled|arm_freq_capped_occurred|throttling_occurred|soft_temp_limit_occurred,1,,6,30,drone-pi,aarch64,Raspberry Pi 5 Model B Rev 1.0,true,4
1,qwen2.5-0.5b-instruct-Q4_K_M,0097,24,,,end_of_speech,623.65,,,,,,371.091,252.559,,,,693.72,90.6,arm_freq_capped_now|currently_throttled|arm_freq_capped_occurred|throttling_occurred|soft_temp_limit_occurred,1,,6,35,drone-pi,aarch64,Raspberry Pi 5 Model B Rev 1.0,true,4
1,qwen2.5-0.5b-instruct-Q4_K_M,0127,25,,,end_of_speech,1248.491,,,,,,438.196,810.295,,,,693.72,88.4,arm_freq_capped_now|currently_throttled|arm_freq_capped_occurred|throttling_occurred|soft_temp_limit_occurred,1,,14,38,drone-pi,aarch64,Raspberry Pi 5 Model B Rev 1.0,true,4
1,qwen2.5-0.5b-instruct-Q4_K_M,0123,26,,,end_of_speech,1195.5,,,,,,50.494,1145.006,,,,693.72,87.3,arm_freq_capped_now|currently_throttled|arm_freq_capped_occurred|throttling_occurred|soft_temp_limit_occurred,1,,20,39,drone-pi,aarch64,Raspberry Pi 5 Model B Rev 1.0,true,4
1,qwen2.5-0.5b-instruct-Q4_K_M,0144,27,,,end_of_speech,684.684,,,,,,50.278,634.406,,,,693.72,89.5,arm_freq_capped_now|currently_throttled|arm_freq_capped_occurred|throttling_occurred|soft_temp_limit_occurred,1,,13,38,drone-pi,aarch64,Raspberry Pi 5 Model B Rev 1.0,true,4
1,qwen2.5-0.5b-instruct-Q4_K_M,0057,28,,,end_of_speech,589.679,,,,,,307.408,282.271,,,,693.72,88.4,arm_freq_capped_now|currently_throttled|arm_freq_capped_occurred|throttling_occurred|soft_temp_limit_occurred,1,,6,33,drone-pi,aarch64,Raspberry Pi 5 Model B Rev 1.0,true,4
1,qwen2.5-0.5b-instruct-Q4_K_M,0083,29,,,end_of_speech,1418.425,,,,,,525.681,892.744,,,,693.72,90.6,arm_freq_capped_now|currently_throttled|arm_freq_capped_occurred|throttling_occurred|soft_temp_limit_occurred,1,,17,40,drone-pi,aarch64,Raspberry Pi 5 Model B Rev 1.0,true,4
1,qwen2.5-0.5b-instruct-Q4_K_M,0168,30,,,end_of_speech,790.941,,,,,,274.917,516.024,,,,693.72,90.0,arm_freq_capped_now|currently_throttled|arm_freq_capped_occurred|throttling_occurred|soft_temp_limit_occurred,1,,10,34,drone-pi,aarch64,Raspberry Pi 5 Model B Rev 1.0,true,4
1,qwen2.5-0.5b-instruct-Q4_K_M,0134,31,,,end_of_speech,1677.268,,,,,,742.31,934.958,,,,693.72,88.9,arm_freq_capped_now|currently_throttled|arm_freq_capped_occurred|throttling_occurred|soft_temp_limit_occurred,1,,17,49,drone-pi,aarch64,Raspberry Pi 5 Model B Rev 1.0,true,4
1,qwen2.5-0.5b-instruct-Q4_K_M,0128,32,,,end_of_speech,1146.252,,,,,,50.44,1095.812,,,,693.72,90.6,arm_freq_capped_now|currently_throttled|arm_freq_capped_occurred|throttling_occurred|soft_temp_limit_occurred,1,,20,44,drone-pi,aarch64,Raspberry Pi 5 Model B Rev 1.0,true,4
1,qwen2.5-0.5b-instruct-Q4_K_M,0092,33,,,end_of_speech,1014.654,,,,,,74.782,939.872,,,,693.72,89.5,arm_freq_capped_now|currently_throttled|arm_freq_capped_occurred|throttling_occurred|soft_temp_limit_occurred,1,,17,36,drone-pi,aarch64,Raspberry Pi 5 Model B Rev 1.0,true,4
1,qwen2.5-0.5b-instruct-Q4_K_M,0120,34,,,end_of_speech,1181.2,,,,,,50.623,1130.577,,,,693.72,88.9,arm_freq_capped_now|currently_throttled|arm_freq_capped_occurred|throttling_occurred|soft_temp_limit_occurred,1,,20,52,drone-pi,aarch64,Raspberry Pi 5 Model B Rev 1.0,true,4
1,qwen2.5-0.5b-instruct-Q4_K_M,0059,35,,,end_of_speech,1115.569,,,,,,50.455,1065.114,,,,693.72,90.6,arm_freq_capped_now|currently_throttled|arm_freq_capped_occurred|throttling_occurred|soft_temp_limit_occurred,1,,19,43,drone-pi,aarch64,Raspberry Pi 5 Model B Rev 1.0,true,4
1,qwen2.5-0.5b-instruct-Q4_K_M,0141,36,,,end_of_speech,1148.192,,,,,,74.397,1073.795,,,,693.72,88.9,arm_freq_capped_now|currently_throttled|arm_freq_capped_occurred|throttling_occurred|soft_temp_limit_occurred,1,,19,49,drone-pi,aarch64,Raspberry Pi 5 Model B Rev 1.0,true,4
1,qwen2.5-0.5b-instruct-Q4_K_M,0108,37,,,end_of_speech,650.461,,,,,,50.278,600.183,,,,693.72,90.6,arm_freq_capped_now|currently_throttled|arm_freq_capped_occurred|throttling_occurred|soft_temp_limit_occurred,1,,12,39,drone-pi,aarch64,Raspberry Pi 5 Model B Rev 1.0,true,4
1,qwen2.5-0.5b-instruct-Q4_K_M,0159,38,,,end_of_speech,972.949,,,,,,50.447,922.502,,,,693.72,90.0,arm_freq_capped_now|currently_throttled|arm_freq_capped_occurred|throttling_occurred|soft_temp_limit_occurred,1,,17,39,drone-pi,aarch64,Raspberry Pi 5 Model B Rev 1.0,true,4
1,qwen2.5-0.5b-instruct-Q4_K_M,0056,39,,,end_of_speech,1010.777,,,,,,74.148,936.629,,,,693.72,88.9,arm_freq_capped_now|currently_throttled|arm_freq_capped_occurred|throttling_occurred|soft_temp_limit_occurred,1,,17,41,drone-pi,aarch64,Raspberry Pi 5 Model B Rev 1.0,true,4
1,qwen2.5-0.5b-instruct-Q4_K_M,0009,40,,,end_of_speech,681.691,,,,,,402.164,279.527,,,,693.72,88.9,arm_freq_capped_now|currently_throttled|arm_freq_capped_occurred|throttling_occurred|soft_temp_limit_occurred,1,,6,36,drone-pi,aarch64,Raspberry Pi 5 Model B Rev 1.0,true,4
1,qwen2.5-0.5b-instruct-Q4_K_M,0038,41,,,end_of_speech,2474.539,,,,,,896.9,1577.639,,,,693.72,88.4,arm_freq_capped_now|currently_throttled|arm_freq_capped_occurred|throttling_occurred|soft_temp_limit_occurred,1,,29,54,drone-pi,aarch64,Raspberry Pi 5 Model B Rev 1.0,true,4
1,qwen2.5-0.5b-instruct-Q4_K_M,0167,42,,,end_of_speech,1012.002,,,,,,50.572,961.43,,,,693.72,90.0,arm_freq_capped_now|currently_throttled|arm_freq_capped_occurred|throttling_occurred|soft_temp_limit_occurred,1,,17,37,drone-pi,aarch64,Raspberry Pi 5 Model B Rev 1.0,true,4
1,qwen2.5-0.5b-instruct-Q4_K_M,0114,43,,,end_of_speech,1778.744,,,,,,630.467,1148.277,,,,693.72,88.9,arm_freq_capped_now|currently_throttled|arm_freq_capped_occurred|throttling_occurred|soft_temp_limit_occurred,1,,20,46,drone-pi,aarch64,Raspberry Pi 5 Model B Rev 1.0,true,4
1,qwen2.5-0.5b-instruct-Q4_K_M,0145,44,,,end_of_speech,663.924,,,,,,313.906,350.018,,,,693.72,89.5,arm_freq_capped_now|currently_throttled|arm_freq_capped_occurred|throttling_occurred|soft_temp_limit_occurred,1,,6,33,drone-pi,aarch64,Raspberry Pi 5 Model B Rev 1.0,true,4
1,qwen2.5-0.5b-instruct-Q4_K_M,0137,45,,,end_of_speech,993.225,,,,,,346.608,646.617,,,,693.72,90.0,arm_freq_capped_now|currently_throttled|arm_freq_capped_occurred|throttling_occurred|soft_temp_limit_occurred,1,,12,36,drone-pi,aarch64,Raspberry Pi 5 Model B Rev 1.0,true,4
1,qwen2.5-0.5b-instruct-Q4_K_M,0020,46,,,end_of_speech,865.291,,,,,,381.742,483.549,,,,693.72,89.5,arm_freq_capped_now|currently_throttled|arm_freq_capped_occurred|throttling_occurred|soft_temp_limit_occurred,1,,10,34,drone-pi,aarch64,Raspberry Pi 5 Model B Rev 1.0,true,4
1,qwen2.5-0.5b-instruct-Q4_K_M,0080,47,,,end_of_speech,564.207,,,,,,253.923,310.284,,,,693.72,88.9,arm_freq_capped_now|currently_throttled|arm_freq_capped_occurred|throttling_occurred|soft_temp_limit_occurred,1,,6,32,drone-pi,aarch64,Raspberry Pi 5 Model B Rev 1.0,true,4
1,qwen2.5-0.5b-instruct-Q4_K_M,0069,48,,,end_of_speech,1078.974,,,,,,336.717,742.257,,,,693.72,89.5,arm_freq_capped_now|currently_throttled|arm_freq_capped_occurred|throttling_occurred|soft_temp_limit_occurred,1,,13,34,drone-pi,aarch64,Raspberry Pi 5 Model B Rev 1.0,true,4
1,qwen2.5-0.5b-instruct-Q4_K_M,0047,49,,,end_of_speech,654.627,,,,,,50.199,604.428,,,,693.72,88.4,arm_freq_capped_now|currently_throttled|arm_freq_capped_occurred|throttling_occurred|soft_temp_limit_occurred,1,,12,39,drone-pi,aarch64,Raspberry Pi 5 Model B Rev 1.0,true,4
1,qwen2.5-0.5b-instruct-Q4_K_M,0050,50,,,end_of_speech,665.278,,,,,,50.487,614.791,,,,693.72,89.5,arm_freq_capped_now|currently_throttled|arm_freq_capped_occurred|throttling_occurred|soft_temp_limit_occurred,1,,12,38,drone-pi,aarch64,Raspberry Pi 5 Model B Rev 1.0,true,4
1,qwen2.5-0.5b-instruct-Q4_K_M,0172,51,,,end_of_speech,1012.902,,,,,,50.958,961.944,,,,693.72,88.4,arm_freq_capped_now|currently_throttled|arm_freq_capped_occurred|throttling_occurred|soft_temp_limit_occurred,1,,17,41,drone-pi,aarch64,Raspberry Pi 5 Model B Rev 1.0,true,4
1,qwen2.5-0.5b-instruct-Q4_K_M,0076,52,,,end_of_speech,829.9,,,,,,272.355,557.545,,,,693.72,88.4,arm_freq_capped_now|currently_throttled|arm_freq_capped_occurred|throttling_occurred|soft_temp_limit_occurred,1,,10,33,drone-pi,aarch64,Raspberry Pi 5 Model B Rev 1.0,true,4
1,qwen2.5-0.5b-instruct-Q4_K_M,0180,53,,,end_of_speech,1771.542,,,,,,517.578,1253.964,,,,693.72,90.6,arm_freq_capped_now|currently_throttled|arm_freq_capped_occurred|throttling_occurred|soft_temp_limit_occurred,1,,22,41,drone-pi,aarch64,Raspberry Pi 5 Model B Rev 1.0,true,4
1,qwen2.5-0.5b-instruct-Q4_K_M,0064,54,,,end_of_speech,980.65,,,,,,251.264,729.386,,,,693.72,90.0,arm_freq_capped_now|currently_throttled|arm_freq_capped_occurred|throttling_occurred|soft_temp_limit_occurred,1,,13,33,drone-pi,aarch64,Raspberry Pi 5 Model B Rev 1.0,true,4
1,qwen2.5-0.5b-instruct-Q4_K_M,0022,55,,,end_of_speech,1060.802,,,,,,74.625,986.177,,,,693.72,89.5,arm_freq_capped_now|currently_throttled|arm_freq_capped_occurred|throttling_occurred|soft_temp_limit_occurred,1,,17,34,drone-pi,aarch64,Raspberry Pi 5 Model B Rev 1.0,true,4
1,qwen2.5-0.5b-instruct-Q4_K_M,0149,56,,,end_of_speech,1264.935,,,,,,51.026,1213.909,,,,693.72,88.9,arm_freq_capped_now|currently_throttled|arm_freq_capped_occurred|throttling_occurred|soft_temp_limit_occurred,1,,22,37,drone-pi,aarch64,Raspberry Pi 5 Model B Rev 1.0,true,4
1,qwen2.5-0.5b-instruct-Q4_K_M,0169,57,,,end_of_speech,1341.824,,,,,,50.427,1291.397,,,,693.72,88.9,arm_freq_capped_now|currently_throttled|arm_freq_capped_occurred|throttling_occurred|soft_temp_limit_occurred,1,,22,42,drone-pi,aarch64,Raspberry Pi 5 Model B Rev 1.0,true,4
1,qwen2.5-0.5b-instruct-Q4_K_M,0152,58,,,end_of_speech,1049.871,,,,,,408.102,641.769,,,,693.72,90.0,arm_freq_capped_now|currently_throttled|arm_freq_capped_occurred|throttling_occurred|soft_temp_limit_occurred,1,,12,38,drone-pi,aarch64,Raspberry Pi 5 Model B Rev 1.0,true,4
1,qwen2.5-0.5b-instruct-Q4_K_M,0010,59,,,end_of_speech,1569.037,,,,,,50.487,1518.55,,,,693.72,88.9,arm_freq_capped_now|currently_throttled|arm_freq_capped_occurred|throttling_occurred|soft_temp_limit_occurred,1,,28,53,drone-pi,aarch64,Raspberry Pi 5 Model B Rev 1.0,true,4
1,smollm2-360m-instruct-Q4_K_M-warmup,0151,0,,,end_of_speech,1380.751,,,,,,807.839,572.912,,,,439.05,87.8,arm_freq_capped_now|currently_throttled|arm_freq_capped_occurred|throttling_occurred|soft_temp_limit_occurred,1,,17,38,drone-pi,aarch64,Raspberry Pi 5 Model B Rev 1.0,true,4
1,smollm2-360m-instruct-Q4_K_M-warmup,0162,1,,,end_of_speech,1537.694,,,,,,656.509,881.185,,,,441.33,87.8,arm_freq_capped_now|currently_throttled|arm_freq_capped_occurred|throttling_occurred|soft_temp_limit_occurred,1,,23,52,drone-pi,aarch64,Raspberry Pi 5 Model B Rev 1.0,true,4
1,smollm2-360m-instruct-Q4_K_M-warmup,0182,2,,,end_of_speech,586.376,,,,,,364.107,222.269,,,,444.86,90.0,arm_freq_capped_now|currently_throttled|arm_freq_capped_occurred|throttling_occurred|soft_temp_limit_occurred,1,,7,36,drone-pi,aarch64,Raspberry Pi 5 Model B Rev 1.0,true,4
1,smollm2-360m-instruct-Q4_K_M-warmup,0072,3,,,end_of_speech,824.891,,,,,,300.768,524.123,,,,444.92,88.9,arm_freq_capped_now|currently_throttled|arm_freq_capped_occurred|throttling_occurred|soft_temp_limit_occurred,1,,13,33,drone-pi,aarch64,Raspberry Pi 5 Model B Rev 1.0,true,4
1,smollm2-360m-instruct-Q4_K_M-warmup,0033,4,,,end_of_speech,728.958,,,,,,337.009,391.949,,,,446.19,90.6,arm_freq_capped_now|currently_throttled|arm_freq_capped_occurred|throttling_occurred|soft_temp_limit_occurred,1,,12,38,drone-pi,aarch64,Raspberry Pi 5 Model B Rev 1.0,true,4
1,smollm2-360m-instruct-Q4_K_M-warmup,0116,5,,,end_of_speech,1119.485,,,,,,542.453,577.032,,,,448.14,90.6,arm_freq_capped_now|currently_throttled|arm_freq_capped_occurred|throttling_occurred|soft_temp_limit_occurred,1,,15,44,drone-pi,aarch64,Raspberry Pi 5 Model B Rev 1.0,true,4
1,smollm2-360m-instruct-Q4_K_M-warmup,0105,6,,,end_of_speech,1476.142,,,,,,473.909,1002.233,,,,450.44,90.0,arm_freq_capped_now|currently_throttled|arm_freq_capped_occurred|throttling_occurred|soft_temp_limit_occurred,1,,24,40,drone-pi,aarch64,Raspberry Pi 5 Model B Rev 1.0,true,4
1,smollm2-360m-instruct-Q4_K_M-warmup,0089,7,,,end_of_speech,2324.453,,,,,,801.894,1522.559,,,,452.92,90.0,arm_freq_capped_now|currently_throttled|arm_freq_capped_occurred|throttling_occurred|soft_temp_limit_occurred,1,,36,58,drone-pi,aarch64,Raspberry Pi 5 Model B Rev 1.0,true,4
1,smollm2-360m-instruct-Q4_K_M-warmup,0062,8,,,end_of_speech,916.541,,,,,,379.768,536.773,,,,456.58,90.0,arm_freq_capped_now|currently_throttled|arm_freq_capped_occurred|throttling_occurred|soft_temp_limit_occurred,1,,15,37,drone-pi,aarch64,Raspberry Pi 5 Model B Rev 1.0,true,4
1,smollm2-360m-instruct-Q4_K_M-warmup,0113,9,,,end_of_speech,1968.366,,,,,,614.211,1354.155,,,,466.67,89.5,arm_freq_capped_now|currently_throttled|arm_freq_capped_occurred|throttling_occurred|soft_temp_limit_occurred,1,,34,47,drone-pi,aarch64,Raspberry Pi 5 Model B Rev 1.0,true,4
1,smollm2-360m-instruct-Q4_K_M-warmup,0193,10,,,end_of_speech,1696.41,,,,,,712.532,983.878,,,,466.67,90.0,arm_freq_capped_now|currently_throttled|arm_freq_capped_occurred|throttling_occurred|soft_temp_limit_occurred,1,,24,48,drone-pi,aarch64,Raspberry Pi 5 Model B Rev 1.0,true,4
1,smollm2-360m-instruct-Q4_K_M-warmup,0006,11,,,end_of_speech,579.945,,,,,,356.431,223.514,,,,466.67,90.6,arm_freq_capped_now|currently_throttled|arm_freq_capped_occurred|throttling_occurred|soft_temp_limit_occurred,1,,7,33,drone-pi,aarch64,Raspberry Pi 5 Model B Rev 1.0,true,4
1,smollm2-360m-instruct-Q4_K_M-warmup,0196,12,,,end_of_speech,1101.398,,,,,,464.38,637.018,,,,466.69,89.5,arm_freq_capped_now|currently_throttled|arm_freq_capped_occurred|throttling_occurred|soft_temp_limit_occurred,1,,16,40,drone-pi,aarch64,Raspberry Pi 5 Model B Rev 1.0,true,4
1,smollm2-360m-instruct-Q4_K_M-warmup,0186,13,,,end_of_speech,1513.85,,,,,,501.079,1012.771,,,,468.84,88.9,arm_freq_capped_now|currently_throttled|arm_freq_capped_occurred|throttling_occurred|soft_temp_limit_occurred,1,,24,41,drone-pi,aarch64,Raspberry Pi 5 Model B Rev 1.0,true,4
1,smollm2-360m-instruct-Q4_K_M-warmup,0075,14,,,end_of_speech,1976.923,,,,,,789.15,1187.773,,,,471.36,88.9,arm_freq_capped_now|currently_throttled|arm_freq_capped_occurred|throttling_occurred|soft_temp_limit_occurred,1,,29,54,drone-pi,aarch64,Raspberry Pi 5 Model B Rev 1.0,true,4
1,smollm2-360m-instruct-Q4_K_M-warmup,0131,15,,,end_of_speech,1523.536,,,,,,572.863,950.673,,,,474.58,89.5,arm_freq_capped_now|currently_throttled|arm_freq_capped_occurred|throttling_occurred|soft_temp_limit_occurred,1,,24,48,drone-pi,aarch64,Raspberry Pi 5 Model B Rev 1.0,true,4
1,smollm2-360m-instruct-Q4_K_M-warmup,0121,16,,,end_of_speech,872.211,,,,,,252.997,619.214,,,,477.36,88.4,arm_freq_capped_now|currently_throttled|arm_freq_capped_occurred|throttling_occurred|soft_temp_limit_occurred,1,,14,32,drone-pi,aarch64,Raspberry Pi 5 Model B Rev 1.0,true,4
1,smollm2-360m-instruct-Q4_K_M-warmup,0101,17,,,end_of_speech,1359.414,,,,,,496.312,863.102,,,,479.11,88.9,arm_freq_capped_now|currently_throttled|arm_freq_capped_occurred|throttling_occurred|soft_temp_limit_occurred,1,,20,41,drone-pi,aarch64,Raspberry Pi 5 Model B Rev 1.0,true,4
1,smollm2-360m-instruct-Q4_K_M-warmup,0032,18,,,end_of_speech,501.116,,,,,,251.714,249.402,,,,481.47,89.5,arm_freq_capped_now|currently_throttled|arm_freq_capped_occurred|throttling_occurred|soft_temp_limit_occurred,1,,7,32,drone-pi,aarch64,Raspberry Pi 5 Model B Rev 1.0,true,4
1,smollm2-360m-instruct-Q4_K_M-warmup,0018,19,,,end_of_speech,534.77,,,,,,309.565,225.205,,,,481.47,88.9,arm_freq_capped_now|currently_throttled|arm_freq_capped_occurred|throttling_occurred|soft_temp_limit_occurred,1,,7,35,drone-pi,aarch64,Raspberry Pi 5 Model B Rev 1.0,true,4
1,smollm2-360m-instruct-Q4_K_M-warmup,0049,20,,,end_of_speech,1777.019,,,,,,592.648,1184.371,,,,481.47,90.0,arm_freq_capped_now|currently_throttled|arm_freq_capped_occurred|throttling_occurred|soft_temp_limit_occurred,1,,27,44,drone-pi,aarch64,Raspberry Pi 5 Model B Rev 1.0,true,4
1,smollm2-360m-instruct-Q4_K_M-warmup,0065,21,,,end_of_speech,2117.242,,,,,,784.501,1332.741,,,,484.23,90.6,arm_freq_capped_now|currently_throttled|arm_freq_capped_occurred|throttling_occurred|soft_temp_limit_occurred,1,,30,52,drone-pi,aarch64,Raspberry Pi 5 Model B Rev 1.0,true,4
1,smollm2-360m-instruct-Q4_K_M-warmup,0110,22,,,end_of_speech,1739.097,,,,,,609.386,1129.711,,,,487.42,88.4,arm_freq_capped_now|currently_throttled|arm_freq_capped_occurred|throttling_occurred|soft_temp_limit_occurred,1,,27,45,drone-pi,aarch64,Raspberry Pi 5 Model B Rev 1.0,true,4
1,smollm2-360m-instruct-Q4_K_M-warmup,0048,23,,,end_of_speech,530.2,,,,,,231.298,298.902,,,,490.22,90.0,arm_freq_capped_now|currently_throttled|arm_freq_capped_occurred|throttling_occurred|soft_temp_limit_occurred,1,,8,32,drone-pi,aarch64,Raspberry Pi 5 Model B Rev 1.0,true,4
1,smollm2-360m-instruct-Q4_K_M-warmup,0097,24,,,end_of_speech,717.396,,,,,,452.479,264.917,,,,490.22,88.9,arm_freq_capped_now|currently_throttled|arm_freq_capped_occurred|throttling_occurred|soft_temp_limit_occurred,1,,7,38,drone-pi,aarch64,Raspberry Pi 5 Model B Rev 1.0,true,4
1,smollm2-360m-instruct-Q4_K_M-warmup,0127,25,,,end_of_speech,1052.032,,,,,,391.573,660.459,,,,490.22,89.5,arm_freq_capped_now|currently_throttled|arm_freq_capped_occurred|throttling_occurred|soft_temp_limit_occurred,1,,17,39,drone-pi,aarch64,Raspberry Pi 5 Model B Rev 1.0,true,4
1,smollm2-360m-instruct-Q4_K_M-warmup,0123,26,,,end_of_speech,1494.119,,,,,,522.61,971.509,,,,492.38,88.4,arm_freq_capped_now|currently_throttled|arm_freq_capped_occurred|throttling_occurred|soft_temp_limit_occurred,1,,24,40,drone-pi,aarch64,Raspberry Pi 5 Model B Rev 1.0,true,4
1,smollm2-360m-instruct-Q4_K_M-warmup,0144,27,,,end_of_speech,985.006,,,,,,425.294,559.712,,,,494.84,89.5,arm_freq_capped_now|currently_throttled|arm_freq_capped_occurred|throttling_occurred|soft_temp_limit_occurred,1,,14,39,drone-pi,aarch64,Raspberry Pi 5 Model B Rev 1.0,true,4
1,smollm2-360m-instruct-Q4_K_M-warmup,0057,28,,,end_of_speech,578.297,,,,,,306.125,272.172,,,,496.89,89.5,arm_freq_capped_now|currently_throttled|arm_freq_capped_occurred|throttling_occurred|soft_temp_limit_occurred,1,,7,33,drone-pi,aarch64,Raspberry Pi 5 Model B Rev 1.0,true,4
1,smollm2-360m-instruct-Q4_K_M-warmup,0083,29,,,end_of_speech,1331.022,,,,,,572.622,758.4,,,,496.89,90.0,arm_freq_capped_now|currently_throttled|arm_freq_capped_occurred|throttling_occurred|soft_temp_limit_occurred,1,,18,43,drone-pi,aarch64,Raspberry Pi 5 Model B Rev 1.0,true,4
1,smollm2-360m-instruct-Q4_K_M-warmup,0168,30,,,end_of_speech,772.132,,,,,,300.146,471.986,,,,497.14,88.9,arm_freq_capped_now|currently_throttled|arm_freq_capped_occurred|throttling_occurred|soft_temp_limit_occurred,1,,12,35,drone-pi,aarch64,Raspberry Pi 5 Model B Rev 1.0,true,4
1,smollm2-360m-instruct-Q4_K_M-warmup,0134,31,,,end_of_speech,1441.238,,,,,,661.818,779.42,,,,498.94,88.4,arm_freq_capped_now|currently_throttled|arm_freq_capped_occurred|throttling_occurred|soft_temp_limit_occurred,1,,18,51,drone-pi,aarch64,Raspberry Pi 5 Model B Rev 1.0,true,4
1,smollm2-360m-instruct-Q4_K_M-warmup,0128,32,,,end_of_speech,1531.714,,,,,,576.031,955.683,,,,501.61,89.5,arm_freq_capped_now|currently_throttled|arm_freq_capped_occurred|throttling_occurred|soft_temp_limit_occurred,1,,23,45,drone-pi,aarch64,Raspberry Pi 5 Model B Rev 1.0,true,4
1,smollm2-360m-instruct-Q4_K_M-warmup,0092,33,,,end_of_speech,1125.073,,,,,,401.023,724.05,,,,501.95,88.4,arm_freq_capped_now|currently_throttled|arm_freq_capped_occurred|throttling_occurred|soft_temp_limit_occurred,1,,18,37,drone-pi,aarch64,Raspberry Pi 5 Model B Rev 1.0,true,4
1,smollm2-360m-instruct-Q4_K_M-warmup,0120,34,,,end_of_speech,1657.102,,,,,,710.235,946.867,,,,504.06,90.0,arm_freq_capped_now|currently_throttled|arm_freq_capped_occurred|throttling_occurred|soft_temp_limit_occurred,1,,23,53,drone-pi,aarch64,Raspberry Pi 5 Model B Rev 1.0,true,4
1,smollm2-360m-instruct-Q4_K_M-warmup,0059,35,,,end_of_speech,1481.188,,,,,,534.38,946.808,,,,507.0,90.0,arm_freq_capped_now|currently_throttled|arm_freq_capped_occurred|throttling_occurred|soft_temp_limit_occurred,1,,21,44,drone-pi,aarch64,Raspberry Pi 5 Model B Rev 1.0,true,4
1,smollm2-360m-instruct-Q4_K_M-warmup,0141,36,,,end_of_speech,1897.362,,,,,,714.67,1182.692,,,,514.05,89.5,arm_freq_capped_now|currently_throttled|arm_freq_capped_occurred|throttling_occurred|soft_temp_limit_occurred,1,,26,50,drone-pi,aarch64,Raspberry Pi 5 Model B Rev 1.0,true,4
1,smollm2-360m-instruct-Q4_K_M-warmup,0108,37,,,end_of_speech,975.636,,,,,,463.258,512.378,,,,515.42,90.0,arm_freq_capped_now|currently_throttled|arm_freq_capped_occurred|throttling_occurred|soft_temp_limit_occurred,1,,14,41,drone-pi,aarch64,Raspberry Pi 5 Model B Rev 1.0,true,4
1,smollm2-360m-instruct-Q4_K_M-warmup,0159,38,,,end_of_speech,1212.531,,,,,,441.797,770.734,,,,517.45,88.4,arm_freq_capped_now|currently_throttled|arm_freq_capped_occurred|throttling_occurred|soft_temp_limit_occurred,1,,19,40,drone-pi,aarch64,Raspberry Pi 5 Model B Rev 1.0,true,4
1,smollm2-360m-instruct-Q4_K_M-warmup,0056,39,,,end_of_speech,1131.994,,,,,,478.438,653.556,,,,519.73,90.6,arm_freq_capped_now|currently_throttled|arm_freq_capped_occurred|throttling_occurred|soft_temp_limit_occurred,1,,18,42,drone-pi,aarch64,Raspberry Pi 5 Model B Rev 1.0,true,4
1,smollm2-360m-instruct-Q4_K_M-warmup,0009,40,,,end_of_speech,641.221,,,,,,376.288,264.933,,,,522.05,88.9,arm_freq_capped_now|currently_throttled|arm_freq_capped_occurred|throttling_occurred|soft_temp_limit_occurred,1,,7,37,drone-pi,aarch64,Raspberry Pi 5 Model B Rev 1.0,true,4
1,smollm2-360m-instruct-Q4_K_M-warmup,0038,41,,,end_of_speech,2246.721,,,,,,866.906,1379.815,,,,522.05,88.9,arm_freq_capped_now|currently_throttled|arm_freq_capped_occurred|throttling_occurred|soft_temp_limit_occurred,1,,32,56,drone-pi,aarch64,Raspberry Pi 5 Model B Rev 1.0,true,4
1,smollm2-360m-instruct-Q4_K_M-warmup,0167,42,,,end_of_speech,1056.323,,,,,,360.142,696.181,,,,525.45,90.0,arm_freq_capped_now|currently_throttled|arm_freq_capped_occurred|throttling_occurred|soft_temp_limit_occurred,1,,18,37,drone-pi,aarch64,Raspberry Pi 5 Model B Rev 1.0,true,4
1,smollm2-360m-instruct-Q4_K_M-warmup,0114,43,,,end_of_speech,1481.212,,,,,,542.343,938.869,,,,527.56,89.5,arm_freq_capped_now|currently_throttled|arm_freq_capped_occurred|throttling_occurred|soft_temp_limit_occurred,1,,23,46,drone-pi,aarch64,Raspberry Pi 5 Model B Rev 1.0,true,4
1,smollm2-360m-instruct-Q4_K_M-warmup,0145,44,,,end_of_speech,588.449,,,,,,313.606,274.843,,,,527.58,90.6,arm_freq_capped_now|currently_throttled|arm_freq_capped_occurred|throttling_occurred|soft_temp_limit_occurred,1,,8,34,drone-pi,aarch64,Raspberry Pi 5 Model B Rev 1.0,true,4
1,smollm2-360m-instruct-Q4_K_M-warmup,0137,45,,,end_of_speech,671.325,,,,,,398.295,273.03,,,,527.58,88.9,arm_freq_capped_now|currently_throttled|arm_freq_capped_occurred|throttling_occurred|soft_temp_limit_occurred,1,,7,37,drone-pi,aarch64,Raspberry Pi 5 Model B Rev 1.0,true,4
1,smollm2-360m-instruct-Q4_K_M-warmup,0020,46,,,end_of_speech,756.198,,,,,,335.671,420.527,,,,527.58,90.6,arm_freq_capped_now|currently_throttled|arm_freq_capped_occurred|throttling_occurred|soft_temp_limit_occurred,1,,12,36,drone-pi,aarch64,Raspberry Pi 5 Model B Rev 1.0,true,4
1,smollm2-360m-instruct-Q4_K_M-warmup,0080,47,,,end_of_speech,572.006,,,,,,306.91,265.096,,,,529.41,88.9,arm_freq_capped_now|currently_throttled|arm_freq_capped_occurred|throttling_occurred|soft_temp_limit_occurred,1,,7,33,drone-pi,aarch64,Raspberry Pi 5 Model B Rev 1.0,true,4
1,smollm2-360m-instruct-Q4_K_M-warmup,0069,48,,,end_of_speech,976.636,,,,,,350.14,626.496,,,,529.42,89.5,arm_freq_capped_now|currently_throttled|arm_freq_capped_occurred|throttling_occurred|soft_temp_limit_occurred,1,,14,36,drone-pi,aarch64,Raspberry Pi 5 Model B Rev 1.0,true,4
1,smollm2-360m-instruct-Q4_K_M-warmup,0047,49,,,end_of_speech,938.566,,,,,,446.165,492.401,,,,531.34,90.6,arm_freq_capped_now|currently_throttled|arm_freq_capped_occurred|throttling_occurred|soft_temp_limit_occurred,1,,13,40,drone-pi,aarch64,Raspberry Pi 5 Model B Rev 1.0,true,4
1,smollm2-360m-instruct-Q4_K_M-warmup,0050,50,,,end_of_speech,923.404,,,,,,434.715,488.689,,,,533.38,89.5,arm_freq_capped_now|currently_throttled|arm_freq_capped_occurred|throttling_occurred|soft_temp_limit_occurred,1,,14,39,drone-pi,aarch64,Raspberry Pi 5 Model B Rev 1.0,true,4
1,smollm2-360m-instruct-Q4_K_M-warmup,0172,51,,,end_of_speech,1153.154,,,,,,439.618,713.536,,,,535.41,90.0,arm_freq_capped_now|currently_throttled|arm_freq_capped_occurred|throttling_occurred|soft_temp_limit_occurred,1,,18,41,drone-pi,aarch64,Raspberry Pi 5 Model B Rev 1.0,true,4
1,smollm2-360m-instruct-Q4_K_M-warmup,0076,52,,,end_of_speech,836.515,,,,,,315.18,521.335,,,,537.67,88.9,arm_freq_capped_now|currently_throttled|arm_freq_capped_occurred|throttling_occurred|soft_temp_limit_occurred,1,,13,34,drone-pi,aarch64,Raspberry Pi 5 Model B Rev 1.0,true,4
1,smollm2-360m-instruct-Q4_K_M-warmup,0180,53,,,end_of_speech,1532.52,,,,,,483.33,1049.19,,,,539.47,90.6,arm_freq_capped_now|currently_throttled|arm_freq_capped_occurred|throttling_occurred|soft_temp_limit_occurred,1,,25,42,drone-pi,aarch64,Raspberry Pi 5 Model B Rev 1.0,true,4
1,smollm2-360m-instruct-Q4_K_M-warmup,0064,54,,,end_of_speech,835.101,,,,,,275.423,559.678,,,,540.02,88.9,arm_freq_capped_now|currently_throttled|arm_freq_capped_occurred|throttling_occurred|soft_temp_limit_occurred,1,,14,34,drone-pi,aarch64,Raspberry Pi 5 Model B Rev 1.0,true,4
1,smollm2-360m-instruct-Q4_K_M-warmup,0022,55,,,end_of_speech,1027.83,,,,,,287.634,740.196,,,,541.86,90.0,arm_freq_capped_now|currently_throttled|arm_freq_capped_occurred|throttling_occurred|soft_temp_limit_occurred,1,,18,34,drone-pi,aarch64,Raspberry Pi 5 Model B Rev 1.0,true,4
1,smollm2-360m-instruct-Q4_K_M-warmup,0149,56,,,end_of_speech,1345.388,,,,,,403.172,942.216,,,,543.84,90.6,arm_freq_capped_now|currently_throttled|arm_freq_capped_occurred|throttling_occurred|soft_temp_limit_occurred,1,,24,38,drone-pi,aarch64,Raspberry Pi 5 Model B Rev 1.0,true,4
1,smollm2-360m-instruct-Q4_K_M-warmup,0169,57,,,end_of_speech,1593.549,,,,,,522.106,1071.443,,,,544.31,88.9,arm_freq_capped_now|currently_throttled|arm_freq_capped_occurred|throttling_occurred|soft_temp_limit_occurred,1,,25,44,drone-pi,aarch64,Raspberry Pi 5 Model B Rev 1.0,true,4
1,smollm2-360m-instruct-Q4_K_M-warmup,0152,58,,,end_of_speech,916.71,,,,,,419.17,497.54,,,,546.98,90.0,arm_freq_capped_now|currently_throttled|arm_freq_capped_occurred|throttling_occurred|soft_temp_limit_occurred,1,,13,39,drone-pi,aarch64,Raspberry Pi 5 Model B Rev 1.0,true,4
1,smollm2-360m-instruct-Q4_K_M-warmup,0010,59,,,end_of_speech,2059.499,,,,,,812.384,1247.115,,,,546.98,90.0,arm_freq_capped_now|currently_throttled|arm_freq_capped_occurred|throttling_occurred|soft_temp_limit_occurred,1,,31,55,drone-pi,aarch64,Raspberry Pi 5 Model B Rev 1.0,true,4
1,smollm2-360m-instruct-Q4_K_M-warmup,0151,60,,,end_of_speech,996.384,,,,,,337.454,658.93,,,,548.16,88.9,arm_freq_capped_now|currently_throttled|arm_freq_capped_occurred|throttling_occurred|soft_temp_limit_occurred,1,,17,38,drone-pi,aarch64,Raspberry Pi 5 Model B Rev 1.0,true,4
1,smollm2-360m-instruct-Q4_K_M-warmup,0162,61,,,end_of_speech,974.138,,,,,,36.152,937.986,,,,548.16,89.5,arm_freq_capped_now|currently_throttled|arm_freq_capped_occurred|throttling_occurred|soft_temp_limit_occurred,1,,23,52,drone-pi,aarch64,Raspberry Pi 5 Model B Rev 1.0,true,4
1,smollm2-360m-instruct-Q4_K_M-warmup,0182,62,,,end_of_speech,607.992,,,,,,331.021,276.971,,,,550.28,88.9,arm_freq_capped_now|currently_throttled|arm_freq_capped_occurred|throttling_occurred|soft_temp_limit_occurred,1,,7,36,drone-pi,aarch64,Raspberry Pi 5 Model B Rev 1.0,true,4
1,smollm2-360m-instruct-Q4_K_M-warmup,0072,63,,,end_of_speech,812.811,,,,,,272.684,540.127,,,,550.28,88.9,arm_freq_capped_now|currently_throttled|arm_freq_capped_occurred|throttling_occurred|soft_temp_limit_occurred,1,,13,33,drone-pi,aarch64,Raspberry Pi 5 Model B Rev 1.0,true,4
1,smollm2-360m-instruct-Q4_K_M-warmup,0033,64,,,end_of_speech,852.584,,,,,,400.207,452.377,,,,550.28,90.6,arm_freq_capped_now|currently_throttled|arm_freq_capped_occurred|throttling_occurred|soft_temp_limit_occurred,1,,12,38,drone-pi,aarch64,Raspberry Pi 5 Model B Rev 1.0,true,4
1,smollm2-360m-instruct-Q4_K_M-warmup,0116,65,,,end_of_speech,1264.369,,,,,,536.461,727.908,,,,550.3,88.9,arm_freq_capped_now|currently_throttled|arm_freq_capped_occurred|throttling_occurred|soft_temp_limit_occurred,1,,15,44,drone-pi,aarch64,Raspberry Pi 5 Model B Rev 1.0,true,4
1,smollm2-360m-instruct-Q4_K_M-warmup,0105,66,,,end_of_speech,1073.198,,,,,,55.427,1017.771,,,,550.3,88.9,arm_freq_capped_now|currently_throttled|arm_freq_capped_occurred|throttling_occurred|soft_temp_limit_occurred,1,,24,40,drone-pi,aarch64,Raspberry Pi 5 Model B Rev 1.0,true,4
1,smollm2-360m-instruct-Q4_K_M-warmup,0089,67,,,end_of_speech,1483.979,,,,,,52.299,1431.68,,,,550.09,91.1,arm_freq_capped_now|currently_throttled|arm_freq_capped_occurred|throttling_occurred|soft_temp_limit_occurred,1,,36,58,drone-pi,aarch64,Raspberry Pi 5 Model B Rev 1.0,true,4
1,smollm2-360m-instruct-Q4_K_M-warmup,0062,68,,,end_of_speech,591.132,,,,,,51.733,539.399,,,,550.55,91.1,arm_freq_capped_now|currently_throttled|arm_freq_capped_occurred|throttling_occurred|soft_temp_limit_occurred,1,,15,37,drone-pi,aarch64,Raspberry Pi 5 Model B Rev 1.0,true,4
1,smollm2-360m-instruct-Q4_K_M-warmup,0113,69,,,end_of_speech,1599.661,,,,,,52.002,1547.659,,,,552.53,88.4,arm_freq_capped_now|currently_throttled|arm_freq_capped_occurred|throttling_occurred|soft_temp_limit_occurred,1,,34,47,drone-pi,aarch64,Raspberry Pi 5 Model B Rev 1.0,true,4
1,smollm2-360m-instruct-Q4_K_M-warmup,0193,70,,,end_of_speech,1531.848,,,,,,580.139,951.709,,,,552.53,90.6,arm_freq_capped_now|currently_throttled|arm_freq_capped_occurred|throttling_occurred|soft_temp_limit_occurred,1,,24,48,drone-pi,aarch64,Raspberry Pi 5 Model B Rev 1.0,true,4
1,smollm2-360m-instruct-Q4_K_M-warmup,0006,71,,,end_of_speech,566.386,,,,,,266.585,299.801,,,,551.91,89.5,arm_freq_capped_now|currently_throttled|arm_freq_capped_occurred|throttling_occurred|soft_temp_limit_occurred,1,,7,33,drone-pi,aarch64,Raspberry Pi 5 Model B Rev 1.0,true,4
1,smollm2-360m-instruct-Q4_K_M-warmup,0196,72,,,end_of_speech,1077.447,,,,,,465.087,612.36,,,,551.91,90.0,arm_freq_capped_now|currently_throttled|arm_freq_capped_occurred|throttling_occurred|soft_temp_limit_occurred,1,,16,40,drone-pi,aarch64,Raspberry Pi 5 Model B Rev 1.0,true,4
1,smollm2-360m-instruct-Q4_K_M-warmup,0186,73,,,end_of_speech,1052.866,,,,,,51.557,1001.309,,,,551.91,90.0,arm_freq_capped_now|currently_throttled|arm_freq_capped_occurred|throttling_occurred|soft_temp_limit_occurred,1,,24,41,drone-pi,aarch64,Raspberry Pi 5 Model B Rev 1.0,true,4
1,smollm2-360m-instruct-Q4_K_M-warmup,0075,74,,,end_of_speech,1237.649,,,,,,52.257,1185.392,,,,549.39,90.6,arm_freq_capped_now|currently_throttled|arm_freq_capped_occurred|throttling_occurred|soft_temp_limit_occurred,1,,29,54,drone-pi,aarch64,Raspberry Pi 5 Model B Rev 1.0,true,4
1,smollm2-360m-instruct-Q4_K_M-warmup,0131,75,,,end_of_speech,1105.064,,,,,,51.993,1053.071,,,,549.09,88.9,arm_freq_capped_now|currently_throttled|arm_freq_capped_occurred|throttling_occurred|soft_temp_limit_occurred,1,,24,48,drone-pi,aarch64,Raspberry Pi 5 Model B Rev 1.0,true,4
1,smollm2-360m-instruct-Q4_K_M-warmup,0121,76,,,end_of_speech,776.252,,,,,,251.721,524.531,,,,551.89,88.9,arm_freq_capped_now|currently_throttled|arm_freq_capped_occurred|throttling_occurred|soft_temp_limit_occurred,1,,14,32,drone-pi,aarch64,Raspberry Pi 5 Model B Rev 1.0,true,4
1,smollm2-360m-instruct-Q4_K_M-warmup,0101,77,,,end_of_speech,822.74,,,,,,35.65,787.09,,,,551.89,90.6,arm_freq_capped_now|currently_throttled|arm_freq_capped_occurred|throttling_occurred|soft_temp_limit_occurred,1,,20,41,drone-pi,aarch64,Raspberry Pi 5 Model B Rev 1.0,true,4
1,smollm2-360m-instruct-Q4_K_M-warmup,0032,78,,,end_of_speech,585.301,,,,,,275.0,310.301,,,,553.62,88.9,arm_freq_capped_now|currently_throttled|arm_freq_capped_occurred|throttling_occurred|soft_temp_limit_occurred,1,,7,32,drone-pi,aarch64,Raspberry Pi 5 Model B Rev 1.0,true,4
1,smollm2-360m-instruct-Q4_K_M-warmup,0018,79,,,end_of_speech,581.945,,,,,,309.621,272.324,,,,553.62,88.4,arm_freq_capped_now|currently_throttled|arm_freq_capped_occurred|throttling_occurred|soft_temp_limit_occurred,1,,7,35,drone-pi,aarch64,Raspberry Pi 5 Model B Rev 1.0,true,4
1,smollm2-360m-instruct-Q4_K_M-warmup,0049,80,,,end_of_speech,1616.931,,,,,,527.871,1089.06,,,,553.62,88.9,arm_freq_capped_now|currently_throttled|arm_freq_capped_occurred|throttling_occurred|soft_temp_limit_occurred,1,,27,44,drone-pi,aarch64,Raspberry Pi 5 Model B Rev 1.0,true,4
1,smollm2-360m-instruct-Q4_K_M-warmup,0065,81,,,end_of_speech,1235.801,,,,,,35.787,1200.014,,,,553.62,91.1,arm_freq_capped_now|currently_throttled|arm_freq_capped_occurred|throttling_occurred|soft_temp_limit_occurred,1,,30,52,drone-pi,aarch64,Raspberry Pi 5 Model B Rev 1.0,true,4
1,smollm2-360m-instruct-Q4_K_M-warmup,0110,82,,,end_of_speech,1218.193,,,,,,35.85,1182.343,,,,550.84,90.0,arm_freq_capped_now|currently_throttled|arm_freq_capped_occurred|throttling_occurred|soft_temp_limit_occurred,1,,27,45,drone-pi,aarch64,Raspberry Pi 5 Model B Rev 1.0,true,4
1,smollm2-360m-instruct-Q4_K_M-warmup,0048,83,,,end_of_speech,482.974,,,,,,210.261,272.713,,,,551.27,89.5,arm_freq_capped_now|currently_throttled|arm_freq_capped_occurred|throttling_occurred|soft_temp_limit_occurred,1,,8,32,drone-pi,aarch64,Raspberry Pi 5 Model B Rev 1.0,true,4
1,smollm2-360m-instruct-Q4_K_M-warmup,0097,84,,,end_of_speech,662.547,,,,,,397.518,265.029,,,,551.28,90.0,arm_freq_capped_now|currently_throttled|arm_freq_capped_occurred|throttling_occurred|soft_temp_limit_occurred,1,,7,38,drone-pi,aarch64,Raspberry Pi 5 Model B Rev 1.0,true,4
1,smollm2-360m-instruct-Q4_K_M-warmup,0127,85,,,end_of_speech,1125.502,,,,,,453.129,672.373,,,,551.28,90.0,arm_freq_capped_now|currently_throttled|arm_freq_capped_occurred|throttling_occurred|soft_temp_limit_occurred,1,,17,39,drone-pi,aarch64,Raspberry Pi 5 Model B Rev 1.0,true,4
1,smollm2-360m-instruct-Q4_K_M-warmup,0123,86,,,end_of_speech,1106.974,,,,,,51.9,1055.074,,,,551.28,90.0,arm_freq_capped_now|currently_throttled|arm_freq_capped_occurred|throttling_occurred|soft_temp_limit_occurred,1,,24,40,drone-pi,aarch64,Raspberry Pi 5 Model B Rev 1.0,true,4
1,smollm2-360m-instruct-Q4_K_M-warmup,0144,87,,,end_of_speech,969.467,,,,,,432.975,536.492,,,,553.42,90.0,arm_freq_capped_now|currently_throttled|arm_freq_capped_occurred|throttling_occurred|soft_temp_limit_occurred,1,,14,39,drone-pi,aarch64,Raspberry Pi 5 Model B Rev 1.0,true,4
1,smollm2-360m-instruct-Q4_K_M-warmup,0057,88,,,end_of_speech,540.608,,,,,,327.01,213.598,,,,555.45,89.5,arm_freq_capped_now|currently_throttled|arm_freq_capped_occurred|throttling_occurred|soft_temp_limit_occurred,1,,7,33,drone-pi,aarch64,Raspberry Pi 5 Model B Rev 1.0,true,4
1,smollm2-360m-instruct-Q4_K_M-warmup,0083,89,,,end_of_speech,1177.12,,,,,,509.344,667.776,,,,555.45,88.4,arm_freq_capped_now|currently_throttled|arm_freq_capped_occurred|throttling_occurred|soft_temp_limit_occurred,1,,18,43,drone-pi,aarch64,Raspberry Pi 5 Model B Rev 1.0,true,4
1,smollm2-360m-instruct-Q4_K_M-warmup,0168,90,,,end_of_speech,631.416,,,,,,239.393,392.023,,,,557.8,89.5,arm_freq_capped_now|currently_throttled|arm_freq_capped_occurred|throttling_occurred|soft_temp_limit_occurred,1,,12,35,drone-pi,aarch64,Raspberry Pi 5 Model B Rev 1.0,true,4
1,smollm2-360m-instruct-Q4_K_M-warmup,0134,91,,,end_of_speech,676.662,,,,,,35.854,640.808,,,,557.8,89.5,arm_freq_capped_now|currently_throttled|arm_freq_capped_occurred|throttling_occurred|soft_temp_limit_occurred,1,,18,51,drone-pi,aarch64,Raspberry Pi 5 Model B Rev 1.0,true,4
1,smollm2-360m-instruct-Q4_K_M-warmup,0128,92,,,end_of_speech,854.799,,,,,,35.796,819.003,,,,555.16,88.9,arm_freq_capped_now|currently_throttled|arm_freq_capped_occurred|throttling_occurred|soft_temp_limit_occurred,1,,23,45,drone-pi,aarch64,Raspberry Pi 5 Model B Rev 1.0,true,4
1,smollm2-360m-instruct-Q4_K_M-warmup,0092,93,,,end_of_speech,975.347,,,,,,337.22,638.127,,,,557.78,88.9,arm_freq_capped_now|currently_throttled|arm_freq_capped_occurred|throttling_occurred|soft_temp_limit_occurred,1,,18,37,drone-pi,aarch64,Raspberry Pi 5 Model B Rev 1.0,true,4
1,smollm2-360m-instruct-Q4_K_M-warmup,0120,94,,,end_of_speech,950.885,,,,,,35.853,915.032,,,,557.78,90.0,arm_freq_capped_now|currently_throttled|arm_freq_capped_occurred|throttling_occurred|soft_temp_limit_occurred,1,,23,53,drone-pi,aarch64,Raspberry Pi 5 Model B Rev 1.0,true,4
1,smollm2-360m-instruct-Q4_K_M-warmup,0059,95,,,end_of_speech,925.033,,,,,,51.741,873.292,,,,554.84,90.0,arm_freq_capped_now|currently_throttled|arm_freq_capped_occurred|throttling_occurred|soft_temp_limit_occurred,1,,21,44,drone-pi,aarch64,Raspberry Pi 5 Model B Rev 1.0,true,4
1,smollm2-360m-instruct-Q4_K_M-warmup,0141,96,,,end_of_speech,1054.476,,,,,,51.959,1002.517,,,,552.33,90.6,arm_freq_capped_now|currently_throttled|arm_freq_capped_occurred|throttling_occurred|soft_temp_limit_occurred,1,,26,50,drone-pi,aarch64,Raspberry Pi 5 Model B Rev 1.0,true,4
1,smollm2-360m-instruct-Q4_K_M-warmup,0108,97,,,end_of_speech,546.833,,,,,,35.677,511.156,,,,552.33,90.0,arm_freq_capped_now|currently_throttled|arm_freq_capped_occurred|throttling_occurred|soft_temp_limit_occurred,1,,14,41,drone-pi,aarch64,Raspberry Pi 5 Model B Rev 1.0,true,4
1,smollm2-360m-instruct-Q4_K_M-warmup,0159,98,,,end_of_speech,845.928,,,,,,51.826,794.102,,,,552.33,89.5,arm_freq_capped_now|currently_throttled|arm_freq_capped_occurred|throttling_occurred|soft_temp_limit_occurred,1,,19,40,drone-pi,aarch64,Raspberry Pi 5 Model B Rev 1.0,true,4
1,smollm2-360m-instruct-Q4_K_M-warmup,0056,99,,,end_of_speech,794.471,,,,,,51.79,742.681,,,,552.33,88.9,arm_freq_capped_now|currently_throttled|arm_freq_capped_occurred|throttling_occurred|soft_temp_limit_occurred,1,,18,42,drone-pi,aarch64,Raspberry Pi 5 Model B Rev 1.0,true,4
1,smollm2-360m-instruct-Q4_K_M-warmup,0009,100,,,end_of_speech,631.424,,,,,,380.864,250.56,,,,552.31,89.5,arm_freq_capped_now|currently_throttled|arm_freq_capped_occurred|throttling_occurred|soft_temp_limit_occurred,1,,7,37,drone-pi,aarch64,Raspberry Pi 5 Model B Rev 1.0,true,4
1,smollm2-360m-instruct-Q4_K_M-warmup,0038,101,,,end_of_speech,2185.674,,,,,,868.393,1317.281,,,,552.31,89.5,arm_freq_capped_now|currently_throttled|arm_freq_capped_occurred|throttling_occurred|soft_temp_limit_occurred,1,,32,56,drone-pi,aarch64,Raspberry Pi 5 Model B Rev 1.0,true,4
1,smollm2-360m-instruct-Q4_K_M-warmup,0167,102,,,end_of_speech,708.034,,,,,,35.706,672.328,,,,555.72,89.5,arm_freq_capped_now|currently_throttled|arm_freq_capped_occurred|throttling_occurred|soft_temp_limit_occurred,1,,18,37,drone-pi,aarch64,Raspberry Pi 5 Model B Rev 1.0,true,4
1,smollm2-360m-instruct-Q4_K_M-warmup,0114,103,,,end_of_speech,1515.099,,,,,,593.191,921.908,,,,555.72,89.5,arm_freq_capped_now|currently_throttled|arm_freq_capped_occurred|throttling_occurred|soft_temp_limit_occurred,1,,23,46,drone-pi,aarch64,Raspberry Pi 5 Model B Rev 1.0,true,4
1,smollm2-360m-instruct-Q4_K_M-warmup,0145,104,,,end_of_speech,586.128,,,,,,272.967,313.161,,,,558.38,90.6,arm_freq_capped_now|currently_throttled|arm_freq_capped_occurred|throttling_occurred|soft_temp_limit_occurred,1,,8,34,drone-pi,aarch64,Raspberry Pi 5 Model B Rev 1.0,true,4
1,smollm2-360m-instruct-Q4_K_M-warmup,0137,105,,,end_of_speech,636.725,,,,,,359.508,277.217,,,,558.38,88.9,arm_freq_capped_now|currently_throttled|arm_freq_capped_occurred|throttling_occurred|soft_temp_limit_occurred,1,,7,37,drone-pi,aarch64,Raspberry Pi 5 Model B Rev 1.0,true,4
1,smollm2-360m-instruct-Q4_K_M-warmup,0020,106,,,end_of_speech,853.649,,,,,,399.657,453.992,,,,558.39,90.6,arm_freq_capped_now|currently_throttled|arm_freq_capped_occurred|throttling_occurred|soft_temp_limit_occurred,1,,12,36,drone-pi,aarch64,Raspberry Pi 5 Model B Rev 1.0,true,4
1,smollm2-360m-instruct-Q4_K_M-warmup,0080,107,,,end_of_speech,597.235,,,,,,306.853,290.382,,,,558.39,89.5,arm_freq_capped_now|currently_throttled|arm_freq_capped_occurred|throttling_occurred|soft_temp_limit_occurred,1,,7,33,drone-pi,aarch64,Raspberry Pi 5 Model B Rev 1.0,true,4
1,smollm2-360m-instruct-Q4_K_M-warmup,0069,108,,,end_of_speech,833.86,,,,,,307.846,526.014,,,,558.41,90.0,arm_freq_capped_now|currently_throttled|arm_freq_capped_occurred|throttling_occurred|soft_temp_limit_occurred,1,,14,36,drone-pi,aarch64,Raspberry Pi 5 Model B Rev 1.0,true,4
1,smollm2-360m-instruct-Q4_K_M-warmup,0047,109,,,end_of_speech,552.373,,,,,,51.508,500.865,,,,558.41,88.9,arm_freq_capped_now|currently_throttled|arm_freq_capped_occurred|throttling_occurred|soft_temp_limit_occurred,1,,13,40,drone-pi,aarch64,Raspberry Pi 5 Model B Rev 1.0,true,4
1,smollm2-360m-instruct-Q4_K_M-warmup,0050,110,,,end_of_speech,635.581,,,,,,35.679,599.902,,,,558.42,90.0,arm_freq_capped_now|currently_throttled|arm_freq_capped_occurred|throttling_occurred|soft_temp_limit_occurred,1,,14,39,drone-pi,aarch64,Raspberry Pi 5 Model B Rev 1.0,true,4
1,smollm2-360m-instruct-Q4_K_M-warmup,0172,111,,,end_of_speech,825.165,,,,,,51.622,773.543,,,,558.42,88.9,arm_freq_capped_now|currently_throttled|arm_freq_capped_occurred|throttling_occurred|soft_temp_limit_occurred,1,,18,41,drone-pi,aarch64,Raspberry Pi 5 Model B Rev 1.0,true,4
1,smollm2-360m-instruct-Q4_K_M-warmup,0076,112,,,end_of_speech,538.337,,,,,,35.535,502.802,,,,558.42,90.6,arm_freq_capped_now|currently_throttled|arm_freq_capped_occurred|throttling_occurred|soft_temp_limit_occurred,1,,13,34,drone-pi,aarch64,Raspberry Pi 5 Model B Rev 1.0,true,4
1,smollm2-360m-instruct-Q4_K_M-warmup,0180,113,,,end_of_speech,1098.204,,,,,,51.849,1046.355,,,,558.42,88.9,arm_freq_capped_now|currently_throttled|arm_freq_capped_occurred|throttling_occurred|soft_temp_limit_occurred,1,,25,42,drone-pi,aarch64,Raspberry Pi 5 Model B Rev 1.0,true,4
1,smollm2-360m-instruct-Q4_K_M-warmup,0064,114,,,end_of_speech,808.434,,,,,,231.735,576.699,,,,558.41,89.5,arm_freq_capped_now|currently_throttled|arm_freq_capped_occurred|throttling_occurred|soft_temp_limit_occurred,1,,14,34,drone-pi,aarch64,Raspberry Pi 5 Model B Rev 1.0,true,4
1,smollm2-360m-instruct-Q4_K_M-warmup,0022,115,,,end_of_speech,824.208,,,,,,51.571,772.637,,,,558.41,90.0,arm_freq_capped_now|currently_throttled|arm_freq_capped_occurred|throttling_occurred|soft_temp_limit_occurred,1,,18,34,drone-pi,aarch64,Raspberry Pi 5 Model B Rev 1.0,true,4
1,smollm2-360m-instruct-Q4_K_M-warmup,0149,116,,,end_of_speech,1014.135,,,,,,51.62,962.515,,,,558.41,90.0,arm_freq_capped_now|currently_throttled|arm_freq_capped_occurred|throttling_occurred|soft_temp_limit_occurred,1,,24,38,drone-pi,aarch64,Raspberry Pi 5 Model B Rev 1.0,true,4
1,smollm2-360m-instruct-Q4_K_M-warmup,0169,117,,,end_of_speech,1130.926,,,,,,36.049,1094.877,,,,556.02,90.6,arm_freq_capped_now|currently_throttled|arm_freq_capped_occurred|throttling_occurred|soft_temp_limit_occurred,1,,25,44,drone-pi,aarch64,Raspberry Pi 5 Model B Rev 1.0,true,4
1,smollm2-360m-instruct-Q4_K_M-warmup,0152,118,,,end_of_speech,580.321,,,,,,51.831,528.49,,,,558.39,88.9,arm_freq_capped_now|currently_throttled|arm_freq_capped_occurred|throttling_occurred|soft_temp_limit_occurred,1,,13,39,drone-pi,aarch64,Raspberry Pi 5 Model B Rev 1.0,true,4
1,smollm2-360m-instruct-Q4_K_M-warmup,0010,119,,,end_of_speech,1394.346,,,,,,35.854,1358.492,,,,558.39,89.5,arm_freq_capped_now|currently_throttled|arm_freq_capped_occurred|throttling_occurred|soft_temp_limit_occurred,1,,31,55,drone-pi,aarch64,Raspberry Pi 5 Model B Rev 1.0,true,4
1,smollm2-360m-instruct-Q4_K_M-warmup,0151,120,,,end_of_speech,1041.04,,,,,,331.431,709.609,,,,558.38,90.0,arm_freq_capped_now|currently_throttled|arm_freq_capped_occurred|throttling_occurred|soft_temp_limit_occurred,1,,17,38,drone-pi,aarch64,Raspberry Pi 5 Model B Rev 1.0,true,4
1,smollm2-360m-instruct-Q4_K_M-warmup,0162,121,,,end_of_speech,994.82,,,,,,35.843,958.977,,,,558.38,89.5,arm_freq_capped_now|currently_throttled|arm_freq_capped_occurred|throttling_occurred|soft_temp_limit_occurred,1,,23,52,drone-pi,aarch64,Raspberry Pi 5 Model B Rev 1.0,true,4
1,smollm2-360m-instruct-Q4_K_M-warmup,0182,122,,,end_of_speech,543.775,,,,,,300.952,242.823,,,,558.38,91.1,arm_freq_capped_now|currently_throttled|arm_freq_capped_occurred|throttling_occurred|soft_temp_limit_occurred,1,,7,36,drone-pi,aarch64,Raspberry Pi 5 Model B Rev 1.0,true,4
1,smollm2-360m-instruct-Q4_K_M-warmup,0072,123,,,end_of_speech,880.909,,,,,,307.083,573.826,,,,558.38,88.4,arm_freq_capped_now|currently_throttled|arm_freq_capped_occurred|throttling_occurred|soft_temp_limit_occurred,1,,13,33,drone-pi,aarch64,Raspberry Pi 5 Model B Rev 1.0,true,4
1,smollm2-360m-instruct-Q4_K_M-warmup,0033,124,,,end_of_speech,793.368,,,,,,331.411,461.957,,,,558.38,90.0,arm_freq_capped_now|currently_throttled|arm_freq_capped_occurred|throttling_occurred|soft_temp_limit_occurred,1,,12,38,drone-pi,aarch64,Raspberry Pi 5 Model B Rev 1.0,true,4
1,smollm2-360m-instruct-Q4_K_M-warmup,0116,125,,,end_of_speech,1246.007,,,,,,587.125,658.882,,,,558.38,90.0,arm_freq_capped_now|currently_throttled|arm_freq_capped_occurred|throttling_occurred|soft_temp_limit_occurred,1,,15,44,drone-pi,aarch64,Raspberry Pi 5 Model B Rev 1.0,true,4
1,smollm2-360m-instruct-Q4_K_M-warmup,0105,126,,,end_of_speech,1007.747,,,,,,51.816,955.931,,,,560.66,88.9,arm_freq_capped_now|currently_throttled|arm_freq_capped_occurred|throttling_occurred|soft_temp_limit_occurred,1,,24,40,drone-pi,aarch64,Raspberry Pi 5 Model B Rev 1.0,true,4
1,smollm2-360m-instruct-Q4_K_M-warmup,0089,127,,,end_of_speech,1539.67,,,,,,36.039,1503.631,,,,560.66,89.5,arm_freq_capped_now|currently_throttled|arm_freq_capped_occurred|throttling_occurred|soft_temp_limit_occurred,1,,36,58,drone-pi,aarch64,Raspberry Pi 5 Model B Rev 1.0,true,4
1,smollm2-360m-instruct-Q4_K_M-warmup,0062,128,,,end_of_speech,643.266,,,,,,35.632,607.634,,,,560.66,90.6,arm_freq_capped_now|currently_throttled|arm_freq_capped_occurred|throttling_occurred|soft_temp_limit_occurred,1,,15,37,drone-pi,aarch64,Raspberry Pi 5 Model B Rev 1.0,true,4
1,smollm2-360m-instruct-Q4_K_M-warmup,0113,129,,,end_of_speech,1537.537,,,,,,51.935,1485.602,,,,560.66,88.9,arm_freq_capped_now|currently_throttled|arm_freq_capped_occurred|throttling_occurred|soft_temp_limit_occurred,1,,34,47,drone-pi,aarch64,Raspberry Pi 5 Model B Rev 1.0,true,4
1,smollm2-360m-instruct-Q4_K_M-warmup,0193,130,,,end_of_speech,1117.301,,,,,,35.859,1081.442,,,,560.66,88.9,arm_freq_capped_now|currently_throttled|arm_freq_capped_occurred|throttling_occurred|soft_temp_limit_occurred,1,,24,48,drone-pi,aarch64,Raspberry Pi 5 Model B Rev 1.0,true,4
1,smollm2-360m-instruct-Q4_K_M-warmup,0006,131,,,end_of_speech,583.166,,,,,,306.32,276.846,,,,560.66,90.0,arm_freq_capped_now|currently_throttled|arm_freq_capped_occurred|throttling_occurred|soft_temp_limit_occurred,1,,7,33,drone-pi,aarch64,Raspberry Pi 5 Model B Rev 1.0,true,4
1,smollm2-360m-instruct-Q4_K_M-warmup,0196,132,,,end_of_speech,1135.596,,,,,,466.248,669.348,,,,560.66,90.6,arm_freq_capped_now|currently_throttled|arm_freq_capped_occurred|throttling_occurred|soft_temp_limit_occurred,1,,16,40,drone-pi,aarch64,Raspberry Pi 5 Model B Rev 1.0,true,4
1,smollm2-360m-instruct-Q4_K_M-warmup,0186,133,,,end_of_speech,1016.117,,,,,,51.65,964.467,,,,560.66,89.5,arm_freq_capped_now|currently_throttled|arm_freq_capped_occurred|throttling_occurred|soft_temp_limit_occurred,1,,24,41,drone-pi,aarch64,Raspberry Pi 5 Model B Rev 1.0,true,4
1,smollm2-360m-instruct-Q4_K_M-warmup,0075,134,,,end_of_speech,1288.922,,,,,,35.882,1253.04,,,,560.66,89.5,arm_freq_capped_now|currently_throttled|arm_freq_capped_occurred|throttling_occurred|soft_temp_limit_occurred,1,,29,54,drone-pi,aarch64,Raspberry Pi 5 Model B Rev 1.0,true,4
1,smollm2-360m-instruct-Q4_K_M-warmup,0131,135,,,end_of_speech,954.356,,,,,,35.819,918.537,,,,560.66,90.0,arm_freq_capped_now|currently_throttled|arm_freq_capped_occurred|throttling_occurred|soft_temp_limit_occurred,1,,24,48,drone-pi,aarch64,Raspberry Pi 5 Model B Rev 1.0,true,4
1,smollm2-360m-instruct-Q4_K_M-warmup,0121,136,,,end_of_speech,853.996,,,,,,279.305,574.691,,,,560.66,90.0,arm_freq_capped_now|currently_throttled|arm_freq_capped_occurred|throttling_occurred|soft_temp_limit_occurred,1,,14,32,drone-pi,aarch64,Raspberry Pi 5 Model B Rev 1.0,true,4
1,smollm2-360m-instruct-Q4_K_M-warmup,0101,137,,,end_of_speech,897.541,,,,,,51.682,845.859,,,,560.66,89.5,arm_freq_capped_now|currently_throttled|arm_freq_capped_occurred|throttling_occurred|soft_temp_limit_occurred,1,,20,41,drone-pi,aarch64,Raspberry Pi 5 Model B Rev 1.0,true,4
1,smollm2-360m-instruct-Q4_K_M-warmup,0032,138,,,end_of_speech,497.568,,,,,,251.695,245.873,,,,560.66,90.6,arm_freq_capped_now|currently_throttled|arm_freq_capped_occurred|throttling_occurred|soft_temp_limit_occurred,1,,7,32,drone-pi,aarch64,Raspberry Pi 5 Model B Rev 1.0,true,4
1,smollm2-360m-instruct-Q4_K_M-warmup,0018,139,,,end_of_speech,583.826,,,,,,337.712,246.114,,,,560.66,90.6,arm_freq_capped_now|currently_throttled|arm_freq_capped_occurred|throttling_occurred|soft_temp_limit_occurred,1,,7,35,drone-pi,aarch64,Raspberry Pi 5 Model B Rev 1.0,true,4
1,smollm2-360m-instruct-Q4_K_M-warmup,0049,140,,,end_of_speech,1706.179,,,,,,583.602,1122.577,,,,560.66,88.9,arm_freq_capped_now|currently_throttled|arm_freq_capped_occurred|throttling_occurred|soft_temp_limit_occurred,1,,27,44,drone-pi,aarch64,Raspberry Pi 5 Model B Rev 1.0,true,4
1,smollm2-360m-instruct-Q4_K_M-warmup,0065,141,,,end_of_speech,1302.753,,,,,,35.729,1267.024,,,,560.66,90.0,arm_freq_capped_now|currently_throttled|arm_freq_capped_occurred|throttling_occurred|soft_temp_limit_occurred,1,,30,52,drone-pi,aarch64,Raspberry Pi 5 Model B Rev 1.0,true,4
1,smollm2-360m-instruct-Q4_K_M-warmup,0110,142,,,end_of_speech,1173.397,,,,,,51.835,1121.562,,,,560.66,90.6,arm_freq_capped_now|currently_throttled|arm_freq_capped_occurred|throttling_occurred|soft_temp_limit_occurred,1,,27,45,drone-pi,aarch64,Raspberry Pi 5 Model B Rev 1.0,true,4
1,smollm2-360m-instruct-Q4_K_M-warmup,0048,143,,,end_of_speech,483.257,,,,,,202.545,280.712,,,,560.66,89.5,arm_freq_capped_now|currently_throttled|arm_freq_capped_occurred|throttling_occurred|soft_temp_limit_occurred,1,,8,32,drone-pi,aarch64,Raspberry Pi 5 Model B Rev 1.0,true,4
1,smollm2-360m-instruct-Q4_K_M-warmup,0097,144,,,end_of_speech,711.959,,,,,,401.101,310.858,,,,560.66,90.0,arm_freq_capped_now|currently_throttled|arm_freq_capped_occurred|throttling_occurred|soft_temp_limit_occurred,1,,7,38,drone-pi,aarch64,Raspberry Pi 5 Model B Rev 1.0,true,4
1,smollm2-360m-instruct-Q4_K_M-warmup,0127,145,,,end_of_speech,1098.618,,,,,,419.609,679.009,,,,560.66,89.5,arm_freq_capped_now|currently_throttled|arm_freq_capped_occurred|throttling_occurred|soft_temp_limit_occurred,1,,17,39,drone-pi,aarch64,Raspberry Pi 5 Model B Rev 1.0,true,4
1,smollm2-360m-instruct-Q4_K_M-warmup,0123,146,,,end_of_speech,1018.675,,,,,,35.534,983.141,,,,560.66,88.9,arm_freq_capped_now|currently_throttled|arm_freq_capped_occurred|throttling_occurred|soft_temp_limit_occurred,1,,24,40,drone-pi,aarch64,Raspberry Pi 5 Model B Rev 1.0,true,4
1,smollm2-360m-instruct-Q4_K_M-warmup,0144,147,,,end_of_speech,1006.656,,,,,,382.888,623.768,,,,560.66,89.5,arm_freq_capped_now|currently_throttled|arm_freq_capped_occurred|throttling_occurred|soft_temp_limit_occurred,1,,14,39,drone-pi,aarch64,Raspberry Pi 5 Model B Rev 1.0,true,4
1,smollm2-360m-instruct-Q4_K_M-warmup,0057,148,,,end_of_speech,583.653,,,,,,313.192,270.461,,,,560.66,90.0,arm_freq_capped_now|currently_throttled|arm_freq_capped_occurred|throttling_occurred|soft_temp_limit_occurred,1,,7,33,drone-pi,aarch64,Raspberry Pi 5 Model B Rev 1.0,true,4
1,smollm2-360m-instruct-Q4_K_M-warmup,0083,149,,,end_of_speech,1299.798,,,,,,553.801,745.997,,,,560.66,90.6,arm_freq_capped_now|currently_throttled|arm_freq_capped_occurred|throttling_occurred|soft_temp_limit_occurred,1,,18,43,drone-pi,aarch64,Raspberry Pi 5 Model B Rev 1.0,true,4
1,smollm2-360m-instruct-Q4_K_M-warmup,0168,150,,,end_of_speech,900.695,,,,,,308.216,592.479,,,,560.66,90.0,arm_freq_capped_now|currently_throttled|arm_freq_capped_occurred|throttling_occurred|soft_temp_limit_occurred,1,,12,35,drone-pi,aarch64,Raspberry Pi 5 Model B Rev 1.0,true,4
1,smollm2-360m-instruct-Q4_K_M-warmup,0134,151,,,end_of_speech,778.585,,,,,,51.906,726.679,,,,560.66,89.5,arm_freq_capped_now|currently_throttled|arm_freq_capped_occurred|throttling_occurred|soft_temp_limit_occurred,1,,18,51,drone-pi,aarch64,Raspberry Pi 5 Model B Rev 1.0,true,4
1,smollm2-360m-instruct-Q4_K_M-warmup,0128,152,,,end_of_speech,1013.098,,,,,,35.732,977.366,,,,560.66,90.0,arm_freq_capped_now|currently_throttled|arm_freq_capped_occurred|throttling_occurred|soft_temp_limit_occurred,1,,23,45,drone-pi,aarch64,Raspberry Pi 5 Model B Rev 1.0,true,4
1,smollm2-360m-instruct-Q4_K_M-warmup,0092,153,,,end_of_speech,729.31,,,,,,51.853,677.457,,,,560.66,90.0,arm_freq_capped_now|currently_throttled|arm_freq_capped_occurred|throttling_occurred|soft_temp_limit_occurred,1,,18,37,drone-pi,aarch64,Raspberry Pi 5 Model B Rev 1.0,true,4
1,smollm2-360m-instruct-Q4_K_M-warmup,0120,154,,,end_of_speech,970.441,,,,,,52.124,918.317,,,,560.66,88.9,arm_freq_capped_now|currently_throttled|arm_freq_capped_occurred|throttling_occurred|soft_temp_limit_occurred,1,,23,53,drone-pi,aarch64,Raspberry Pi 5 Model B Rev 1.0,true,4
1,smollm2-360m-instruct-Q4_K_M-warmup,0059,155,,,end_of_speech,876.257,,,,,,35.812,840.445,,,,560.66,90.6,arm_freq_capped_now|currently_throttled|arm_freq_capped_occurred|throttling_occurred|soft_temp_limit_occurred,1,,21,44,drone-pi,aarch64,Raspberry Pi 5 Model B Rev 1.0,true,4
1,smollm2-360m-instruct-Q4_K_M-warmup,0141,156,,,end_of_speech,1144.29,,,,,,55.693,1088.597,,,,560.66,89.5,arm_freq_capped_now|currently_throttled|arm_freq_capped_occurred|throttling_occurred|soft_temp_limit_occurred,1,,26,50,drone-pi,aarch64,Raspberry Pi 5 Model B Rev 1.0,true,4
1,smollm2-360m-instruct-Q4_K_M-warmup,0108,157,,,end_of_speech,643.383,,,,,,39.198,604.185,,,,560.66,90.0,arm_freq_capped_now|currently_throttled|arm_freq_capped_occurred|throttling_occurred|soft_temp_limit_occurred,1,,14,41,drone-pi,aarch64,Raspberry Pi 5 Model B Rev 1.0,true,4
1,smollm2-360m-instruct-Q4_K_M-warmup,0159,158,,,end_of_speech,817.289,,,,,,51.715,765.574,,,,560.66,89.5,arm_freq_capped_now|currently_throttled|arm_freq_capped_occurred|throttling_occurred|soft_temp_limit_occurred,1,,19,40,drone-pi,aarch64,Raspberry Pi 5 Model B Rev 1.0,true,4
1,smollm2-360m-instruct-Q4_K_M-warmup,0056,159,,,end_of_speech,807.593,,,,,,39.68,767.913,,,,560.67,90.0,arm_freq_capped_now|currently_throttled|arm_freq_capped_occurred|throttling_occurred|soft_temp_limit_occurred,1,,18,42,drone-pi,aarch64,Raspberry Pi 5 Model B Rev 1.0,true,4
1,smollm2-360m-instruct-Q4_K_M-warmup,0009,160,,,end_of_speech,659.954,,,,,,385.653,274.301,,,,560.67,90.0,arm_freq_capped_now|currently_throttled|arm_freq_capped_occurred|throttling_occurred|soft_temp_limit_occurred,1,,7,37,drone-pi,aarch64,Raspberry Pi 5 Model B Rev 1.0,true,4
1,smollm2-360m-instruct-Q4_K_M-warmup,0038,161,,,end_of_speech,2331.46,,,,,,897.351,1434.109,,,,560.67,90.0,arm_freq_capped_now|currently_throttled|arm_freq_capped_occurred|throttling_occurred|soft_temp_limit_occurred,1,,32,56,drone-pi,aarch64,Raspberry Pi 5 Model B Rev 1.0,true,4
1,smollm2-360m-instruct-Q4_K_M-warmup,0167,162,,,end_of_speech,839.129,,,,,,51.543,787.586,,,,560.67,89.5,arm_freq_capped_now|currently_throttled|arm_freq_capped_occurred|throttling_occurred|soft_temp_limit_occurred,1,,18,37,drone-pi,aarch64,Raspberry Pi 5 Model B Rev 1.0,true,4
1,smollm2-360m-instruct-Q4_K_M-warmup,0114,163,,,end_of_speech,1046.862,,,,,,35.762,1011.1,,,,560.67,90.0,arm_freq_capped_now|currently_throttled|arm_freq_capped_occurred|throttling_occurred|soft_temp_limit_occurred,1,,23,46,drone-pi,aarch64,Raspberry Pi 5 Model B Rev 1.0,true,4
1,smollm2-360m-instruct-Q4_K_M-warmup,0145,164,,,end_of_speech,613.834,,,,,,301.547,312.287,,,,560.67,90.0,arm_freq_capped_now|currently_throttled|arm_freq_capped_occurred|throttling_occurred|soft_temp_limit_occurred,1,,8,34,drone-pi,aarch64,Raspberry Pi 5 Model B Rev 1.0,true,4
1,smollm2-360m-instruct-Q4_K_M-warmup,0137,165,,,end_of_speech,615.081,,,,,,364.596,250.485,,,,560.67,90.0,arm_freq_capped_now|currently_throttled|arm_freq_capped_occurred|throttling_occurred|soft_temp_limit_occurred,1,,7,37,drone-pi,aarch64,Raspberry Pi 5 Model B Rev 1.0,true,4
1,smollm2-360m-instruct-Q4_K_M-warmup,0020,166,,,end_of_speech,828.903,,,,,,359.3,469.603,,,,560.67,88.4,arm_freq_capped_now|currently_throttled|arm_freq_capped_occurred|throttling_occurred|soft_temp_limit_occurred,1,,12,36,drone-pi,aarch64,Raspberry Pi 5 Model B Rev 1.0,true,4
1,smollm2-360m-instruct-Q4_K_M-warmup,0080,167,,,end_of_speech,484.422,,,,,,239.013,245.409,,,,560.67,89.5,arm_freq_capped_now|currently_throttled|arm_freq_capped_occurred|throttling_occurred|soft_temp_limit_occurred,1,,7,33,drone-pi,aarch64,Raspberry Pi 5 Model B Rev 1.0,true,4
1,smollm2-360m-instruct-Q4_K_M-warmup,0069,168,,,end_of_speech,825.387,,,,,,330.983,494.404,,,,560.67,89.5,arm_freq_capped_now|currently_throttled|arm_freq_capped_occurred|throttling_occurred|soft_temp_limit_occurred,1,,14,36,drone-pi,aarch64,Raspberry Pi 5 Model B Rev 1.0,true,4
1,smollm2-360m-instruct-Q4_K_M-warmup,0047,169,,,end_of_speech,584.479,,,,,,51.484,532.995,,,,560.67,89.5,arm_freq_capped_now|currently_throttled|arm_freq_capped_occurred|throttling_occurred|soft_temp_limit_occurred,1,,13,40,drone-pi,aarch64,Raspberry Pi 5 Model B Rev 1.0,true,4
1,smollm2-360m-instruct-Q4_K_M-warmup,0050,170,,,end_of_speech,592.252,,,,,,35.628,556.624,,,,560.67,88.9,arm_freq_capped_now|currently_throttled|arm_freq_capped_occurred|throttling_occurred|soft_temp_limit_occurred,1,,14,39,drone-pi,aarch64,Raspberry Pi 5 Model B Rev 1.0,true,4
1,smollm2-360m-instruct-Q4_K_M-warmup,0172,171,,,end_of_speech,753.107,,,,,,35.656,717.451,,,,560.67,88.9,arm_freq_capped_now|currently_throttled|arm_freq_capped_occurred|throttling_occurred|soft_temp_limit_occurred,1,,18,41,drone-pi,aarch64,Raspberry Pi 5 Model B Rev 1.0,true,4
1,smollm2-360m-instruct-Q4_K_M-warmup,0076,172,,,end_of_speech,554.935,,,,,,51.558,503.377,,,,560.67,88.9,arm_freq_capped_now|currently_throttled|arm_freq_capped_occurred|throttling_occurred|soft_temp_limit_occurred,1,,13,34,drone-pi,aarch64,Raspberry Pi 5 Model B Rev 1.0,true,4
1,smollm2-360m-instruct-Q4_K_M-warmup,0180,173,,,end_of_speech,1132.939,,,,,,35.639,1097.3,,,,560.67,89.5,arm_freq_capped_now|currently_throttled|arm_freq_capped_occurred|throttling_occurred|soft_temp_limit_occurred,1,,25,42,drone-pi,aarch64,Raspberry Pi 5 Model B Rev 1.0,true,4
1,smollm2-360m-instruct-Q4_K_M-warmup,0064,174,,,end_of_speech,831.511,,,,,,293.085,538.426,,,,560.67,90.6,arm_freq_capped_now|currently_throttled|arm_freq_capped_occurred|throttling_occurred|soft_temp_limit_occurred,1,,14,34,drone-pi,aarch64,Raspberry Pi 5 Model B Rev 1.0,true,4
1,smollm2-360m-instruct-Q4_K_M-warmup,0022,175,,,end_of_speech,767.596,,,,,,35.59,732.006,,,,560.67,91.1,arm_freq_capped_now|currently_throttled|arm_freq_capped_occurred|throttling_occurred|soft_temp_limit_occurred,1,,18,34,drone-pi,aarch64,Raspberry Pi 5 Model B Rev 1.0,true,4
1,smollm2-360m-instruct-Q4_K_M-warmup,0149,176,,,end_of_speech,1128.079,,,,,,51.727,1076.352,,,,560.67,89.5,arm_freq_capped_now|currently_throttled|arm_freq_capped_occurred|throttling_occurred|soft_temp_limit_occurred,1,,24,38,drone-pi,aarch64,Raspberry Pi 5 Model B Rev 1.0,true,4
1,smollm2-360m-instruct-Q4_K_M-warmup,0169,177,,,end_of_speech,1029.732,,,,,,35.75,993.982,,,,560.67,90.0,arm_freq_capped_now|currently_throttled|arm_freq_capped_occurred|throttling_occurred|soft_temp_limit_occurred,1,,25,44,drone-pi,aarch64,Raspberry Pi 5 Model B Rev 1.0,true,4
1,smollm2-360m-instruct-Q4_K_M-warmup,0152,178,,,end_of_speech,520.102,,,,,,51.756,468.346,,,,560.67,91.1,arm_freq_capped_now|currently_throttled|arm_freq_capped_occurred|throttling_occurred|soft_temp_limit_occurred,1,,13,39,drone-pi,aarch64,Raspberry Pi 5 Model B Rev 1.0,true,4
1,smollm2-360m-instruct-Q4_K_M-warmup,0010,179,,,end_of_speech,1361.741,,,,,,52.111,1309.63,,,,560.67,91.1,arm_freq_capped_now|currently_throttled|arm_freq_capped_occurred|throttling_occurred|soft_temp_limit_occurred,1,,31,55,drone-pi,aarch64,Raspberry Pi 5 Model B Rev 1.0,true,4
1,smollm2-360m-instruct-Q4_K_M-warmup,0151,180,,,end_of_speech,741.128,,,,,,51.616,689.512,,,,560.67,89.5,arm_freq_capped_now|currently_throttled|arm_freq_capped_occurred|throttling_occurred|soft_temp_limit_occurred,1,,17,38,drone-pi,aarch64,Raspberry Pi 5 Model B Rev 1.0,true,4
1,smollm2-360m-instruct-Q4_K_M-warmup,0162,181,,,end_of_speech,982.723,,,,,,35.905,946.818,,,,560.67,89.5,arm_freq_capped_now|currently_throttled|arm_freq_capped_occurred|throttling_occurred|soft_temp_limit_occurred,1,,23,52,drone-pi,aarch64,Raspberry Pi 5 Model B Rev 1.0,true,4
1,smollm2-360m-instruct-Q4_K_M-warmup,0182,182,,,end_of_speech,568.694,,,,,,331.041,237.653,,,,560.67,90.0,arm_freq_capped_now|currently_throttled|arm_freq_capped_occurred|throttling_occurred|soft_temp_limit_occurred,1,,7,36,drone-pi,aarch64,Raspberry Pi 5 Model B Rev 1.0,true,4
1,smollm2-360m-instruct-Q4_K_M-warmup,0072,183,,,end_of_speech,828.802,,,,,,306.05,522.752,,,,560.67,90.6,arm_freq_capped_now|currently_throttled|arm_freq_capped_occurred|throttling_occurred|soft_temp_limit_occurred,1,,13,33,drone-pi,aarch64,Raspberry Pi 5 Model B Rev 1.0,true,4
1,smollm2-360m-instruct-Q4_K_M-warmup,0033,184,,,end_of_speech,516.472,,,,,,51.501,464.971,,,,560.67,90.0,arm_freq_capped_now|currently_throttled|arm_freq_capped_occurred|throttling_occurred|soft_temp_limit_occurred,1,,12,38,drone-pi,aarch64,Raspberry Pi 5 Model B Rev 1.0,true,4
1,smollm2-360m-instruct-Q4_K_M-warmup,0116,185,,,end_of_speech,683.401,,,,,,51.742,631.659,,,,560.67,90.0,arm_freq_capped_now|currently_throttled|arm_freq_capped_occurred|throttling_occurred|soft_temp_limit_occurred,1,,15,44,drone-pi,aarch64,Raspberry Pi 5 Model B Rev 1.0,true,4
1,smollm2-360m-instruct-Q4_K_M-warmup,0105,186,,,end_of_speech,1104.66,,,,,,51.703,1052.957,,,,560.67,90.6,arm_freq_capped_now|currently_throttled|arm_freq_capped_occurred|throttling_occurred|soft_temp_limit_occurred,1,,24,40,drone-pi,aarch64,Raspberry Pi 5 Model B Rev 1.0,true,4
1,smollm2-360m-instruct-Q4_K_M-warmup,0089,187,,,end_of_speech,1575.764,,,,,,52.237,1523.527,,,,560.67,87.8,arm_freq_capped_now|currently_throttled|arm_freq_capped_occurred|throttling_occurred|soft_temp_limit_occurred,1,,36,58,drone-pi,aarch64,Raspberry Pi 5 Model B Rev 1.0,true,4
1,smollm2-360m-instruct-Q4_K_M-warmup,0062,188,,,end_of_speech,597.015,,,,,,35.567,561.448,,,,560.67,88.9,arm_freq_capped_now|currently_throttled|arm_freq_capped_occurred|throttling_occurred|soft_temp_limit_occurred,1,,15,37,drone-pi,aarch64,Raspberry Pi 5 Model B Rev 1.0,true,4
1,smollm2-360m-instruct-Q4_K_M-warmup,0113,189,,,end_of_speech,1508.502,,,,,,35.746,1472.756,,,,560.67,90.6,arm_freq_capped_now|currently_throttled|arm_freq_capped_occurred|throttling_occurred|soft_temp_limit_occurred,1,,34,47,drone-pi,aarch64,Raspberry Pi 5 Model B Rev 1.0,true,4
1,smollm2-360m-instruct-Q4_K_M-warmup,0193,190,,,end_of_speech,1200.583,,,,,,51.936,1148.647,,,,560.67,89.5,arm_freq_capped_now|currently_throttled|arm_freq_capped_occurred|throttling_occurred|soft_temp_limit_occurred,1,,24,48,drone-pi,aarch64,Raspberry Pi 5 Model B Rev 1.0,true,4
1,smollm2-360m-instruct-Q4_K_M-warmup,0006,191,,,end_of_speech,516.063,,,,,,240.651,275.412,,,,560.67,90.6,arm_freq_capped_now|currently_throttled|arm_freq_capped_occurred|throttling_occurred|soft_temp_limit_occurred,1,,7,33,drone-pi,aarch64,Raspberry Pi 5 Model B Rev 1.0,true,4
1,smollm2-360m-instruct-Q4_K_M-warmup,0196,192,,,end_of_speech,1105.061,,,,,,474.394,630.667,,,,560.67,90.0,arm_freq_capped_now|currently_throttled|arm_freq_capped_occurred|throttling_occurred|soft_temp_limit_occurred,1,,16,40,drone-pi,aarch64,Raspberry Pi 5 Model B Rev 1.0,true,4
1,smollm2-360m-instruct-Q4_K_M-warmup,0186,193,,,end_of_speech,974.375,,,,,,51.564,922.811,,,,560.67,90.0,arm_freq_capped_now|currently_throttled|arm_freq_capped_occurred|throttling_occurred|soft_temp_limit_occurred,1,,24,41,drone-pi,aarch64,Raspberry Pi 5 Model B Rev 1.0,true,4
1,smollm2-360m-instruct-Q4_K_M-warmup,0075,194,,,end_of_speech,1330.493,,,,,,52.068,1278.425,,,,560.67,90.0,arm_freq_capped_now|currently_throttled|arm_freq_capped_occurred|throttling_occurred|soft_temp_limit_occurred,1,,29,54,drone-pi,aarch64,Raspberry Pi 5 Model B Rev 1.0,true,4
1,smollm2-360m-instruct-Q4_K_M-warmup,0131,195,,,end_of_speech,1096.277,,,,,,51.772,1044.505,,,,560.67,89.5,arm_freq_capped_now|currently_throttled|arm_freq_capped_occurred|throttling_occurred|soft_temp_limit_occurred,1,,24,48,drone-pi,aarch64,Raspberry Pi 5 Model B Rev 1.0,true,4
1,smollm2-360m-instruct-Q4_K_M-warmup,0121,196,,,end_of_speech,775.784,,,,,,231.458,544.326,,,,560.67,90.6,arm_freq_capped_now|currently_throttled|arm_freq_capped_occurred|throttling_occurred|soft_temp_limit_occurred,1,,14,32,drone-pi,aarch64,Raspberry Pi 5 Model B Rev 1.0,true,4
1,smollm2-360m-instruct-Q4_K_M-warmup,0101,197,,,end_of_speech,874.608,,,,,,51.654,822.954,,,,560.69,88.9,arm_freq_capped_now|currently_throttled|arm_freq_capped_occurred|throttling_occurred|soft_temp_limit_occurred,1,,20,41,drone-pi,aarch64,Raspberry Pi 5 Model B Rev 1.0,true,4
1,smollm2-360m-instruct-Q4_K_M-warmup,0032,198,,,end_of_speech,543.799,,,,,,236.441,307.358,,,,560.69,90.0,arm_freq_capped_now|currently_throttled|arm_freq_capped_occurred|throttling_occurred|soft_temp_limit_occurred,1,,7,32,drone-pi,aarch64,Raspberry Pi 5 Model B Rev 1.0,true,4
1,smollm2-360m-instruct-Q4_K_M-warmup,0018,199,,,end_of_speech,585.127,,,,,,362.804,222.323,,,,560.69,89.5,arm_freq_capped_now|currently_throttled|arm_freq_capped_occurred|throttling_occurred|soft_temp_limit_occurred,1,,7,35,drone-pi,aarch64,Raspberry Pi 5 Model B Rev 1.0,true,4
1,smollm2-360m-instruct-Q4_K_M-warmup,0049,200,,,end_of_speech,1712.638,,,,,,542.118,1170.52,,,,560.69,89.5,arm_freq_capped_now|currently_throttled|arm_freq_capped_occurred|throttling_occurred|soft_temp_limit_occurred,1,,27,44,drone-pi,aarch64,Raspberry Pi 5 Model B Rev 1.0,true,4
1,smollm2-360m-instruct-Q4_K_M-warmup,0065,201,,,end_of_speech,1346.775,,,,,,35.791,1310.984,,,,560.69,90.6,arm_freq_capped_now|currently_throttled|arm_freq_capped_occurred|throttling_occurred|soft_temp_limit_occurred,1,,30,52,drone-pi,aarch64,Raspberry Pi 5 Model B Rev 1.0,true,4
1,smollm2-360m-instruct-Q4_K_M-warmup,0110,202,,,end_of_speech,1152.335,,,,,,35.729,1116.606,,,,560.69,89.5,arm_freq_capped_now|currently_throttled|arm_freq_capped_occurred|throttling_occurred|soft_temp_limit_occurred,1,,27,45,drone-pi,aarch64,Raspberry Pi 5 Model B Rev 1.0,true,4
1,smollm2-360m-instruct-Q4_K_M-warmup,0048,203,,,end_of_speech,551.454,,,,,,216.698,334.756,,,,560.69,89.5,arm_freq_capped_now|currently_throttled|arm_freq_capped_occurred|throttling_occurred|soft_temp_limit_occurred,1,,8,32,drone-pi,aarch64,Raspberry Pi 5 Model B Rev 1.0,true,4
1,smollm2-360m-instruct-Q4_K_M-warmup,0097,204,,,end_of_speech,623.908,,,,,,370.754,253.154,,,,560.69,89.5,arm_freq_capped_now|currently_throttled|arm_freq_capped_occurred|throttling_occurred|soft_temp_limit_occurred,1,,7,38,drone-pi,aarch64,Raspberry Pi 5 Model B Rev 1.0,true,4
1,smollm2-360m-instruct-Q4_K_M-warmup,0127,205,,,end_of_speech,1132.906,,,,,,440.162,692.744,,,,560.69,90.6,arm_freq_capped_now|currently_throttled|arm_freq_capped_occurred|throttling_occurred|soft_temp_limit_occurred,1,,17,39,drone-pi,aarch64,Raspberry Pi 5 Model B Rev 1.0,true,4
1,smollm2-360m-instruct-Q4_K_M-warmup,0123,206,,,end_of_speech,992.19,,,,,,48.148,944.042,,,,560.69,90.6,arm_freq_capped_now|currently_throttled|arm_freq_capped_occurred|throttling_occurred|soft_temp_limit_occurred,1,,24,40,drone-pi,aarch64,Raspberry Pi 5 Model B Rev 1.0,true,4
1,smollm2-360m-instruct-Q4_K_M-warmup,0144,207,,,end_of_speech,967.678,,,,,,419.249,548.429,,,,560.69,90.0,arm_freq_capped_now|currently_throttled|arm_freq_capped_occurred|throttling_occurred|soft_temp_limit_occurred,1,,14,39,drone-pi,aarch64,Raspberry Pi 5 Model B Rev 1.0,true,4
1,smollm2-360m-instruct-Q4_K_M-warmup,0057,208,,,end_of_speech,620.919,,,,,,356.362,264.557,,,,560.7,90.0,arm_freq_capped_now|currently_throttled|arm_freq_capped_occurred|throttling_occurred|soft_temp_limit_occurred,1,,7,33,drone-pi,aarch64,Raspberry Pi 5 Model B Rev 1.0,true,4
1,smollm2-360m-instruct-Q4_K_M-warmup,0083,209,,,end_of_speech,1391.169,,,,,,566.214,824.955,,,,560.7,90.0,arm_freq_capped_now|currently_throttled|arm_freq_capped_occurred|throttling_occurred|soft_temp_limit_occurred,1,,18,43,drone-pi,aarch64,Raspberry Pi 5 Model B Rev 1.0,true,4
1,smollm2-360m-instruct-Q4_K_M-warmup,0168,210,,,end_of_speech,483.249,,,,,,51.63,431.619,,,,563.05,89.5,arm_freq_capped_now|currently_throttled|arm_freq_capped_occurred|throttling_occurred|soft_temp_limit_occurred,1,,12,35,drone-pi,aarch64,Raspberry Pi 5 Model B Rev 1.0,true,4
1,smollm2-360m-instruct-Q4_K_M-warmup,0134,211,,,end_of_speech,770.975,,,,,,35.863,735.112,,,,563.05,88.9,arm_freq_capped_now|currently_throttled|arm_freq_capped_occurred|throttling_occurred|soft_temp_limit_occurred,1,,18,51,drone-pi,aarch64,Raspberry Pi 5 Model B Rev 1.0,true,4
1,smollm2-360m-instruct-Q4_K_M-warmup,0128,212,,,end_of_speech,1010.824,,,,,,35.752,975.072,,,,563.05,88.9,arm_freq_capped_now|currently_throttled|arm_freq_capped_occurred|throttling_occurred|soft_temp_limit_occurred,1,,23,45,drone-pi,aarch64,Raspberry Pi 5 Model B Rev 1.0,true,4
1,smollm2-360m-instruct-Q4_K_M-warmup,0092,213,,,end_of_speech,736.499,,,,,,35.612,700.887,,,,563.05,89.5,arm_freq_capped_now|currently_throttled|arm_freq_capped_occurred|throttling_occurred|soft_temp_limit_occurred,1,,18,37,drone-pi,aarch64,Raspberry Pi 5 Model B Rev 1.0,true,4
1,smollm2-360m-instruct-Q4_K_M-warmup,0120,214,,,end_of_speech,1021.668,,,,,,35.861,985.807,,,,563.05,90.6,arm_freq_capped_now|currently_throttled|arm_freq_capped_occurred|throttling_occurred|soft_temp_limit_occurred,1,,23,53,drone-pi,aarch64,Raspberry Pi 5 Model B Rev 1.0,true,4
1,smollm2-360m-instruct-Q4_K_M-warmup,0059,215,,,end_of_speech,952.127,,,,,,51.861,900.266,,,,563.05,88.4,arm_freq_capped_now|currently_throttled|arm_freq_capped_occurred|throttling_occurred|soft_temp_limit_occurred,1,,21,44,drone-pi,aarch64,Raspberry Pi 5 Model B Rev 1.0,true,4
1,smollm2-360m-instruct-Q4_K_M-warmup,0141,216,,,end_of_speech,1166.925,,,,,,35.846,1131.079,,,,563.05,90.6,arm_freq_capped_now|currently_throttled|arm_freq_capped_occurred|throttling_occurred|soft_temp_limit_occurred,1,,26,50,drone-pi,aarch64,Raspberry Pi 5 Model B Rev 1.0,true,4
1,smollm2-360m-instruct-Q4_K_M-warmup,0108,217,,,end_of_speech,633.577,,,,,,51.667,581.91,,,,563.05,90.6,arm_freq_capped_now|currently_throttled|arm_freq_capped_occurred|throttling_occurred|soft_temp_limit_occurred,1,,14,41,drone-pi,aarch64,Raspberry Pi 5 Model B Rev 1.0,true,4
1,smollm2-360m-instruct-Q4_K_M-warmup,0159,218,,,end_of_speech,860.036,,,,,,51.705,808.331,,,,563.05,90.0,arm_freq_capped_now|currently_throttled|arm_freq_capped_occurred|throttling_occurred|soft_temp_limit_occurred,1,,19,40,drone-pi,aarch64,Raspberry Pi 5 Model B Rev 1.0,true,4
1,smollm2-360m-instruct-Q4_K_M-warmup,0056,219,,,end_of_speech,793.649,,,,,,51.845,741.804,,,,563.05,91.1,arm_freq_capped_now|currently_throttled|arm_freq_capped_occurred|throttling_occurred|soft_temp_limit_occurred,1,,18,42,drone-pi,aarch64,Raspberry Pi 5 Model B Rev 1.0,true,4
1,smollm2-360m-instruct-Q4_K_M-warmup,0009,220,,,end_of_speech,593.515,,,,,,346.84,246.675,,,,563.06,90.6,arm_freq_capped_now|currently_throttled|arm_freq_capped_occurred|throttling_occurred|soft_temp_limit_occurred,1,,7,37,drone-pi,aarch64,Raspberry Pi 5 Model B Rev 1.0,true,4
1,smollm2-360m-instruct-Q4_K_M-warmup,0038,221,,,end_of_speech,2335.655,,,,,,954.168,1381.487,,,,563.06,89.5,arm_freq_capped_now|currently_throttled|arm_freq_capped_occurred|throttling_occurred|soft_temp_limit_occurred,1,,32,56,drone-pi,aarch64,Raspberry Pi 5 Model B Rev 1.0,true,4
1,smollm2-360m-instruct-Q4_K_M-warmup,0167,222,,,end_of_speech,798.33,,,,,,35.47,762.86,,,,563.06,90.6,arm_freq_capped_now|currently_throttled|arm_freq_capped_occurred|throttling_occurred|soft_temp_limit_occurred,1,,18,37,drone-pi,aarch64,Raspberry Pi 5 Model B Rev 1.0,true,4
1,smollm2-360m-instruct-Q4_K_M-warmup,0114,223,,,end_of_speech,1134.784,,,,,,51.903,1082.881,,,,563.06,89.5,arm_freq_capped_now|currently_throttled|arm_freq_capped_occurred|throttling_occurred|soft_temp_limit_occurred,1,,23,46,drone-pi,aarch64,Raspberry Pi 5 Model B Rev 1.0,true,4
1,smollm2-360m-instruct-Q4_K_M-warmup,0145,224,,,end_of_speech,553.658,,,,,,272.927,280.731,,,,563.06,88.4,arm_freq_capped_now|currently_throttled|arm_freq_capped_occurred|throttling_occurred|soft_temp_limit_occurred,1,,8,34,drone-pi,aarch64,Raspberry Pi 5 Model B Rev 1.0,true,4
1,smollm2-360m-instruct-Q4_K_M-warmup,0137,225,,,end_of_speech,615.704,,,,,,350.475,265.229,,,,563.06,90.0,arm_freq_capped_now|currently_throttled|arm_freq_capped_occurred|throttling_occurred|soft_temp_limit_occurred,1,,7,37,drone-pi,aarch64,Raspberry Pi 5 Model B Rev 1.0,true,4
1,smollm2-360m-instruct-Q4_K_M-warmup,0020,226,,,end_of_speech,835.164,,,,,,392.629,442.535,,,,563.06,89.5,arm_freq_capped_now|currently_throttled|arm_freq_capped_occurred|throttling_occurred|soft_temp_limit_occurred,1,,12,36,drone-pi,aarch64,Raspberry Pi 5 Model B Rev 1.0,true,4
1,smollm2-360m-instruct-Q4_K_M-warmup,0080,227,,,end_of_speech,548.988,,,,,,272.483,276.505,,,,563.06,88.9,arm_freq_capped_now|currently_throttled|arm_freq_capped_occurred|throttling_occurred|soft_temp_limit_occurred,1,,7,33,drone-pi,aarch64,Raspberry Pi 5 Model B Rev 1.0,true,4
1,smollm2-360m-instruct-Q4_K_M-warmup,0069,228,,,end_of_speech,980.82,,,,,,392.603,588.217,,,,563.06,89.5,arm_freq_capped_now|currently_throttled|arm_freq_capped_occurred|throttling_occurred|soft_temp_limit_occurred,1,,14,36,drone-pi,aarch64,Raspberry Pi 5 Model B Rev 1.0,true,4
1,smollm2-360m-instruct-Q4_K_M-warmup,0047,229,,,end_of_speech,525.317,,,,,,35.447,489.87,,,,563.06,89.5,arm_freq_capped_now|currently_throttled|arm_freq_capped_occurred|throttling_occurred|soft_temp_limit_occurred,1,,13,40,drone-pi,aarch64,Raspberry Pi 5 Model B Rev 1.0,true,4
1,smollm2-360m-instruct-Q4_K_M-warmup,0050,230,,,end_of_speech,592.282,,,,,,35.623,556.659,,,,563.06,90.6,arm_freq_capped_now|currently_throttled|arm_freq_capped_occurred|throttling_occurred|soft_temp_limit_occurred,1,,14,39,drone-pi,aarch64,Raspberry Pi 5 Model B Rev 1.0,true,4
1,smollm2-360m-instruct-Q4_K_M-warmup,0172,231,,,end_of_speech,824.834,,,,,,51.752,773.082,,,,563.06,88.9,arm_freq_capped_now|currently_throttled|arm_freq_capped_occurred|throttling_occurred|soft_temp_limit_occurred,1,,18,41,drone-pi,aarch64,Raspberry Pi 5 Model B Rev 1.0,true,4
1,smollm2-360m-instruct-Q4_K_M-warmup,0076,232,,,end_of_speech,582.617,,,,,,35.565,547.052,,,,563.06,88.9,arm_freq_capped_now|currently_throttled|arm_freq_capped_occurred|throttling_occurred|soft_temp_limit_occurred,1,,13,34,drone-pi,aarch64,Raspberry Pi 5 Model B Rev 1.0,true,4
1,smollm2-360m-instruct-Q4_K_M-warmup,0180,233,,,end_of_speech,1052.484,,,,,,35.765,1016.719,,,,563.06,89.5,arm_freq_capped_now|currently_throttled|arm_freq_capped_occurred|throttling_occurred|soft_temp_limit_occurred,1,,25,42,drone-pi,aarch64,Raspberry Pi 5 Model B Rev 1.0,true,4
1,smollm2-360m-instruct-Q4_K_M-warmup,0064,234,,,end_of_speech,813.136,,,,,,251.932,561.204,,,,563.06,90.6,arm_freq_capped_now|currently_throttled|arm_freq_capped_occurred|throttling_occurred|soft_temp_limit_occurred,1,,14,34,drone-pi,aarch64,Raspberry Pi 5 Model B Rev 1.0,true,4
1,smollm2-360m-instruct-Q4_K_M-warmup,0022,235,,,end_of_speech,760.161,,,,,,51.552,708.609,,,,563.06,89.5,arm_freq_capped_now|currently_throttled|arm_freq_capped_occurred|throttling_occurred|soft_temp_limit_occurred,1,,18,34,drone-pi,aarch64,Raspberry Pi 5 Model B Rev 1.0,true,4
1,smollm2-360m-instruct-Q4_K_M-warmup,0149,236,,,end_of_speech,1020.115,,,,,,35.612,984.503,,,,563.06,89.5,arm_freq_capped_now|currently_throttled|arm_freq_capped_occurred|throttling_occurred|soft_temp_limit_occurred,1,,24,38,drone-pi,aarch64,Raspberry Pi 5 Model B Rev 1.0,true,4
1,smollm2-360m-instruct-Q4_K_M-warmup,0169,237,,,end_of_speech,1113.722,,,,,,40.267,1073.455,,,,563.06,89.5,arm_freq_capped_now|currently_throttled|arm_freq_capped_occurred|throttling_occurred|soft_temp_limit_occurred,1,,25,44,drone-pi,aarch64,Raspberry Pi 5 Model B Rev 1.0,true,4
1,smollm2-360m-instruct-Q4_K_M-warmup,0152,238,,,end_of_speech,625.82,,,,,,51.581,574.239,,,,563.06,88.9,arm_freq_capped_now|currently_throttled|arm_freq_capped_occurred|throttling_occurred|soft_temp_limit_occurred,1,,13,39,drone-pi,aarch64,Raspberry Pi 5 Model B Rev 1.0,true,4
1,smollm2-360m-instruct-Q4_K_M-warmup,0010,239,,,end_of_speech,1368.562,,,,,,35.877,1332.685,,,,563.06,88.9,arm_freq_capped_now|currently_throttled|arm_freq_capped_occurred|throttling_occurred|soft_temp_limit_occurred,1,,31,55,drone-pi,aarch64,Raspberry Pi 5 Model B Rev 1.0,true,4
1,smollm2-360m-instruct-Q4_K_M-warmup,0151,240,,,end_of_speech,746.894,,,,,,35.565,711.329,,,,563.06,88.4,arm_freq_capped_now|currently_throttled|arm_freq_capped_occurred|throttling_occurred|soft_temp_limit_occurred,1,,17,38,drone-pi,aarch64,Raspberry Pi 5 Model B Rev 1.0,true,4
1,smollm2-360m-instruct-Q4_K_M-warmup,0162,241,,,end_of_speech,975.445,,,,,,35.85,939.595,,,,563.06,90.6,arm_freq_capped_now|currently_throttled|arm_freq_capped_occurred|throttling_occurred|soft_temp_limit_occurred,1,,23,52,drone-pi,aarch64,Raspberry Pi 5 Model B Rev 1.0,true,4
1,smollm2-360m-instruct-Q4_K_M-warmup,0182,242,,,end_of_speech,705.105,,,,,,394.118,310.987,,,,563.06,89.5,arm_freq_capped_now|currently_throttled|arm_freq_capped_occurred|throttling_occurred|soft_temp_limit_occurred,1,,7,36,drone-pi,aarch64,Raspberry Pi 5 Model B Rev 1.0,true,4
1,smollm2-360m-instruct-Q4_K_M-warmup,0072,243,,,end_of_speech,791.205,,,,,,262.098,529.107,,,,563.06,89.5,arm_freq_capped_now|currently_throttled|arm_freq_capped_occurred|throttling_occurred|soft_temp_limit_occurred,1,,13,33,drone-pi,aarch64,Raspberry Pi 5 Model B Rev 1.0,true,4
1,smollm2-360m-instruct-Q4_K_M-warmup,0033,244,,,end_of_speech,520.631,,,,,,35.423,485.208,,,,563.06,90.0,arm_freq_capped_now|currently_throttled|arm_freq_capped_occurred|throttling_occurred|soft_temp_limit_occurred,1,,12,38,drone-pi,aarch64,Raspberry Pi 5 Model B Rev 1.0,true,4
1,smollm2-360m-instruct-Q4_K_M-warmup,0116,245,,,end_of_speech,684.037,,,,,,51.815,632.222,,,,563.06,90.6,arm_freq_capped_now|currently_throttled|arm_freq_capped_occurred|throttling_occurred|soft_temp_limit_occurred,1,,15,44,drone-pi,aarch64,Raspberry Pi 5 Model B Rev 1.0,true,4
1,smollm2-360m-instruct-Q4_K_M-warmup,0105,246,,,end_of_speech,1087.084,,,,,,51.686,1035.398,,,,563.06,89.5,arm_freq_capped_now|currently_throttled|arm_freq_capped_occurred|throttling_occurred|soft_temp_limit_occurred,1,,24,40,drone-pi,aarch64,Raspberry Pi 5 Model B Rev 1.0,true,4
1,smollm2-360m-instruct-Q4_K_M-warmup,0089,247,,,end_of_speech,1621.805,,,,,,37.127,1584.678,,,,563.06,89.5,arm_freq_capped_now|currently_throttled|arm_freq_capped_occurred|throttling_occurred|soft_temp_limit_occurred,1,,36,58,drone-pi,aarch64,Raspberry Pi 5 Model B Rev 1.0,true,4
1,smollm2-360m-instruct-Q4_K_M-warmup,0062,248,,,end_of_speech,690.407,,,,,,35.611,654.796,,,,563.06,90.6,arm_freq_capped_now|currently_throttled|arm_freq_capped_occurred|throttling_occurred|soft_temp_limit_occurred,1,,15,37,drone-pi,aarch64,Raspberry Pi 5 Model B Rev 1.0,true,4
1,smollm2-360m-instruct-Q4_K_M-warmup,0113,249,,,end_of_speech,1557.148,,,,,,51.854,1505.294,,,,563.06,88.9,arm_freq_capped_now|currently_throttled|arm_freq_capped_occurred|throttling_occurred|soft_temp_limit_occurred,1,,34,47,drone-pi,aarch64,Raspberry Pi 5 Model B Rev 1.0,true,4
1,smollm2-360m-instruct-Q4_K_M-warmup,0193,250,,,end_of_speech,1026.333,,,,,,35.739,990.594,,,,563.06,90.6,arm_freq_capped_now|currently_throttled|arm_freq_capped_occurred|throttling_occurred|soft_temp_limit_occurred,1,,24,48,drone-pi,aarch64,Raspberry Pi 5 Model B Rev 1.0,true,4
1,smollm2-360m-instruct-Q4_K_M-warmup,0006,251,,,end_of_speech,538.2,,,,,,324.549,213.651,,,,563.06,90.6,arm_freq_capped_now|currently_throttled|arm_freq_capped_occurred|throttling_occurred|soft_temp_limit_occurred,1,,7,33,drone-pi,aarch64,Raspberry Pi 5 Model B Rev 1.0,true,4
1,smollm2-360m-instruct-Q4_K_M-warmup,0196,252,,,end_of_speech,1105.121,,,,,,466.447,638.674,,,,563.06,90.6,arm_freq_capped_now|currently_throttled|arm_freq_capped_occurred|throttling_occurred|soft_temp_limit_occurred,1,,16,40,drone-pi,aarch64,Raspberry Pi 5 Model B Rev 1.0,true,4
1,smollm2-360m-instruct-Q4_K_M-warmup,0186,253,,,end_of_speech,1108.479,,,,,,35.449,1073.03,,,,563.06,88.4,arm_freq_capped_now|currently_throttled|arm_freq_capped_occurred|throttling_occurred|soft_temp_limit_occurred,1,,24,41,drone-pi,aarch64,Raspberry Pi 5 Model B Rev 1.0,true,4
1,smollm2-360m-instruct-Q4_K_M-warmup,0075,254,,,end_of_speech,1201.682,,,,,,35.93,1165.752,,,,563.06,90.0,arm_freq_capped_now|currently_throttled|arm_freq_capped_occurred|throttling_occurred|soft_temp_limit_occurred,1,,29,54,drone-pi,aarch64,Raspberry Pi 5 Model B Rev 1.0,true,4
1,smollm2-360m-instruct-Q4_K_M-warmup,0131,255,,,end_of_speech,1110.271,,,,,,51.857,1058.414,,,,563.06,88.4,arm_freq_capped_now|currently_throttled|arm_freq_capped_occurred|throttling_occurred|soft_temp_limit_occurred,1,,24,48,drone-pi,aarch64,Raspberry Pi 5 Model B Rev 1.0,true,4
1,smollm2-360m-instruct-Q4_K_M-warmup,0121,256,,,end_of_speech,872.797,,,,,,251.706,621.091,,,,563.06,88.9,arm_freq_capped_now|currently_throttled|arm_freq_capped_occurred|throttling_occurred|soft_temp_limit_occurred,1,,14,32,drone-pi,aarch64,Raspberry Pi 5 Model B Rev 1.0,true,4
1,smollm2-360m-instruct-Q4_K_M-warmup,0101,257,,,end_of_speech,883.702,,,,,,35.737,847.965,,,,564.81,90.6,arm_freq_capped_now|currently_throttled|arm_freq_capped_occurred|throttling_occurred|soft_temp_limit_occurred,1,,20,41,drone-pi,aarch64,Raspberry Pi 5 Model B Rev 1.0,true,4
1,smollm2-360m-instruct-Q4_K_M-warmup,0032,258,,,end_of_speech,554.587,,,,,,274.765,279.822,,,,564.81,90.6,arm_freq_capped_now|currently_throttled|arm_freq_capped_occurred|throttling_occurred|soft_temp_limit_occurred,1,,7,32,drone-pi,aarch64,Raspberry Pi 5 Model B Rev 1.0,true,4
1,smollm2-360m-instruct-Q4_K_M-warmup,0018,259,,,end_of_speech,584.745,,,,,,337.669,247.076,,,,564.81,88.9,arm_freq_capped_now|currently_throttled|arm_freq_capped_occurred|throttling_occurred|soft_temp_limit_occurred,1,,7,35,drone-pi,aarch64,Raspberry Pi 5 Model B Rev 1.0,true,4
1,smollm2-360m-instruct-Q4_K_M-warmup,0049,260,,,end_of_speech,1677.14,,,,,,509.709,1167.431,,,,564.81,90.6,arm_freq_capped_now|currently_throttled|arm_freq_capped_occurred|throttling_occurred|soft_temp_limit_occurred,1,,27,44,drone-pi,aarch64,Raspberry Pi 5 Model B Rev 1.0,true,4
1,smollm2-360m-instruct-Q4_K_M-warmup,0065,261,,,end_of_speech,1348.921,,,,,,51.886,1297.035,,,,564.81,90.6,arm_freq_capped_now|currently_throttled|arm_freq_capped_occurred|throttling_occurred|soft_temp_limit_occurred,1,,30,52,drone-pi,aarch64,Raspberry Pi 5 Model B Rev 1.0,true,4
1,smollm2-360m-instruct-Q4_K_M-warmup,0110,262,,,end_of_speech,1245.51,,,,,,51.916,1193.594,,,,564.81,88.9,arm_freq_capped_now|currently_throttled|arm_freq_capped_occurred|throttling_occurred|soft_temp_limit_occurred,1,,27,45,drone-pi,aarch64,Raspberry Pi 5 Model B Rev 1.0,true,4
1,smollm2-360m-instruct-Q4_K_M-warmup,0048,263,,,end_of_speech,529.49,,,,,,174.644,354.846,,,,564.81,90.0,arm_freq_capped_now|currently_throttled|arm_freq_capped_occurred|throttling_occurred|soft_temp_limit_occurred,1,,8,32,drone-pi,aarch64,Raspberry Pi 5 Model B Rev 1.0,true,4
1,smollm2-360m-instruct-Q4_K_M-warmup,0097,264,,,end_of_speech,709.452,,,,,,450.674,258.778,,,,564.81,88.9,arm_freq_capped_now|currently_throttled|arm_freq_capped_occurred|throttling_occurred|soft_temp_limit_occurred,1,,7,38,drone-pi,aarch64,Raspberry Pi 5 Model B Rev 1.0,true,4
1,smollm2-360m-instruct-Q4_K_M-warmup,0127,265,,,end_of_speech,1184.865,,,,,,439.969,744.896,,,,564.81,90.0,arm_freq_capped_now|currently_throttled|arm_freq_capped_occurred|throttling_occurred|soft_temp_limit_occurred,1,,17,39,drone-pi,aarch64,Raspberry Pi 5 Model B Rev 1.0,true,4
1,smollm2-360m-instruct-Q4_K_M-warmup,0123,266,,,end_of_speech,1085.687,,,,,,51.47,1034.217,,,,564.81,88.4,arm_freq_capped_now|currently_throttled|arm_freq_capped_occurred|throttling_occurred|soft_temp_limit_occurred,1,,24,40,drone-pi,aarch64,Raspberry Pi 5 Model B Rev 1.0,true,4
1,smollm2-360m-instruct-Q4_K_M-warmup,0144,267,,,end_of_speech,973.597,,,,,,383.37,590.227,,,,564.81,89.5,arm_freq_capped_now|currently_throttled|arm_freq_capped_occurred|throttling_occurred|soft_temp_limit_occurred,1,,14,39,drone-pi,aarch64,Raspberry Pi 5 Model B Rev 1.0,true,4
1,smollm2-360m-instruct-Q4_K_M-warmup,0057,268,,,end_of_speech,552.328,,,,,,313.041,239.287,,,,564.81,88.9,arm_freq_capped_now|currently_throttled|arm_freq_capped_occurred|throttling_occurred|soft_temp_limit_occurred,1,,7,33,drone-pi,aarch64,Raspberry Pi 5 Model B Rev 1.0,true,4
1,smollm2-360m-instruct-Q4_K_M-warmup,0083,269,,,end_of_speech,1300.379,,,,,,505.079,795.3,,,,564.81,90.0,arm_freq_capped_now|currently_throttled|arm_freq_capped_occurred|throttling_occurred|soft_temp_limit_occurred,1,,18,43,drone-pi,aarch64,Raspberry Pi 5 Model B Rev 1.0,true,4
1,smollm2-360m-instruct-Q4_K_M-warmup,0168,270,,,end_of_speech,546.943,,,,,,51.557,495.386,,,,564.81,90.0,arm_freq_capped_now|currently_throttled|arm_freq_capped_occurred|throttling_occurred|soft_temp_limit_occurred,1,,12,35,drone-pi,aarch64,Raspberry Pi 5 Model B Rev 1.0,true,4
1,smollm2-360m-instruct-Q4_K_M-warmup,0134,271,,,end_of_speech,753.463,,,,,,51.99,701.473,,,,564.81,90.6,arm_freq_capped_now|currently_throttled|arm_freq_capped_occurred|throttling_occurred|soft_temp_limit_occurred,1,,18,51,drone-pi,aarch64,Raspberry Pi 5 Model B Rev 1.0,true,4
1,smollm2-360m-instruct-Q4_K_M-warmup,0128,272,,,end_of_speech,1053.644,,,,,,45.733,1007.911,,,,564.81,88.9,arm_freq_capped_now|currently_throttled|arm_freq_capped_occurred|throttling_occurred|soft_temp_limit_occurred,1,,23,45,drone-pi,aarch64,Raspberry Pi 5 Model B Rev 1.0,true,4
1,smollm2-360m-instruct-Q4_K_M-warmup,0092,273,,,end_of_speech,703.294,,,,,,35.552,667.742,,,,564.81,89.5,arm_freq_capped_now|currently_throttled|arm_freq_capped_occurred|throttling_occurred|soft_temp_limit_occurred,1,,18,37,drone-pi,aarch64,Raspberry Pi 5 Model B Rev 1.0,true,4
1,smollm2-360m-instruct-Q4_K_M-warmup,0120,274,,,end_of_speech,969.622,,,,,,35.883,933.739,,,,564.81,90.0,arm_freq_capped_now|currently_throttled|arm_freq_capped_occurred|throttling_occurred|soft_temp_limit_occurred,1,,23,53,drone-pi,aarch64,Raspberry Pi 5 Model B Rev 1.0,true,4
1,smollm2-360m-instruct-Q4_K_M-warmup,0059,275,,,end_of_speech,1027.219,,,,,,51.845,975.374,,,,564.81,88.9,arm_freq_capped_now|currently_throttled|arm_freq_capped_occurred|throttling_occurred|soft_temp_limit_occurred,1,,21,44,drone-pi,aarch64,Raspberry Pi 5 Model B Rev 1.0,true,4
1,smollm2-360m-instruct-Q4_K_M-warmup,0141,276,,,end_of_speech,1089.642,,,,,,35.87,1053.772,,,,564.81,90.6,arm_freq_capped_now|currently_throttled|arm_freq_capped_occurred|throttling_occurred|soft_temp_limit_occurred,1,,26,50,drone-pi,aarch64,Raspberry Pi 5 Model B Rev 1.0,true,4
1,smollm2-360m-instruct-Q4_K_M-warmup,0108,277,,,end_of_speech,586.945,,,,,,51.737,535.208,,,,564.81,88.9,arm_freq_capped_now|currently_throttled|arm_freq_capped_occurred|throttling_occurred|soft_temp_limit_occurred,1,,14,41,drone-pi,aarch64,Raspberry Pi 5 Model B Rev 1.0,true,4
1,smollm2-360m-instruct-Q4_K_M-warmup,0159,278,,,end_of_speech,831.27,,,,,,51.695,779.575,,,,564.81,90.6,arm_freq_capped_now|currently_throttled|arm_freq_capped_occurred|throttling_occurred|soft_temp_limit_occurred,1,,19,40,drone-pi,aarch64,Raspberry Pi 5 Model B Rev 1.0,true,4
1,smollm2-360m-instruct-Q4_K_M-warmup,0056,279,,,end_of_speech,762.279,,,,,,51.663,710.616,,,,564.81,89.5,arm_freq_capped_now|currently_throttled|arm_freq_capped_occurred|throttling_occurred|soft_temp_limit_occurred,1,,18,42,drone-pi,aarch64,Raspberry Pi 5 Model B Rev 1.0,true,4
1,smollm2-360m-instruct-Q4_K_M-warmup,0009,280,,,end_of_speech,665.232,,,,,,431.966,233.266,,,,564.81,90.0,arm_freq_capped_now|currently_throttled|arm_freq_capped_occurred|throttling_occurred|soft_temp_limit_occurred,1,,7,37,drone-pi,aarch64,Raspberry Pi 5 Model B Rev 1.0,true,4
1,smollm2-360m-instruct-Q4_K_M-warmup,0038,281,,,end_of_speech,2102.477,,,,,,830.594,1271.883,,,,564.81,90.0,arm_freq_capped_now|currently_throttled|arm_freq_capped_occurred|throttling_occurred|soft_temp_limit_occurred,1,,32,56,drone-pi,aarch64,Raspberry Pi 5 Model B Rev 1.0,true,4
1,smollm2-360m-instruct-Q4_K_M-warmup,0167,282,,,end_of_speech,793.254,,,,,,51.502,741.752,,,,564.81,90.6,arm_freq_capped_now|currently_throttled|arm_freq_capped_occurred|throttling_occurred|soft_temp_limit_occurred,1,,18,37,drone-pi,aarch64,Raspberry Pi 5 Model B Rev 1.0,true,4
1,smollm2-360m-instruct-Q4_K_M-warmup,0114,283,,,end_of_speech,1037.02,,,,,,51.961,985.059,,,,564.81,90.6,arm_freq_capped_now|currently_throttled|arm_freq_capped_occurred|throttling_occurred|soft_temp_limit_occurred,1,,23,46,drone-pi,aarch64,Raspberry Pi 5 Model B Rev 1.0,true,4
1,smollm2-360m-instruct-Q4_K_M-warmup,0145,284,,,end_of_speech,585.105,,,,,,304.479,280.626,,,,564.81,90.0,arm_freq_capped_now|currently_throttled|arm_freq_capped_occurred|throttling_occurred|soft_temp_limit_occurred,1,,8,34,drone-pi,aarch64,Raspberry Pi 5 Model B Rev 1.0,true,4
1,smollm2-360m-instruct-Q4_K_M-warmup,0137,285,,,end_of_speech,655.757,,,,,,344.499,311.258,,,,564.81,88.4,arm_freq_capped_now|currently_throttled|arm_freq_capped_occurred|throttling_occurred|soft_temp_limit_occurred,1,,7,37,drone-pi,aarch64,Raspberry Pi 5 Model B Rev 1.0,true,4
1,smollm2-360m-instruct-Q4_K_M-warmup,0020,286,,,end_of_speech,849.228,,,,,,349.902,499.326,,,,564.81,88.9,arm_freq_capped_now|currently_throttled|arm_freq_capped_occurred|throttling_occurred|soft_temp_limit_occurred,1,,12,36,drone-pi,aarch64,Raspberry Pi 5 Model B Rev 1.0,true,4
1,smollm2-360m-instruct-Q4_K_M-warmup,0080,287,,,end_of_speech,590.598,,,,,,280.847,309.751,,,,564.81,90.0,arm_freq_capped_now|currently_throttled|arm_freq_capped_occurred|throttling_occurred|soft_temp_limit_occurred,1,,7,33,drone-pi,aarch64,Raspberry Pi 5 Model B Rev 1.0,true,4
1,smollm2-360m-instruct-Q4_K_M-warmup,0069,288,,,end_of_speech,969.014,,,,,,325.791,643.223,,,,564.81,90.0,arm_freq_capped_now|currently_throttled|arm_freq_capped_occurred|throttling_occurred|soft_temp_limit_occurred,1,,14,36,drone-pi,aarch64,Raspberry Pi 5 Model B Rev 1.0,true,4
1,smollm2-360m-instruct-Q4_K_M-warmup,0047,289,,,end_of_speech,534.563,,,,,,51.543,483.02,,,,564.81,90.0,arm_freq_capped_now|currently_throttled|arm_freq_capped_occurred|throttling_occurred|soft_temp_limit_occurred,1,,13,40,drone-pi,aarch64,Raspberry Pi 5 Model B Rev 1.0,true,4
1,smollm2-360m-instruct-Q4_K_M-warmup,0050,290,,,end_of_speech,692.825,,,,,,51.663,641.162,,,,564.81,90.0,arm_freq_capped_now|currently_throttled|arm_freq_capped_occurred|throttling_occurred|soft_temp_limit_occurred,1,,14,39,drone-pi,aarch64,Raspberry Pi 5 Model B Rev 1.0,true,4
1,smollm2-360m-instruct-Q4_K_M-warmup,0172,291,,,end_of_speech,806.264,,,,,,63.105,743.159,,,,564.81,88.4,arm_freq_capped_now|currently_throttled|arm_freq_capped_occurred|throttling_occurred|soft_temp_limit_occurred,1,,18,41,drone-pi,aarch64,Raspberry Pi 5 Model B Rev 1.0,true,4
1,smollm2-360m-instruct-Q4_K_M-warmup,0076,292,,,end_of_speech,513.283,,,,,,35.619,477.664,,,,564.81,90.6,arm_freq_capped_now|currently_throttled|arm_freq_capped_occurred|throttling_occurred|soft_temp_limit_occurred,1,,13,34,drone-pi,aarch64,Raspberry Pi 5 Model B Rev 1.0,true,4
1,smollm2-360m-instruct-Q4_K_M-warmup,0180,293,,,end_of_speech,1076.821,,,,,,51.867,1024.954,,,,564.81,90.6,arm_freq_capped_now|currently_throttled|arm_freq_capped_occurred|throttling_occurred|soft_temp_limit_occurred,1,,25,42,drone-pi,aarch64,Raspberry Pi 5 Model B Rev 1.0,true,4
1,smollm2-360m-instruct-Q4_K_M-warmup,0064,294,,,end_of_speech,835.436,,,,,,275.336,560.1,,,,564.81,90.0,arm_freq_capped_now|currently_throttled|arm_freq_capped_occurred|throttling_occurred|soft_temp_limit_occurred,1,,14,34,drone-pi,aarch64,Raspberry Pi 5 Model B Rev 1.0,true,4
1,smollm2-360m-instruct-Q4_K_M-warmup,0022,295,,,end_of_speech,761.752,,,,,,51.541,710.211,,,,564.81,90.6,arm_freq_capped_now|currently_throttled|arm_freq_capped_occurred|throttling_occurred|soft_temp_limit_occurred,1,,18,34,drone-pi,aarch64,Raspberry Pi 5 Model B Rev 1.0,true,4
1,smollm2-360m-instruct-Q4_K_M-warmup,0149,296,,,end_of_speech,1149.882,,,,,,51.623,1098.259,,,,564.81,90.0,arm_freq_capped_now|currently_throttled|arm_freq_capped_occurred|throttling_occurred|soft_temp_limit_occurred,1,,24,38,drone-pi,aarch64,Raspberry Pi 5 Model B Rev 1.0,true,4
1,smollm2-360m-instruct-Q4_K_M-warmup,0169,297,,,end_of_speech,1077.441,,,,,,51.939,1025.502,,,,564.81,90.0,arm_freq_capped_now|currently_throttled|arm_freq_capped_occurred|throttling_occurred|soft_temp_limit_occurred,1,,25,44,drone-pi,aarch64,Raspberry Pi 5 Model B Rev 1.0,true,4
1,smollm2-360m-instruct-Q4_K_M-warmup,0152,298,,,end_of_speech,534.278,,,,,,51.766,482.512,,,,564.81,88.4,arm_freq_capped_now|currently_throttled|arm_freq_capped_occurred|throttling_occurred|soft_temp_limit_occurred,1,,13,39,drone-pi,aarch64,Raspberry Pi 5 Model B Rev 1.0,true,4
1,smollm2-360m-instruct-Q4_K_M-warmup,0010,299,,,end_of_speech,1352.834,,,,,,52.049,1300.785,,,,564.81,90.6,arm_freq_capped_now|currently_throttled|arm_freq_capped_occurred|throttling_occurred|soft_temp_limit_occurred,1,,31,55,drone-pi,aarch64,Raspberry Pi 5 Model B Rev 1.0,true,4
1,smollm2-360m-instruct-Q4_K_M-warmup,0151,300,,,end_of_speech,727.072,,,,,,51.654,675.418,,,,564.81,88.9,arm_freq_capped_now|currently_throttled|arm_freq_capped_occurred|throttling_occurred|soft_temp_limit_occurred,1,,17,38,drone-pi,aarch64,Raspberry Pi 5 Model B Rev 1.0,true,4
1,smollm2-360m-instruct-Q4_K_M-warmup,0162,301,,,end_of_speech,975.486,,,,,,35.994,939.492,,,,564.81,88.9,arm_freq_capped_now|currently_throttled|arm_freq_capped_occurred|throttling_occurred|soft_temp_limit_occurred,1,,23,52,drone-pi,aarch64,Raspberry Pi 5 Model B Rev 1.0,true,4
1,smollm2-360m-instruct-Q4_K_M-warmup,0182,302,,,end_of_speech,568.852,,,,,,331.057,237.795,,,,564.81,89.5,arm_freq_capped_now|currently_throttled|arm_freq_capped_occurred|throttling_occurred|soft_temp_limit_occurred,1,,7,36,drone-pi,aarch64,Raspberry Pi 5 Model B Rev 1.0,true,4
1,smollm2-360m-instruct-Q4_K_M-warmup,0072,303,,,end_of_speech,765.977,,,,,,307.511,458.466,,,,564.81,90.0,arm_freq_capped_now|currently_throttled|arm_freq_capped_occurred|throttling_occurred|soft_temp_limit_occurred,1,,13,33,drone-pi,aarch64,Raspberry Pi 5 Model B Rev 1.0,true,4
1,smollm2-360m-instruct-Q4_K_M-warmup,0033,304,,,end_of_speech,573.036,,,,,,51.456,521.58,,,,564.81,88.9,arm_freq_capped_now|currently_throttled|arm_freq_capped_occurred|throttling_occurred|soft_temp_limit_occurred,1,,12,38,drone-pi,aarch64,Raspberry Pi 5 Model B Rev 1.0,true,4
1,smollm2-360m-instruct-Q4_K_M-warmup,0116,305,,,end_of_speech,566.769,,,,,,35.754,531.015,,,,564.81,89.5,arm_freq_capped_now|currently_throttled|arm_freq_capped_occurred|throttling_occurred|soft_temp_limit_occurred,1,,15,44,drone-pi,aarch64,Raspberry Pi 5 Model B Rev 1.0,true,4
1,smollm2-360m-instruct-Q4_K_M-warmup,0105,306,,,end_of_speech,1113.892,,,,,,35.58,1078.312,,,,564.81,90.0,arm_freq_capped_now|currently_throttled|arm_freq_capped_occurred|throttling_occurred|soft_temp_limit_occurred,1,,24,40,drone-pi,aarch64,Raspberry Pi 5 Model B Rev 1.0,true,4
1,smollm2-360m-instruct-Q4_K_M-warmup,0089,307,,,end_of_speech,1609.163,,,,,,52.156,1557.007,,,,564.81,90.6,arm_freq_capped_now|currently_throttled|arm_freq_capped_occurred|throttling_occurred|soft_temp_limit_occurred,1,,36,58,drone-pi,aarch64,Raspberry Pi 5 Model B Rev 1.0,true,4
1,smollm2-360m-instruct-Q4_K_M-warmup,0062,308,,,end_of_speech,653.548,,,,,,51.619,601.929,,,,564.83,89.5,arm_freq_capped_now|currently_throttled|arm_freq_capped_occurred|throttling_occurred|soft_temp_limit_occurred,1,,15,37,drone-pi,aarch64,Raspberry Pi 5 Model B Rev 1.0,true,4
1,smollm2-360m-instruct-Q4_K_M-warmup,0113,309,,,end_of_speech,1473.927,,,,,,35.775,1438.152,,,,564.83,90.0,arm_freq_capped_now|currently_throttled|arm_freq_capped_occurred|throttling_occurred|soft_temp_limit_occurred,1,,34,47,drone-pi,aarch64,Raspberry Pi 5 Model B Rev 1.0,true,4
1,smollm2-360m-instruct-Q4_K_M-warmup,0193,310,,,end_of_speech,1019.539,,,,,,51.917,967.622,,,,564.83,90.6,arm_freq_capped_now|currently_throttled|arm_freq_capped_occurred|throttling_occurred|soft_temp_limit_occurred,1,,24,48,drone-pi,aarch64,Raspberry Pi 5 Model B Rev 1.0,true,4
1,smollm2-360m-instruct-Q4_K_M-warmup,0006,311,,,end_of_speech,577.635,,,,,,307.038,270.597,,,,564.83,89.5,arm_freq_capped_now|currently_throttled|arm_freq_capped_occurred|throttling_occurred|soft_temp_limit_occurred,1,,7,33,drone-pi,aarch64,Raspberry Pi 5 Model B Rev 1.0,true,4
1,smollm2-360m-instruct-Q4_K_M-warmup,0196,312,,,end_of_speech,1131.398,,,,,,491.179,640.219,,,,564.83,90.0,arm_freq_capped_now|currently_throttled|arm_freq_capped_occurred|throttling_occurred|soft_temp_limit_occurred,1,,16,40,drone-pi,aarch64,Raspberry Pi 5 Model B Rev 1.0,true,4
1,smollm2-360m-instruct-Q4_K_M-warmup,0186,313,,,end_of_speech,1040.128,,,,,,51.604,988.524,,,,564.83,90.0,arm_freq_capped_now|currently_throttled|arm_freq_capped_occurred|throttling_occurred|soft_temp_limit_occurred,1,,24,41,drone-pi,aarch64,Raspberry Pi 5 Model B Rev 1.0,true,4
1,smollm2-360m-instruct-Q4_K_M-warmup,0075,314,,,end_of_speech,1285.484,,,,,,52.091,1233.393,,,,564.83,88.9,arm_freq_capped_now|currently_throttled|arm_freq_capped_occurred|throttling_occurred|soft_temp_limit_occurred,1,,29,54,drone-pi,aarch64,Raspberry Pi 5 Model B Rev 1.0,true,4
1,smollm2-360m-instruct-Q4_K_M-warmup,0131,315,,,end_of_speech,1091.503,,,,,,35.746,1055.757,,,,564.83,89.5,arm_freq_capped_now|currently_throttled|arm_freq_capped_occurred|throttling_occurred|soft_temp_limit_occurred,1,,24,48,drone-pi,aarch64,Raspberry Pi 5 Model B Rev 1.0,true,4
1,smollm2-360m-instruct-Q4_K_M-warmup,0121,316,,,end_of_speech,840.938,,,,,,251.499,589.439,,,,564.83,90.6,arm_freq_capped_now|currently_throttled|arm_freq_capped_occurred|throttling_occurred|soft_temp_limit_occurred,1,,14,32,drone-pi,aarch64,Raspberry Pi 5 Model B Rev 1.0,true,4
1,smollm2-360m-instruct-Q4_K_M-warmup,0101,317,,,end_of_speech,864.858,,,,,,51.721,813.137,,,,564.84,90.6,arm_freq_capped_now|currently_throttled|arm_freq_capped_occurred|throttling_occurred|soft_temp_limit_occurred,1,,20,41,drone-pi,aarch64,Raspberry Pi 5 Model B Rev 1.0,true,4
1,smollm2-360m-instruct-Q4_K_M-warmup,0032,318,,,end_of_speech,539.498,,,,,,275.075,264.423,,,,564.84,90.0,arm_freq_capped_now|currently_throttled|arm_freq_capped_occurred|throttling_occurred|soft_temp_limit_occurred,1,,7,32,drone-pi,aarch64,Raspberry Pi 5 Model B Rev 1.0,true,4
1,smollm2-360m-instruct-Q4_K_M-warmup,0018,319,,,end_of_speech,672.927,,,,,,362.784,310.143,,,,564.84,88.4,arm_freq_capped_now|currently_throttled|arm_freq_capped_occurred|throttling_occurred|soft_temp_limit_occurred,1,,7,35,drone-pi,aarch64,Raspberry Pi 5 Model B Rev 1.0,true,4
1,smollm2-360m-instruct-Q4_K_M-warmup,0049,320,,,end_of_speech,1685.082,,,,,,560.039,1125.043,,,,564.84,89.5,arm_freq_capped_now|currently_throttled|arm_freq_capped_occurred|throttling_occurred|soft_temp_limit_occurred,1,,27,44,drone-pi,aarch64,Raspberry Pi 5 Model B Rev 1.0,true,4
1,smollm2-360m-instruct-Q4_K_M-warmup,0065,321,,,end_of_speech,1293.684,,,,,,35.687,1257.997,,,,564.84,89.5,arm_freq_capped_now|currently_throttled|arm_freq_capped_occurred|throttling_occurred|soft_temp_limit_occurred,1,,30,52,drone-pi,aarch64,Raspberry Pi 5 Model B Rev 1.0,true,4
1,smollm2-360m-instruct-Q4_K_M-warmup,0110,322,,,end_of_speech,1180.184,,,,,,35.719,1144.465,,,,564.84,90.0,arm_freq_capped_now|currently_throttled|arm_freq_capped_occurred|throttling_occurred|soft_temp_limit_occurred,1,,27,45,drone-pi,aarch64,Raspberry Pi 5 Model B Rev 1.0,true,4
1,smollm2-360m-instruct-Q4_K_M-warmup,0048,323,,,end_of_speech,488.814,,,,,,208.075,280.739,,,,564.84,90.0,arm_freq_capped_now|currently_throttled|arm_freq_capped_occurred|throttling_occurred|soft_temp_limit_occurred,1,,8,32,drone-pi,aarch64,Raspberry Pi 5 Model B Rev 1.0,true,4
1,smollm2-360m-instruct-Q4_K_M-warmup,0097,324,,,end_of_speech,740.786,,,,,,450.542,290.244,,,,564.84,88.9,arm_freq_capped_now|currently_throttled|arm_freq_capped_occurred|throttling_occurred|soft_temp_limit_occurred,1,,7,38,drone-pi,aarch64,Raspberry Pi 5 Model B Rev 1.0,true,4
1,smollm2-360m-instruct-Q4_K_M-warmup,0127,325,,,end_of_speech,1085.284,,,,,,391.455,693.829,,,,564.84,90.0,arm_freq_capped_now|currently_throttled|arm_freq_capped_occurred|throttling_occurred|soft_temp_limit_occurred,1,,17,39,drone-pi,aarch64,Raspberry Pi 5 Model B Rev 1.0,true,4
1,smollm2-360m-instruct-Q4_K_M-warmup,0123,326,,,end_of_speech,1059.939,,,,,,51.571,1008.368,,,,564.84,90.0,arm_freq_capped_now|currently_throttled|arm_freq_capped_occurred|throttling_occurred|soft_temp_limit_occurred,1,,24,40,drone-pi,aarch64,Raspberry Pi 5 Model B Rev 1.0,true,4
1,smollm2-360m-instruct-Q4_K_M-warmup,0144,327,,,end_of_speech,959.474,,,,,,413.406,546.068,,,,564.84,88.9,arm_freq_capped_now|currently_throttled|arm_freq_capped_occurred|throttling_occurred|soft_temp_limit_occurred,1,,14,39,drone-pi,aarch64,Raspberry Pi 5 Model B Rev 1.0,true,4
1,smollm2-360m-instruct-Q4_K_M-warmup,0057,328,,,end_of_speech,582.188,,,,,,313.076,269.112,,,,564.84,88.9,arm_freq_capped_now|currently_throttled|arm_freq_capped_occurred|throttling_occurred|soft_temp_limit_occurred,1,,7,33,drone-pi,aarch64,Raspberry Pi 5 Model B Rev 1.0,true,4
1,smollm2-360m-instruct-Q4_K_M-warmup,0083,329,,,end_of_speech,1332.944,,,,,,559.679,773.265,,,,564.84,90.6,arm_freq_capped_now|currently_throttled|arm_freq_capped_occurred|throttling_occurred|soft_temp_limit_occurred,1,,18,43,drone-pi,aarch64,Raspberry Pi 5 Model B Rev 1.0,true,4
1,smollm2-360m-instruct-Q4_K_M-warmup,0168,330,,,end_of_speech,483.27,,,,,,51.657,431.613,,,,566.69,88.9,arm_freq_capped_now|currently_throttled|arm_freq_capped_occurred|throttling_occurred|soft_temp_limit_occurred,1,,12,35,drone-pi,aarch64,Raspberry Pi 5 Model B Rev 1.0,true,4
1,smollm2-360m-instruct-Q4_K_M-warmup,0134,331,,,end_of_speech,756.629,,,,,,35.83,720.799,,,,566.69,89.5,arm_freq_capped_now|currently_throttled|arm_freq_capped_occurred|throttling_occurred|soft_temp_limit_occurred,1,,18,51,drone-pi,aarch64,Raspberry Pi 5 Model B Rev 1.0,true,4
1,smollm2-360m-instruct-Q4_K_M-warmup,0128,332,,,end_of_speech,916.407,,,,,,35.754,880.653,,,,566.69,90.6,arm_freq_capped_now|currently_throttled|arm_freq_capped_occurred|throttling_occurred|soft_temp_limit_occurred,1,,23,45,drone-pi,aarch64,Raspberry Pi 5 Model B Rev 1.0,true,4
1,smollm2-360m-instruct-Q4_K_M-warmup,0092,333,,,end_of_speech,745.842,,,,,,51.652,694.19,,,,566.69,88.9,arm_freq_capped_now|currently_throttled|arm_freq_capped_occurred|throttling_occurred|soft_temp_limit_occurred,1,,18,37,drone-pi,aarch64,Raspberry Pi 5 Model B Rev 1.0,true,4
1,smollm2-360m-instruct-Q4_K_M-warmup,0120,334,,,end_of_speech,1065.287,,,,,,35.845,1029.442,,,,566.69,88.4,arm_freq_capped_now|currently_throttled|arm_freq_capped_occurred|throttling_occurred|soft_temp_limit_occurred,1,,23,53,drone-pi,aarch64,Raspberry Pi 5 Model B Rev 1.0,true,4
1,smollm2-360m-instruct-Q4_K_M-warmup,0059,335,,,end_of_speech,912.306,,,,,,35.672,876.634,,,,566.69,90.0,arm_freq_capped_now|currently_throttled|arm_freq_capped_occurred|throttling_occurred|soft_temp_limit_occurred,1,,21,44,drone-pi,aarch64,Raspberry Pi 5 Model B Rev 1.0,true,4
1,smollm2-360m-instruct-Q4_K_M-warmup,0141,336,,,end_of_speech,1148.82,,,,,,52.012,1096.808,,,,566.69,90.6,arm_freq_capped_now|currently_throttled|arm_freq_capped_occurred|throttling_occurred|soft_temp_limit_occurred,1,,26,50,drone-pi,aarch64,Raspberry Pi 5 Model B Rev 1.0,true,4
1,smollm2-360m-instruct-Q4_K_M-warmup,0108,337,,,end_of_speech,798.784,,,,,,62.622,736.162,,,,566.69,90.0,arm_freq_capped_now|currently_throttled|arm_freq_capped_occurred|throttling_occurred|soft_temp_limit_occurred,1,,14,41,drone-pi,aarch64,Raspberry Pi 5 Model B Rev 1.0,true,4
1,smollm2-360m-instruct-Q4_K_M-warmup,0159,338,,,end_of_speech,789.537,,,,,,35.689,753.848,,,,566.69,91.1,arm_freq_capped_now|currently_throttled|arm_freq_capped_occurred|throttling_occurred|soft_temp_limit_occurred,1,,19,40,drone-pi,aarch64,Raspberry Pi 5 Model B Rev 1.0,true,4
1,smollm2-360m-instruct-Q4_K_M-warmup,0056,339,,,end_of_speech,799.788,,,,,,55.749,744.039,,,,566.69,89.5,arm_freq_capped_now|currently_throttled|arm_freq_capped_occurred|throttling_occurred|soft_temp_limit_occurred,1,,18,42,drone-pi,aarch64,Raspberry Pi 5 Model B Rev 1.0,true,4
1,smollm2-360m-instruct-Q4_K_M-warmup,0009,340,,,end_of_speech,666.34,,,,,,431.924,234.416,,,,566.69,90.6,arm_freq_capped_now|currently_throttled|arm_freq_capped_occurred|throttling_occurred|soft_temp_limit_occurred,1,,7,37,drone-pi,aarch64,Raspberry Pi 5 Model B Rev 1.0,true,4
1,smollm2-360m-instruct-Q4_K_M-warmup,0038,341,,,end_of_speech,2206.25,,,,,,897.657,1308.593,,,,566.69,90.6,arm_freq_capped_now|currently_throttled|arm_freq_capped_occurred|throttling_occurred|soft_temp_limit_occurred,1,,32,56,drone-pi,aarch64,Raspberry Pi 5 Model B Rev 1.0,true,4
1,smollm2-360m-instruct-Q4_K_M-warmup,0167,342,,,end_of_speech,854.243,,,,,,51.517,802.726,,,,566.69,90.0,arm_freq_capped_now|currently_throttled|arm_freq_capped_occurred|throttling_occurred|soft_temp_limit_occurred,1,,18,37,drone-pi,aarch64,Raspberry Pi 5 Model B Rev 1.0,true,4
1,smollm2-360m-instruct-Q4_K_M-warmup,0114,343,,,end_of_speech,1011.438,,,,,,51.848,959.59,,,,566.69,88.4,arm_freq_capped_now|currently_throttled|arm_freq_capped_occurred|throttling_occurred|soft_temp_limit_occurred,1,,23,46,drone-pi,aarch64,Raspberry Pi 5 Model B Rev 1.0,true,4
1,smollm2-360m-instruct-Q4_K_M-warmup,0145,344,,,end_of_speech,553.408,,,,,,272.922,280.486,,,,566.69,89.5,arm_freq_capped_now|currently_throttled|arm_freq_capped_occurred|throttling_occurred|soft_temp_limit_occurred,1,,8,34,drone-pi,aarch64,Raspberry Pi 5 Model B Rev 1.0,true,4
1,smollm2-360m-instruct-Q4_K_M-warmup,0137,345,,,end_of_speech,568.923,,,,,,332.6,236.323,,,,566.69,90.6,arm_freq_capped_now|currently_throttled|arm_freq_capped_occurred|throttling_occurred|soft_temp_limit_occurred,1,,7,37,drone-pi,aarch64,Raspberry Pi 5 Model B Rev 1.0,true,4
1,smollm2-360m-instruct-Q4_K_M-warmup,0020,346,,,end_of_speech,871.029,,,,,,392.574,478.455,,,,566.69,88.4,arm_freq_capped_now|currently_throttled|arm_freq_capped_occurred|throttling_occurred|soft_temp_limit_occurred,1,,12,36,drone-pi,aarch64,Raspberry Pi 5 Model B Rev 1.0,true,4
1,smollm2-360m-instruct-Q4_K_M-warmup,0080,347,,,end_of_speech,530.329,,,,,,272.679,257.65,,,,566.69,88.4,arm_freq_capped_now|currently_throttled|arm_freq_capped_occurred|throttling_occurred|soft_temp_limit_occurred,1,,7,33,drone-pi,aarch64,Raspberry Pi 5 Model B Rev 1.0,true,4
1,smollm2-360m-instruct-Q4_K_M-warmup,0069,348,,,end_of_speech,931.134,,,,,,350.12,581.014,,,,566.69,88.9,arm_freq_capped_now|currently_throttled|arm_freq_capped_occurred|throttling_occurred|soft_temp_limit_occurred,1,,14,36,drone-pi,aarch64,Raspberry Pi 5 Model B Rev 1.0,true,4
1,smollm2-360m-instruct-Q4_K_M-warmup,0047,349,,,end_of_speech,494.163,,,,,,35.498,458.665,,,,566.69,88.9,arm_freq_capped_now|currently_throttled|arm_freq_capped_occurred|throttling_occurred|soft_temp_limit_occurred,1,,13,40,drone-pi,aarch64,Raspberry Pi 5 Model B Rev 1.0,true,4
1,smollm2-360m-instruct-Q4_K_M-warmup,0050,350,,,end_of_speech,575.923,,,,,,35.683,540.24,,,,566.69,90.0,arm_freq_capped_now|currently_throttled|arm_freq_capped_occurred|throttling_occurred|soft_temp_limit_occurred,1,,14,39,drone-pi,aarch64,Raspberry Pi 5 Model B Rev 1.0,true,4
1,smollm2-360m-instruct-Q4_K_M-warmup,0172,351,,,end_of_speech,747.292,,,,,,51.729,695.563,,,,566.69,89.5,arm_freq_capped_now|currently_throttled|arm_freq_capped_occurred|throttling_occurred|soft_temp_limit_occurred,1,,18,41,drone-pi,aarch64,Raspberry Pi 5 Model B Rev 1.0,true,4
1,smollm2-360m-instruct-Q4_K_M-warmup,0076,352,,,end_of_speech,623.896,,,,,,51.508,572.388,,,,566.69,88.4,arm_freq_capped_now|currently_throttled|arm_freq_capped_occurred|throttling_occurred|soft_temp_limit_occurred,1,,13,34,drone-pi,aarch64,Raspberry Pi 5 Model B Rev 1.0,true,4
1,smollm2-360m-instruct-Q4_K_M-warmup,0180,353,,,end_of_speech,1026.603,,,,,,35.644,990.959,,,,566.69,90.0,arm_freq_capped_now|currently_throttled|arm_freq_capped_occurred|throttling_occurred|soft_temp_limit_occurred,1,,25,42,drone-pi,aarch64,Raspberry Pi 5 Model B Rev 1.0,true,4
1,smollm2-360m-instruct-Q4_K_M-warmup,0064,354,,,end_of_speech,814.646,,,,,,251.842,562.804,,,,566.69,88.4,arm_freq_capped_now|currently_throttled|arm_freq_capped_occurred|throttling_occurred|soft_temp_limit_occurred,1,,14,34,drone-pi,aarch64,Raspberry Pi 5 Model B Rev 1.0,true,4
1,smollm2-360m-instruct-Q4_K_M-warmup,0022,355,,,end_of_speech,765.74,,,,,,35.505,730.235,,,,566.69,90.6,arm_freq_capped_now|currently_throttled|arm_freq_capped_occurred|throttling_occurred|soft_temp_limit_occurred,1,,18,34,drone-pi,aarch64,Raspberry Pi 5 Model B Rev 1.0,true,4
1,smollm2-360m-instruct-Q4_K_M-warmup,0149,356,,,end_of_speech,944.468,,,,,,51.678,892.79,,,,566.69,90.0,arm_freq_capped_now|currently_throttled|arm_freq_capped_occurred|throttling_occurred|soft_temp_limit_occurred,1,,24,38,drone-pi,aarch64,Raspberry Pi 5 Model B Rev 1.0,true,4
1,smollm2-360m-instruct-Q4_K_M-warmup,0169,357,,,end_of_speech,1069.347,,,,,,51.84,1017.507,,,,566.69,88.9,arm_freq_capped_now|currently_throttled|arm_freq_capped_occurred|throttling_occurred|soft_temp_limit_occurred,1,,25,44,drone-pi,aarch64,Raspberry Pi 5 Model B Rev 1.0,true,4
1,smollm2-360m-instruct-Q4_K_M-warmup,0152,358,,,end_of_speech,494.876,,,,,,35.633,459.243,,,,566.69,88.9,arm_freq_capped_now|currently_throttled|arm_freq_capped_occurred|throttling_occurred|soft_temp_limit_occurred,1,,13,39,drone-pi,aarch64,Raspberry Pi 5 Model B Rev 1.0,true,4
1,smollm2-360m-instruct-Q4_K_M-warmup,0010,359,,,end_of_speech,1303.64,,,,,,35.944,1267.696,,,,566.69,91.1,arm_freq_capped_now|currently_throttled|arm_freq_capped_occurred|throttling_occurred|soft_temp_limit_occurred,1,,31,55,drone-pi,aarch64,Raspberry Pi 5 Model B Rev 1.0,true,4
1,smollm2-360m-instruct-Q4_K_M-warmup,0151,360,,,end_of_speech,656.038,,,,,,35.552,620.486,,,,566.69,90.0,arm_freq_capped_now|currently_throttled|arm_freq_capped_occurred|throttling_occurred|soft_temp_limit_occurred,1,,17,38,drone-pi,aarch64,Raspberry Pi 5 Model B Rev 1.0,true,4
1,smollm2-360m-instruct-Q4_K_M-warmup,0162,361,,,end_of_speech,1027.23,,,,,,51.947,975.283,,,,566.69,90.6,arm_freq_capped_now|currently_throttled|arm_freq_capped_occurred|throttling_occurred|soft_temp_limit_occurred,1,,23,52,drone-pi,aarch64,Raspberry Pi 5 Model B Rev 1.0,true,4
1,smollm2-360m-instruct-Q4_K_M-warmup,0182,362,,,end_of_speech,699.366,,,,,,394.331,305.035,,,,566.69,90.0,arm_freq_capped_now|currently_throttled|arm_freq_capped_occurred|throttling_occurred|soft_temp_limit_occurred,1,,7,36,drone-pi,aarch64,Raspberry Pi 5 Model B Rev 1.0,true,4
1,smollm2-360m-instruct-Q4_K_M-warmup,0072,363,,,end_of_speech,853.622,,,,,,306.83,546.792,,,,566.69,90.0,arm_freq_capped_now|currently_throttled|arm_freq_capped_occurred|throttling_occurred|soft_temp_limit_occurred,1,,13,33,drone-pi,aarch64,Raspberry Pi 5 Model B Rev 1.0,true,4
1,smollm2-360m-instruct-Q4_K_M-warmup,0033,364,,,end_of_speech,573.276,,,,,,51.563,521.713,,,,566.7,88.9,arm_freq_capped_now|currently_throttled|arm_freq_capped_occurred|throttling_occurred|soft_temp_limit_occurred,1,,12,38,drone-pi,aarch64,Raspberry Pi 5 Model B Rev 1.0,true,4
1,smollm2-360m-instruct-Q4_K_M-warmup,0116,365,,,end_of_speech,601.952,,,,,,39.307,562.645,,,,566.7,88.9,arm_freq_capped_now|currently_throttled|arm_freq_capped_occurred|throttling_occurred|soft_temp_limit_occurred,1,,15,44,drone-pi,aarch64,Raspberry Pi 5 Model B Rev 1.0,true,4
1,smollm2-360m-instruct-Q4_K_M-warmup,0105,366,,,end_of_speech,1046.173,,,,,,35.635,1010.538,,,,566.7,89.5,arm_freq_capped_now|currently_throttled|arm_freq_capped_occurred|throttling_occurred|soft_temp_limit_occurred,1,,24,40,drone-pi,aarch64,Raspberry Pi 5 Model B Rev 1.0,true,4
1,smollm2-360m-instruct-Q4_K_M-warmup,0089,367,,,end_of_speech,1569.122,,,,,,35.949,1533.173,,,,566.7,88.9,arm_freq_capped_now|currently_throttled|arm_freq_capped_occurred|throttling_occurred|soft_temp_limit_occurred,1,,36,58,drone-pi,aarch64,Raspberry Pi 5 Model B Rev 1.0,true,4
1,smollm2-360m-instruct-Q4_K_M-warmup,0062,368,,,end_of_speech,725.548,,,,,,35.594,689.954,,,,566.7,90.6,arm_freq_capped_now|currently_throttled|arm_freq_capped_occurred|throttling_occurred|soft_temp_limit_occurred,1,,15,37,drone-pi,aarch64,Raspberry Pi 5 Model B Rev 1.0,true,4
1,smollm2-360m-instruct-Q4_K_M-warmup,0113,369,,,end_of_speech,1558.672,,,,,,51.947,1506.725,,,,566.7,90.6,arm_freq_capped_now|currently_throttled|arm_freq_capped_occurred|throttling_occurred|soft_temp_limit_occurred,1,,34,47,drone-pi,aarch64,Raspberry Pi 5 Model B Rev 1.0,true,4
1,smollm2-360m-instruct-Q4_K_M-warmup,0193,370,,,end_of_speech,1044.159,,,,,,51.943,992.216,,,,566.7,90.0,arm_freq_capped_now|currently_throttled|arm_freq_capped_occurred|throttling_occurred|soft_temp_limit_occurred,1,,24,48,drone-pi,aarch64,Raspberry Pi 5 Model B Rev 1.0,true,4
1,smollm2-360m-instruct-Q4_K_M-warmup,0006,371,,,end_of_speech,617.282,,,,,,306.862,310.42,,,,566.7,89.5,arm_freq_capped_now|currently_throttled|arm_freq_capped_occurred|throttling_occurred|soft_temp_limit_occurred,1,,7,33,drone-pi,aarch64,Raspberry Pi 5 Model B Rev 1.0,true,4
1,smollm2-360m-instruct-Q4_K_M-warmup,0196,372,,,end_of_speech,1043.356,,,,,,412.651,630.705,,,,566.7,89.5,arm_freq_capped_now|currently_throttled|arm_freq_capped_occurred|throttling_occurred|soft_temp_limit_occurred,1,,16,40,drone-pi,aarch64,Raspberry Pi 5 Model B Rev 1.0,true,4
1,smollm2-360m-instruct-Q4_K_M-warmup,0186,373,,,end_of_speech,1076.316,,,,,,35.483,1040.833,,,,566.7,90.0,arm_freq_capped_now|currently_throttled|arm_freq_capped_occurred|throttling_occurred|soft_temp_limit_occurred,1,,24,41,drone-pi,aarch64,Raspberry Pi 5 Model B Rev 1.0,true,4
1,smollm2-360m-instruct-Q4_K_M-warmup,0075,374,,,end_of_speech,1308.424,,,,,,51.979,1256.445,,,,566.7,90.6,arm_freq_capped_now|currently_throttled|arm_freq_capped_occurred|throttling_occurred|soft_temp_limit_occurred,1,,29,54,drone-pi,aarch64,Raspberry Pi 5 Model B Rev 1.0,true,4
1,smollm2-360m-instruct-Q4_K_M-warmup,0131,375,,,end_of_speech,1011.061,,,,,,51.891,959.17,,,,566.7,90.6,arm_freq_capped_now|currently_throttled|arm_freq_capped_occurred|throttling_occurred|soft_temp_limit_occurred,1,,24,48,drone-pi,aarch64,Raspberry Pi 5 Model B Rev 1.0,true,4
1,smollm2-360m-instruct-Q4_K_M-warmup,0121,376,,,end_of_speech,774.516,,,,,,249.149,525.367,,,,566.7,90.0,arm_freq_capped_now|currently_throttled|arm_freq_capped_occurred|throttling_occurred|soft_temp_limit_occurred,1,,14,32,drone-pi,aarch64,Raspberry Pi 5 Model B Rev 1.0,true,4
1,smollm2-360m-instruct-Q4_K_M-warmup,0101,377,,,end_of_speech,852.704,,,,,,51.73,800.974,,,,566.7,89.5,arm_freq_capped_now|currently_throttled|arm_freq_capped_occurred|throttling_occurred|soft_temp_limit_occurred,1,,20,41,drone-pi,aarch64,Raspberry Pi 5 Model B Rev 1.0,true,4
1,smollm2-360m-instruct-Q4_K_M-warmup,0032,378,,,end_of_speech,539.232,,,,,,229.089,310.143,,,,566.7,89.5,arm_freq_capped_now|currently_throttled|arm_freq_capped_occurred|throttling_occurred|soft_temp_limit_occurred,1,,7,32,drone-pi,aarch64,Raspberry Pi 5 Model B Rev 1.0,true,4
1,smollm2-360m-instruct-Q4_K_M-warmup,0018,379,,,end_of_speech,587.0,,,,,,317.956,269.044,,,,566.7,89.5,arm_freq_capped_now|currently_throttled|arm_freq_capped_occurred|throttling_occurred|soft_temp_limit_occurred,1,,7,35,drone-pi,aarch64,Raspberry Pi 5 Model B Rev 1.0,true,4
1,smollm2-360m-instruct-Q4_K_M-warmup,0049,380,,,end_of_speech,1710.831,,,,,,541.739,1169.092,,,,566.7,88.4,arm_freq_capped_now|currently_throttled|arm_freq_capped_occurred|throttling_occurred|soft_temp_limit_occurred,1,,27,44,drone-pi,aarch64,Raspberry Pi 5 Model B Rev 1.0,true,4
1,smollm2-360m-instruct-Q4_K_M-warmup,0065,381,,,end_of_speech,1297.761,,,,,,35.624,1262.137,,,,566.7,90.6,arm_freq_capped_now|currently_throttled|arm_freq_capped_occurred|throttling_occurred|soft_temp_limit_occurred,1,,30,52,drone-pi,aarch64,Raspberry Pi 5 Model B Rev 1.0,true,4
1,smollm2-360m-instruct-Q4_K_M-warmup,0110,382,,,end_of_speech,1203.821,,,,,,35.727,1168.094,,,,566.7,89.5,arm_freq_capped_now|currently_throttled|arm_freq_capped_occurred|throttling_occurred|soft_temp_limit_occurred,1,,27,45,drone-pi,aarch64,Raspberry Pi 5 Model B Rev 1.0,true,4
1,smollm2-360m-instruct-Q4_K_M-warmup,0048,383,,,end_of_speech,449.966,,,,,,177.072,272.894,,,,566.7,89.5,arm_freq_capped_now|currently_throttled|arm_freq_capped_occurred|throttling_occurred|soft_temp_limit_occurred,1,,8,32,drone-pi,aarch64,Raspberry Pi 5 Model B Rev 1.0,true,4
1,smollm2-360m-instruct-Q4_K_M-warmup,0097,384,,,end_of_speech,622.207,,,,,,358.563,263.644,,,,566.7,87.8,arm_freq_capped_now|currently_throttled|arm_freq_capped_occurred|throttling_occurred|soft_temp_limit_occurred,1,,7,38,drone-pi,aarch64,Raspberry Pi 5 Model B Rev 1.0,true,4
1,smollm2-360m-instruct-Q4_K_M-warmup,0127,385,,,end_of_speech,1056.636,,,,,,391.508,665.128,,,,566.7,89.5,arm_freq_capped_now|currently_throttled|arm_freq_capped_occurred|throttling_occurred|soft_temp_limit_occurred,1,,17,39,drone-pi,aarch64,Raspberry Pi 5 Model B Rev 1.0,true,4
1,smollm2-360m-instruct-Q4_K_M-warmup,0123,386,,,end_of_speech,1112.227,,,,,,35.411,1076.816,,,,566.7,88.9,arm_freq_capped_now|currently_throttled|arm_freq_capped_occurred|throttling_occurred|soft_temp_limit_occurred,1,,24,40,drone-pi,aarch64,Raspberry Pi 5 Model B Rev 1.0,true,4
1,smollm2-360m-instruct-Q4_K_M-warmup,0144,387,,,end_of_speech,1010.62,,,,,,432.753,577.867,,,,566.7,88.9,arm_freq_capped_now|currently_throttled|arm_freq_capped_occurred|throttling_occurred|soft_temp_limit_occurred,1,,14,39,drone-pi,aarch64,Raspberry Pi 5 Model B Rev 1.0,true,4
1,smollm2-360m-instruct-Q4_K_M-warmup,0057,388,,,end_of_speech,550.939,,,,,,312.948,237.991,,,,566.7,90.0,arm_freq_capped_now|currently_throttled|arm_freq_capped_occurred|throttling_occurred|soft_temp_limit_occurred,1,,7,33,drone-pi,aarch64,Raspberry Pi 5 Model B Rev 1.0,true,4
1,smollm2-360m-instruct-Q4_K_M-warmup,0083,389,,,end_of_speech,1301.469,,,,,,573.773,727.696,,,,566.7,90.6,arm_freq_capped_now|currently_throttled|arm_freq_capped_occurred|throttling_occurred|soft_temp_limit_occurred,1,,18,43,drone-pi,aarch64,Raspberry Pi 5 Model B Rev 1.0,true,4
1,smollm2-360m-instruct-Q4_K_M-warmup,0168,390,,,end_of_speech,514.694,,,,,,51.642,463.052,,,,566.7,88.9,arm_freq_capped_now|currently_throttled|arm_freq_capped_occurred|throttling_occurred|soft_temp_limit_occurred,1,,12,35,drone-pi,aarch64,Raspberry Pi 5 Model B Rev 1.0,true,4
1,smollm2-360m-instruct-Q4_K_M-warmup,0134,391,,,end_of_speech,725.092,,,,,,35.798,689.294,,,,566.7,90.0,arm_freq_capped_now|currently_throttled|arm_freq_capped_occurred|throttling_occurred|soft_temp_limit_occurred,1,,18,51,drone-pi,aarch64,Raspberry Pi 5 Model B Rev 1.0,true,4
1,smollm2-360m-instruct-Q4_K_M-warmup,0128,392,,,end_of_speech,1011.447,,,,,,51.854,959.593,,,,566.7,90.0,arm_freq_capped_now|currently_throttled|arm_freq_capped_occurred|throttling_occurred|soft_temp_limit_occurred,1,,23,45,drone-pi,aarch64,Raspberry Pi 5 Model B Rev 1.0,true,4
1,smollm2-360m-instruct-Q4_K_M-warmup,0092,393,,,end_of_speech,823.275,,,,,,52.017,771.258,,,,566.7,89.5,arm_freq_capped_now|currently_throttled|arm_freq_capped_occurred|throttling_occurred|soft_temp_limit_occurred,1,,18,37,drone-pi,aarch64,Raspberry Pi 5 Model B Rev 1.0,true,4
1,smollm2-360m-instruct-Q4_K_M-warmup,0120,394,,,end_of_speech,975.293,,,,,,35.86,939.433,,,,566.7,88.9,arm_freq_capped_now|currently_throttled|arm_freq_capped_occurred|throttling_occurred|soft_temp_limit_occurred,1,,23,53,drone-pi,aarch64,Raspberry Pi 5 Model B Rev 1.0,true,4
1,smollm2-360m-instruct-Q4_K_M-warmup,0059,395,,,end_of_speech,862.046,,,,,,35.752,826.294,,,,566.7,88.9,arm_freq_capped_now|currently_throttled|arm_freq_capped_occurred|throttling_occurred|soft_temp_limit_occurred,1,,21,44,drone-pi,aarch64,Raspberry Pi 5 Model B Rev 1.0,true,4
1,smollm2-360m-instruct-Q4_K_M-warmup,0141,396,,,end_of_speech,1084.022,,,,,,35.864,1048.158,,,,566.7,90.0,arm_freq_capped_now|currently_throttled|arm_freq_capped_occurred|throttling_occurred|soft_temp_limit_occurred,1,,26,50,drone-pi,aarch64,Raspberry Pi 5 Model B Rev 1.0,true,4
1,smollm2-360m-instruct-Q4_K_M-warmup,0108,397,,,end_of_speech,587.459,,,,,,51.839,535.62,,,,566.7,90.6,arm_freq_capped_now|currently_throttled|arm_freq_capped_occurred|throttling_occurred|soft_temp_limit_occurred,1,,14,41,drone-pi,aarch64,Raspberry Pi 5 Model B Rev 1.0,true,4
1,smollm2-360m-instruct-Q4_K_M-warmup,0159,398,,,end_of_speech,830.829,,,,,,51.784,779.045,,,,566.7,89.5,arm_freq_capped_now|currently_throttled|arm_freq_capped_occurred|throttling_occurred|soft_temp_limit_occurred,1,,19,40,drone-pi,aarch64,Raspberry Pi 5 Model B Rev 1.0,true,4
1,smollm2-360m-instruct-Q4_K_M-warmup,0056,399,,,end_of_speech,755.617,,,,,,35.647,719.97,,,,566.7,88.9,arm_freq_capped_now|currently_throttled|arm_freq_capped_occurred|throttling_occurred|soft_temp_limit_occurred,1,,18,42,drone-pi,aarch64,Raspberry Pi 5 Model B Rev 1.0,true,4
1,smollm2-360m-instruct-Q4_K_M-warmup,0009,400,,,end_of_speech,599.759,,,,,,382.433,217.326,,,,566.7,90.6,arm_freq_capped_now|currently_throttled|arm_freq_capped_occurred|throttling_occurred|soft_temp_limit_occurred,1,,7,37,drone-pi,aarch64,Raspberry Pi 5 Model B Rev 1.0,true,4
1,smollm2-360m-instruct-Q4_K_M-warmup,0038,401,,,end_of_speech,2291.494,,,,,,897.382,1394.112,,,,566.7,90.0,arm_freq_capped_now|currently_throttled|arm_freq_capped_occurred|throttling_occurred|soft_temp_limit_occurred,1,,32,56,drone-pi,aarch64,Raspberry Pi 5 Model B Rev 1.0,true,4
1,smollm2-360m-instruct-Q4_K_M-warmup,0167,402,,,end_of_speech,790.194,,,,,,51.457,738.737,,,,566.7,89.5,arm_freq_capped_now|currently_throttled|arm_freq_capped_occurred|throttling_occurred|soft_temp_limit_occurred,1,,18,37,drone-pi,aarch64,Raspberry Pi 5 Model B Rev 1.0,true,4
1,smollm2-360m-instruct-Q4_K_M-warmup,0114,403,,,end_of_speech,1044.011,,,,,,35.851,1008.16,,,,566.7,89.5,arm_freq_capped_now|currently_throttled|arm_freq_capped_occurred|throttling_occurred|soft_temp_limit_occurred,1,,23,46,drone-pi,aarch64,Raspberry Pi 5 Model B Rev 1.0,true,4
1,smollm2-360m-instruct-Q4_K_M-warmup,0145,404,,,end_of_speech,579.235,,,,,,272.998,306.237,,,,566.7,89.5,arm_freq_capped_now|currently_throttled|arm_freq_capped_occurred|throttling_occurred|soft_temp_limit_occurred,1,,8,34,drone-pi,aarch64,Raspberry Pi 5 Model B Rev 1.0,true,4
1,smollm2-360m-instruct-Q4_K_M-warmup,0137,405,,,end_of_speech,568.771,,,,,,331.199,237.572,,,,566.7,88.9,arm_freq_capped_now|currently_throttled|arm_freq_capped_occurred|throttling_occurred|soft_temp_limit_occurred,1,,7,37,drone-pi,aarch64,Raspberry Pi 5 Model B Rev 1.0,true,4
1,smollm2-360m-instruct-Q4_K_M-warmup,0020,406,,,end_of_speech,870.177,,,,,,376.171,494.006,,,,566.7,90.6,arm_freq_capped_now|currently_throttled|arm_freq_capped_occurred|throttling_occurred|soft_temp_limit_occurred,1,,12,36,drone-pi,aarch64,Raspberry Pi 5 Model B Rev 1.0,true,4
1,smollm2-360m-instruct-Q4_K_M-warmup,0080,407,,,end_of_speech,568.369,,,,,,267.255,301.114,,,,566.7,88.9,arm_freq_capped_now|currently_throttled|arm_freq_capped_occurred|throttling_occurred|soft_temp_limit_occurred,1,,7,33,drone-pi,aarch64,Raspberry Pi 5 Model B Rev 1.0,true,4
1,smollm2-360m-instruct-Q4_K_M-warmup,0069,408,,,end_of_speech,923.363,,,,,,364.379,558.984,,,,566.7,88.4,arm_freq_capped_now|currently_throttled|arm_freq_capped_occurred|throttling_occurred|soft_temp_limit_occurred,1,,14,36,drone-pi,aarch64,Raspberry Pi 5 Model B Rev 1.0,true,4
1,smollm2-360m-instruct-Q4_K_M-warmup,0047,409,,,end_of_speech,585.563,,,,,,35.508,550.055,,,,566.7,90.0,arm_freq_capped_now|currently_throttled|arm_freq_capped_occurred|throttling_occurred|soft_temp_limit_occurred,1,,13,40,drone-pi,aarch64,Raspberry Pi 5 Model B Rev 1.0,true,4
1,smollm2-360m-instruct-Q4_K_M-warmup,0050,410,,,end_of_speech,587.135,,,,,,51.584,535.551,,,,566.7,89.5,arm_freq_capped_now|currently_throttled|arm_freq_capped_occurred|throttling_occurred|soft_temp_limit_occurred,1,,14,39,drone-pi,aarch64,Raspberry Pi 5 Model B Rev 1.0,true,4
1,smollm2-360m-instruct-Q4_K_M-warmup,0172,411,,,end_of_speech,767.666,,,,,,35.652,732.014,,,,566.7,88.9,arm_freq_capped_now|currently_throttled|arm_freq_capped_occurred|throttling_occurred|soft_temp_limit_occurred,1,,18,41,drone-pi,aarch64,Raspberry Pi 5 Model B Rev 1.0,true,4
1,smollm2-360m-instruct-Q4_K_M-warmup,0076,412,,,end_of_speech,583.998,,,,,,35.628,548.37,,,,566.7,89.5,arm_freq_capped_now|currently_throttled|arm_freq_capped_occurred|throttling_occurred|soft_temp_limit_occurred,1,,13,34,drone-pi,aarch64,Raspberry Pi 5 Model B Rev 1.0,true,4
1,smollm2-360m-instruct-Q4_K_M-warmup,0180,413,,,end_of_speech,1072.44,,,,,,35.725,1036.715,,,,566.7,90.0,arm_freq_capped_now|currently_throttled|arm_freq_capped_occurred|throttling_occurred|soft_temp_limit_occurred,1,,25,42,drone-pi,aarch64,Raspberry Pi 5 Model B Rev 1.0,true,4
1,smollm2-360m-instruct-Q4_K_M-warmup,0064,414,,,end_of_speech,822.226,,,,,,279.321,542.905,,,,566.7,88.9,arm_freq_capped_now|currently_throttled|arm_freq_capped_occurred|throttling_occurred|soft_temp_limit_occurred,1,,14,34,drone-pi,aarch64,Raspberry Pi 5 Model B Rev 1.0,true,4
1,smollm2-360m-instruct-Q4_K_M-warmup,0022,415,,,end_of_speech,766.982,,,,,,35.529,731.453,,,,566.7,89.5,arm_freq_capped_now|currently_throttled|arm_freq_capped_occurred|throttling_occurred|soft_temp_limit_occurred,1,,18,34,drone-pi,aarch64,Raspberry Pi 5 Model B Rev 1.0,true,4
1,smollm2-360m-instruct-Q4_K_M-warmup,0149,416,,,end_of_speech,1059.071,,,,,,35.472,1023.599,,,,566.7,89.5,arm_freq_capped_now|currently_throttled|arm_freq_capped_occurred|throttling_occurred|soft_temp_limit_occurred,1,,24,38,drone-pi,aarch64,Raspberry Pi 5 Model B Rev 1.0,true,4
1,smollm2-360m-instruct-Q4_K_M-warmup,0169,417,,,end_of_speech,1083.998,,,,,,35.683,1048.315,,,,566.7,89.5,arm_freq_capped_now|currently_throttled|arm_freq_capped_occurred|throttling_occurred|soft_temp_limit_occurred,1,,25,44,drone-pi,aarch64,Raspberry Pi 5 Model B Rev 1.0,true,4
1,smollm2-360m-instruct-Q4_K_M-warmup,0152,418,,,end_of_speech,539.703,,,,,,35.673,504.03,,,,566.7,90.0,arm_freq_capped_now|currently_throttled|arm_freq_capped_occurred|throttling_occurred|soft_temp_limit_occurred,1,,13,39,drone-pi,aarch64,Raspberry Pi 5 Model B Rev 1.0,true,4
1,smollm2-360m-instruct-Q4_K_M-warmup,0010,419,,,end_of_speech,1267.779,,,,,,52.092,1215.687,,,,566.7,89.5,arm_freq_capped_now|currently_throttled|arm_freq_capped_occurred|throttling_occurred|soft_temp_limit_occurred,1,,31,55,drone-pi,aarch64,Raspberry Pi 5 Model B Rev 1.0,true,4
1,smollm2-360m-instruct-Q4_K_M-warmup,0151,420,,,end_of_speech,701.118,,,,,,35.564,665.554,,,,566.7,88.9,arm_freq_capped_now|currently_throttled|arm_freq_capped_occurred|throttling_occurred|soft_temp_limit_occurred,1,,17,38,drone-pi,aarch64,Raspberry Pi 5 Model B Rev 1.0,true,4
1,smollm2-360m-instruct-Q4_K_M-warmup,0162,421,,,end_of_speech,927.918,,,,,,35.927,891.991,,,,566.7,89.5,arm_freq_capped_now|currently_throttled|arm_freq_capped_occurred|throttling_occurred|soft_temp_limit_occurred,1,,23,52,drone-pi,aarch64,Raspberry Pi 5 Model B Rev 1.0,true,4
1,smollm2-360m-instruct-Q4_K_M-warmup,0182,422,,,end_of_speech,610.391,,,,,,350.665,259.726,,,,566.7,90.0,arm_freq_capped_now|currently_throttled|arm_freq_capped_occurred|throttling_occurred|soft_temp_limit_occurred,1,,7,36,drone-pi,aarch64,Raspberry Pi 5 Model B Rev 1.0,true,4
1,smollm2-360m-instruct-Q4_K_M-warmup,0072,423,,,end_of_speech,879.054,,,,,,306.762,572.292,,,,566.7,89.5,arm_freq_capped_now|currently_throttled|arm_freq_capped_occurred|throttling_occurred|soft_temp_limit_occurred,1,,13,33,drone-pi,aarch64,Raspberry Pi 5 Model B Rev 1.0,true,4
1,smollm2-360m-instruct-Q4_K_M-warmup,0033,424,,,end_of_speech,533.115,,,,,,35.401,497.714,,,,566.7,89.5,arm_freq_capped_now|currently_throttled|arm_freq_capped_occurred|throttling_occurred|soft_temp_limit_occurred,1,,12,38,drone-pi,aarch64,Raspberry Pi 5 Model B Rev 1.0,true,4
1,smollm2-360m-instruct-Q4_K_M-warmup,0116,425,,,end_of_speech,631.121,,,,,,35.678,595.443,,,,566.7,90.0,arm_freq_capped_now|currently_throttled|arm_freq_capped_occurred|throttling_occurred|soft_temp_limit_occurred,1,,15,44,drone-pi,aarch64,Raspberry Pi 5 Model B Rev 1.0,true,4
1,smollm2-360m-instruct-Q4_K_M-warmup,0105,426,,,end_of_speech,1060.355,,,,,,51.677,1008.678,,,,566.7,88.9,arm_freq_capped_now|currently_throttled|arm_freq_capped_occurred|throttling_occurred|soft_temp_limit_occurred,1,,24,40,drone-pi,aarch64,Raspberry Pi 5 Model B Rev 1.0,true,4
1,smollm2-360m-instruct-Q4_K_M-warmup,0089,427,,,end_of_speech,1583.244,,,,,,36.021,1547.223,,,,566.7,90.0,arm_freq_capped_now|currently_throttled|arm_freq_capped_occurred|throttling_occurred|soft_temp_limit_occurred,1,,36,58,drone-pi,aarch64,Raspberry Pi 5 Model B Rev 1.0,true,4
1,smollm2-360m-instruct-Q4_K_M-warmup,0062,428,,,end_of_speech,685.129,,,,,,51.658,633.471,,,,566.7,88.9,arm_freq_capped_now|currently_throttled|arm_freq_capped_occurred|throttling_occurred|soft_temp_limit_occurred,1,,15,37,drone-pi,aarch64,Raspberry Pi 5 Model B Rev 1.0,true,4
1,smollm2-360m-instruct-Q4_K_M-warmup,0113,429,,,end_of_speech,1451.336,,,,,,35.72,1415.616,,,,566.7,90.6,arm_freq_capped_now|currently_throttled|arm_freq_capped_occurred|throttling_occurred|soft_temp_limit_occurred,1,,34,47,drone-pi,aarch64,Raspberry Pi 5 Model B Rev 1.0,true,4
1,smollm2-360m-instruct-Q4_K_M-warmup,0193,430,,,end_of_speech,1101.251,,,,,,51.926,1049.325,,,,566.7,90.0,arm_freq_capped_now|currently_throttled|arm_freq_capped_occurred|throttling_occurred|soft_temp_limit_occurred,1,,24,48,drone-pi,aarch64,Raspberry Pi 5 Model B Rev 1.0,true,4
1,smollm2-360m-instruct-Q4_K_M-warmup,0006,431,,,end_of_speech,629.651,,,,,,356.27,273.381,,,,566.7,89.5,arm_freq_capped_now|currently_throttled|arm_freq_capped_occurred|throttling_occurred|soft_temp_limit_occurred,1,,7,33,drone-pi,aarch64,Raspberry Pi 5 Model B Rev 1.0,true,4
1,smollm2-360m-instruct-Q4_K_M-warmup,0196,432,,,end_of_speech,1046.265,,,,,,447.502,598.763,,,,566.7,88.9,arm_freq_capped_now|currently_throttled|arm_freq_capped_occurred|throttling_occurred|soft_temp_limit_occurred,1,,16,40,drone-pi,aarch64,Raspberry Pi 5 Model B Rev 1.0,true,4
1,smollm2-360m-instruct-Q4_K_M-warmup,0186,433,,,end_of_speech,1067.524,,,,,,35.44,1032.084,,,,566.7,89.5,arm_freq_capped_now|currently_throttled|arm_freq_capped_occurred|throttling_occurred|soft_temp_limit_occurred,1,,24,41,drone-pi,aarch64,Raspberry Pi 5 Model B Rev 1.0,true,4
1,smollm2-360m-instruct-Q4_K_M-warmup,0075,434,,,end_of_speech,1327.388,,,,,,35.913,1291.475,,,,566.7,88.9,arm_freq_capped_now|currently_throttled|arm_freq_capped_occurred|throttling_occurred|soft_temp_limit_occurred,1,,29,54,drone-pi,aarch64,Raspberry Pi 5 Model B Rev 1.0,true,4
1,smollm2-360m-instruct-Q4_K_M-warmup,0131,435,,,end_of_speech,1096.824,,,,,,35.777,1061.047,,,,566.7,88.9,arm_freq_capped_now|currently_throttled|arm_freq_capped_occurred|throttling_occurred|soft_temp_limit_occurred,1,,24,48,drone-pi,aarch64,Raspberry Pi 5 Model B Rev 1.0,true,4
1,smollm2-360m-instruct-Q4_K_M-warmup,0121,436,,,end_of_speech,841.396,,,,,,281.258,560.138,,,,566.7,90.6,arm_freq_capped_now|currently_throttled|arm_freq_capped_occurred|throttling_occurred|soft_temp_limit_occurred,1,,14,32,drone-pi,aarch64,Raspberry Pi 5 Model B Rev 1.0,true,4
1,smollm2-360m-instruct-Q4_K_M-warmup,0101,437,,,end_of_speech,922.794,,,,,,51.706,871.088,,,,566.7,90.0,arm_freq_capped_now|currently_throttled|arm_freq_capped_occurred|throttling_occurred|soft_temp_limit_occurred,1,,20,41,drone-pi,aarch64,Raspberry Pi 5 Model B Rev 1.0,true,4
1,smollm2-360m-instruct-Q4_K_M-warmup,0032,438,,,end_of_speech,588.94,,,,,,324.562,264.378,,,,566.7,88.4,arm_freq_capped_now|currently_throttled|arm_freq_capped_occurred|throttling_occurred|soft_temp_limit_occurred,1,,7,32,drone-pi,aarch64,Raspberry Pi 5 Model B Rev 1.0,true,4
1,smollm2-360m-instruct-Q4_K_M-warmup,0018,439,,,end_of_speech,616.055,,,,,,337.894,278.161,,,,566.7,88.9,arm_freq_capped_now|currently_throttled|arm_freq_capped_occurred|throttling_occurred|soft_temp_limit_occurred,1,,7,35,drone-pi,aarch64,Raspberry Pi 5 Model B Rev 1.0,true,4
1,smollm2-360m-instruct-Q4_K_M-warmup,0049,440,,,end_of_speech,1579.897,,,,,,490.002,1089.895,,,,566.7,89.5,arm_freq_capped_now|currently_throttled|arm_freq_capped_occurred|throttling_occurred|soft_temp_limit_occurred,1,,27,44,drone-pi,aarch64,Raspberry Pi 5 Model B Rev 1.0,true,4
1,smollm2-360m-instruct-Q4_K_M-warmup,0065,441,,,end_of_speech,1203.828,,,,,,35.66,1168.168,,,,566.7,89.5,arm_freq_capped_now|currently_throttled|arm_freq_capped_occurred|throttling_occurred|soft_temp_limit_occurred,1,,30,52,drone-pi,aarch64,Raspberry Pi 5 Model B Rev 1.0,true,4
1,smollm2-360m-instruct-Q4_K_M-warmup,0110,442,,,end_of_speech,1188.354,,,,,,35.701,1152.653,,,,566.7,89.5,arm_freq_capped_now|currently_throttled|arm_freq_capped_occurred|throttling_occurred|soft_temp_limit_occurred,1,,27,45,drone-pi,aarch64,Raspberry Pi 5 Model B Rev 1.0,true,4
1,smollm2-360m-instruct-Q4_K_M-warmup,0048,443,,,end_of_speech,547.476,,,,,,216.648,330.828,,,,566.7,90.0,arm_freq_capped_now|currently_throttled|arm_freq_capped_occurred|throttling_occurred|soft_temp_limit_occurred,1,,8,32,drone-pi,aarch64,Raspberry Pi 5 Model B Rev 1.0,true,4
1,smollm2-360m-instruct-Q4_K_M-warmup,0097,444,,,end_of_speech,649.575,,,,,,404.124,245.451,,,,566.7,90.0,arm_freq_capped_now|currently_throttled|arm_freq_capped_occurred|throttling_occurred|soft_temp_limit_occurred,1,,7,38,drone-pi,aarch64,Raspberry Pi 5 Model B Rev 1.0,true,4
1,smollm2-360m-instruct-Q4_K_M-warmup,0127,445,,,end_of_speech,1165.047,,,,,,434.907,730.14,,,,566.7,90.6,arm_freq_capped_now|currently_throttled|arm_freq_capped_occurred|throttling_occurred|soft_temp_limit_occurred,1,,17,39,drone-pi,aarch64,Raspberry Pi 5 Model B Rev 1.0,true,4
1,smollm2-360m-instruct-Q4_K_M-warmup,0123,446,,,end_of_speech,1014.604,,,,,,35.533,979.071,,,,566.7,90.0,arm_freq_capped_now|currently_throttled|arm_freq_capped_occurred|throttling_occurred|soft_temp_limit_occurred,1,,24,40,drone-pi,aarch64,Raspberry Pi 5 Model B Rev 1.0,true,4
1,smollm2-360m-instruct-Q4_K_M-warmup,0144,447,,,end_of_speech,939.568,,,,,,352.46,587.108,,,,566.7,87.8,arm_freq_capped_now|currently_throttled|arm_freq_capped_occurred|throttling_occurred|soft_temp_limit_occurred,1,,14,39,drone-pi,aarch64,Raspberry Pi 5 Model B Rev 1.0,true,4
1,smollm2-360m-instruct-Q4_K_M-warmup,0057,448,,,end_of_speech,484.191,,,,,,238.959,245.232,,,,566.7,90.0,arm_freq_capped_now|currently_throttled|arm_freq_capped_occurred|throttling_occurred|soft_temp_limit_occurred,1,,7,33,drone-pi,aarch64,Raspberry Pi 5 Model B Rev 1.0,true,4
1,smollm2-360m-instruct-Q4_K_M-warmup,0083,449,,,end_of_speech,1335.793,,,,,,603.515,732.278,,,,566.7,88.9,arm_freq_capped_now|currently_throttled|arm_freq_capped_occurred|throttling_occurred|soft_temp_limit_occurred,1,,18,43,drone-pi,aarch64,Raspberry Pi 5 Model B Rev 1.0,true,4
1,smollm2-360m-instruct-Q4_K_M-warmup,0168,450,,,end_of_speech,520.578,,,,,,35.522,485.056,,,,566.7,89.5,arm_freq_capped_now|currently_throttled|arm_freq_capped_occurred|throttling_occurred|soft_temp_limit_occurred,1,,12,35,drone-pi,aarch64,Raspberry Pi 5 Model B Rev 1.0,true,4
1,smollm2-360m-instruct-Q4_K_M-warmup,0134,451,,,end_of_speech,835.258,,,,,,35.853,799.405,,,,566.7,88.9,arm_freq_capped_now|currently_throttled|arm_freq_capped_occurred|throttling_occurred|soft_temp_limit_occurred,1,,18,51,drone-pi,aarch64,Raspberry Pi 5 Model B Rev 1.0,true,4
1,smollm2-360m-instruct-Q4_K_M-warmup,0128,452,,,end_of_speech,1060.951,,,,,,35.834,1025.117,,,,566.7,89.5,arm_freq_capped_now|currently_throttled|arm_freq_capped_occurred|throttling_occurred|soft_temp_limit_occurred,1,,23,45,drone-pi,aarch64,Raspberry Pi 5 Model B Rev 1.0,true,4
1,smollm2-360m-instruct-Q4_K_M-warmup,0092,453,,,end_of_speech,798.45,,,,,,35.614,762.836,,,,566.7,88.9,arm_freq_capped_now|currently_throttled|arm_freq_capped_occurred|throttling_occurred|soft_temp_limit_occurred,1,,18,37,drone-pi,aarch64,Raspberry Pi 5 Model B Rev 1.0,true,4
1,smollm2-360m-instruct-Q4_K_M-warmup,0120,454,,,end_of_speech,1036.185,,,,,,35.908,1000.277,,,,566.7,89.5,arm_freq_capped_now|currently_throttled|arm_freq_capped_occurred|throttling_occurred|soft_temp_limit_occurred,1,,23,53,drone-pi,aarch64,Raspberry Pi 5 Model B Rev 1.0,true,4
1,smollm2-360m-instruct-Q4_K_M-warmup,0059,455,,,end_of_speech,866.167,,,,,,35.691,830.476,,,,566.7,90.0,arm_freq_capped_now|currently_throttled|arm_freq_capped_occurred|throttling_occurred|soft_temp_limit_occurred,1,,21,44,drone-pi,aarch64,Raspberry Pi 5 Model B Rev 1.0,true,4
1,smollm2-360m-instruct-Q4_K_M-warmup,0141,456,,,end_of_speech,1109.505,,,,,,51.892,1057.613,,,,566.7,90.0,arm_freq_capped_now|currently_throttled|arm_freq_capped_occurred|throttling_occurred|soft_temp_limit_occurred,1,,26,50,drone-pi,aarch64,Raspberry Pi 5 Model B Rev 1.0,true,4
1,smollm2-360m-instruct-Q4_K_M-warmup,0108,457,,,end_of_speech,678.523,,,,,,51.651,626.872,,,,566.7,90.0,arm_freq_capped_now|currently_throttled|arm_freq_capped_occurred|throttling_occurred|soft_temp_limit_occurred,1,,14,41,drone-pi,aarch64,Raspberry Pi 5 Model B Rev 1.0,true,4
1,smollm2-360m-instruct-Q4_K_M-warmup,0159,458,,,end_of_speech,829.734,,,,,,51.613,778.121,,,,566.7,90.6,arm_freq_capped_now|currently_throttled|arm_freq_capped_occurred|throttling_occurred|soft_temp_limit_occurred,1,,19,40,drone-pi,aarch64,Raspberry Pi 5 Model B Rev 1.0,true,4
1,smollm2-360m-instruct-Q4_K_M-warmup,0056,459,,,end_of_speech,747.569,,,,,,51.746,695.823,,,,566.7,89.5,arm_freq_capped_now|currently_throttled|arm_freq_capped_occurred|throttling_occurred|soft_temp_limit_occurred,1,,18,42,drone-pi,aarch64,Raspberry Pi 5 Model B Rev 1.0,true,4
1,smollm2-360m-instruct-Q4_K_M-warmup,0009,460,,,end_of_speech,646.371,,,,,,382.175,264.196,,,,566.7,90.0,arm_freq_capped_now|currently_throttled|arm_freq_capped_occurred|throttling_occurred|soft_temp_limit_occurred,1,,7,37,drone-pi,aarch64,Raspberry Pi 5 Model B Rev 1.0,true,4
1,smollm2-360m-instruct-Q4_K_M-warmup,0038,461,,,end_of_speech,2175.437,,,,,,847.629,1327.808,,,,566.7,90.0,arm_freq_capped_now|currently_throttled|arm_freq_capped_occurred|throttling_occurred|soft_temp_limit_occurred,1,,32,56,drone-pi,aarch64,Raspberry Pi 5 Model B Rev 1.0,true,4
1,smollm2-360m-instruct-Q4_K_M-warmup,0167,462,,,end_of_speech,838.095,,,,,,51.465,786.63,,,,566.7,89.5,arm_freq_capped_now|currently_throttled|arm_freq_capped_occurred|throttling_occurred|soft_temp_limit_occurred,1,,18,37,drone-pi,aarch64,Raspberry Pi 5 Model B Rev 1.0,true,4
1,smollm2-360m-instruct-Q4_K_M-warmup,0114,463,,,end_of_speech,1017.887,,,,,,35.776,982.111,,,,566.7,88.9,arm_freq_capped_now|currently_throttled|arm_freq_capped_occurred|throttling_occurred|soft_temp_limit_occurred,1,,23,46,drone-pi,aarch64,Raspberry Pi 5 Model B Rev 1.0,true,4
1,smollm2-360m-instruct-Q4_K_M-warmup,0145,464,,,end_of_speech,610.779,,,,,,313.693,297.086,,,,566.7,89.5,arm_freq_capped_now|currently_throttled|arm_freq_capped_occurred|throttling_occurred|soft_temp_limit_occurred,1,,8,34,drone-pi,aarch64,Raspberry Pi 5 Model B Rev 1.0,true,4
1,smollm2-360m-instruct-Q4_K_M-warmup,0137,465,,,end_of_speech,578.067,,,,,,350.135,227.932,,,,566.7,90.6,arm_freq_capped_now|currently_throttled|arm_freq_capped_occurred|throttling_occurred|soft_temp_limit_occurred,1,,7,37,drone-pi,aarch64,Raspberry Pi 5 Model B Rev 1.0,true,4
1,smollm2-360m-instruct-Q4_K_M-warmup,0020,466,,,end_of_speech,874.26,,,,,,425.764,448.496,,,,566.7,89.5,arm_freq_capped_now|currently_throttled|arm_freq_capped_occurred|throttling_occurred|soft_temp_limit_occurred,1,,12,36,drone-pi,aarch64,Raspberry Pi 5 Model B Rev 1.0,true,4
1,smollm2-360m-instruct-Q4_K_M-warmup,0080,467,,,end_of_speech,484.355,,,,,,238.924,245.431,,,,566.7,90.6,arm_freq_capped_now|currently_throttled|arm_freq_capped_occurred|throttling_occurred|soft_temp_limit_occurred,1,,7,33,drone-pi,aarch64,Raspberry Pi 5 Model B Rev 1.0,true,4
1,smollm2-360m-instruct-Q4_K_M-warmup,0069,468,,,end_of_speech,928.733,,,,,,349.79,578.943,,,,566.7,88.9,arm_freq_capped_now|currently_throttled|arm_freq_capped_occurred|throttling_occurred|soft_temp_limit_occurred,1,,14,36,drone-pi,aarch64,Raspberry Pi 5 Model B Rev 1.0,true,4
1,smollm2-360m-instruct-Q4_K_M-warmup,0047,469,,,end_of_speech,588.569,,,,,,35.472,553.097,,,,566.7,88.9,arm_freq_capped_now|currently_throttled|arm_freq_capped_occurred|throttling_occurred|soft_temp_limit_occurred,1,,13,40,drone-pi,aarch64,Raspberry Pi 5 Model B Rev 1.0,true,4
1,smollm2-360m-instruct-Q4_K_M-warmup,0050,470,,,end_of_speech,637.505,,,,,,35.709,601.796,,,,566.7,89.5,arm_freq_capped_now|currently_throttled|arm_freq_capped_occurred|throttling_occurred|soft_temp_limit_occurred,1,,14,39,drone-pi,aarch64,Raspberry Pi 5 Model B Rev 1.0,true,4
1,smollm2-360m-instruct-Q4_K_M-warmup,0172,471,,,end_of_speech,755.094,,,,,,35.689,719.405,,,,566.7,88.9,arm_freq_capped_now|currently_throttled|arm_freq_capped_occurred|throttling_occurred|soft_temp_limit_occurred,1,,18,41,drone-pi,aarch64,Raspberry Pi 5 Model B Rev 1.0,true,4
1,smollm2-360m-instruct-Q4_K_M-warmup,0076,472,,,end_of_speech,555.732,,,,,,35.563,520.169,,,,566.7,90.6,arm_freq_capped_now|currently_throttled|arm_freq_capped_occurred|throttling_occurred|soft_temp_limit_occurred,1,,13,34,drone-pi,aarch64,Raspberry Pi 5 Model B Rev 1.0,true,4
1,smollm2-360m-instruct-Q4_K_M-warmup,0180,473,,,end_of_speech,1127.347,,,,,,51.691,1075.656,,,,566.7,90.0,arm_freq_capped_now|currently_throttled|arm_freq_capped_occurred|throttling_occurred|soft_temp_limit_occurred,1,,25,42,drone-pi,aarch64,Raspberry Pi 5 Model B Rev 1.0,true,4
1,smollm2-360m-instruct-Q4_K_M-warmup,0064,474,,,end_of_speech,861.806,,,,,,281.899,579.907,,,,566.7,88.4,arm_freq_capped_now|currently_throttled|arm_freq_capped_occurred|throttling_occurred|soft_temp_limit_occurred,1,,14,34,drone-pi,aarch64,Raspberry Pi 5 Model B Rev 1.0,true,4
1,smollm2-360m-instruct-Q4_K_M-warmup,0022,475,,,end_of_speech,794.705,,,,,,35.568,759.137,,,,566.7,90.6,arm_freq_capped_now|currently_throttled|arm_freq_capped_occurred|throttling_occurred|soft_temp_limit_occurred,1,,18,34,drone-pi,aarch64,Raspberry Pi 5 Model B Rev 1.0,true,4
1,smollm2-360m-instruct-Q4_K_M-warmup,0149,476,,,end_of_speech,1185.435,,,,,,35.666,1149.769,,,,566.7,90.0,arm_freq_capped_now|currently_throttled|arm_freq_capped_occurred|throttling_occurred|soft_temp_limit_occurred,1,,24,38,drone-pi,aarch64,Raspberry Pi 5 Model B Rev 1.0,true,4
1,smollm2-360m-instruct-Q4_K_M-warmup,0169,477,,,end_of_speech,1021.473,,,,,,51.842,969.631,,,,566.7,89.5,arm_freq_capped_now|currently_throttled|arm_freq_capped_occurred|throttling_occurred|soft_temp_limit_occurred,1,,25,44,drone-pi,aarch64,Raspberry Pi 5 Model B Rev 1.0,true,4
1,smollm2-360m-instruct-Q4_K_M-warmup,0152,478,,,end_of_speech,556.805,,,,,,35.685,521.12,,,,566.7,88.9,arm_freq_capped_now|currently_throttled|arm_freq_capped_occurred|throttling_occurred|soft_temp_limit_occurred,1,,13,39,drone-pi,aarch64,Raspberry Pi 5 Model B Rev 1.0,true,4
1,smollm2-360m-instruct-Q4_K_M-warmup,0010,479,,,end_of_speech,1304.59,,,,,,35.898,1268.692,,,,566.7,89.5,arm_freq_capped_now|currently_throttled|arm_freq_capped_occurred|throttling_occurred|soft_temp_limit_occurred,1,,31,55,drone-pi,aarch64,Raspberry Pi 5 Model B Rev 1.0,true,4
1,smollm2-360m-instruct-Q4_K_M-warmup,0151,480,,,end_of_speech,700.577,,,,,,35.568,665.009,,,,566.7,89.5,arm_freq_capped_now|currently_throttled|arm_freq_capped_occurred|throttling_occurred|soft_temp_limit_occurred,1,,17,38,drone-pi,aarch64,Raspberry Pi 5 Model B Rev 1.0,true,4
1,smollm2-360m-instruct-Q4_K_M-warmup,0162,481,,,end_of_speech,972.015,,,,,,35.861,936.154,,,,566.7,90.6,arm_freq_capped_now|currently_throttled|arm_freq_capped_occurred|throttling_occurred|soft_temp_limit_occurred,1,,23,52,drone-pi,aarch64,Raspberry Pi 5 Model B Rev 1.0,true,4
1,smollm2-360m-instruct-Q4_K_M-warmup,0182,482,,,end_of_speech,659.016,,,,,,394.096,264.92,,,,566.7,90.0,arm_freq_capped_now|currently_throttled|arm_freq_capped_occurred|throttling_occurred|soft_temp_limit_occurred,1,,7,36,drone-pi,aarch64,Raspberry Pi 5 Model B Rev 1.0,true,4
1,smollm2-360m-instruct-Q4_K_M-warmup,0072,483,,,end_of_speech,824.191,,,,,,356.279,467.912,,,,566.7,90.0,arm_freq_capped_now|currently_throttled|arm_freq_capped_occurred|throttling_occurred|soft_temp_limit_occurred,1,,13,33,drone-pi,aarch64,Raspberry Pi 5 Model B Rev 1.0,true,4
1,smollm2-360m-instruct-Q4_K_M-warmup,0033,484,,,end_of_speech,548.926,,,,,,51.379,497.547,,,,566.7,88.9,arm_freq_capped_now|currently_throttled|arm_freq_capped_occurred|throttling_occurred|soft_temp_limit_occurred,1,,12,38,drone-pi,aarch64,Raspberry Pi 5 Model B Rev 1.0,true,4
1,smollm2-360m-instruct-Q4_K_M-warmup,0116,485,,,end_of_speech,645.004,,,,,,35.719,609.285,,,,566.7,88.9,arm_freq_capped_now|currently_throttled|arm_freq_capped_occurred|throttling_occurred|soft_temp_limit_occurred,1,,15,44,drone-pi,aarch64,Raspberry Pi 5 Model B Rev 1.0,true,4
1,smollm2-360m-instruct-Q4_K_M-warmup,0105,486,,,end_of_speech,1066.944,,,,,,35.673,1031.271,,,,566.7,90.6,arm_freq_capped_now|currently_throttled|arm_freq_capped_occurred|throttling_occurred|soft_temp_limit_occurred,1,,24,40,drone-pi,aarch64,Raspberry Pi 5 Model B Rev 1.0,true,4
1,smollm2-360m-instruct-Q4_K_M-warmup,0089,487,,,end_of_speech,1638.728,,,,,,52.06,1586.668,,,,566.7,90.6,arm_freq_capped_now|currently_throttled|arm_freq_capped_occurred|throttling_occurred|soft_temp_limit_occurred,1,,36,58,drone-pi,aarch64,Raspberry Pi 5 Model B Rev 1.0,true,4
1,smollm2-360m-instruct-Q4_K_M-warmup,0062,488,,,end_of_speech,590.727,,,,,,51.598,539.129,,,,566.7,89.5,arm_freq_capped_now|currently_throttled|arm_freq_capped_occurred|throttling_occurred|soft_temp_limit_occurred,1,,15,37,drone-pi,aarch64,Raspberry Pi 5 Model B Rev 1.0,true,4
1,smollm2-360m-instruct-Q4_K_M-warmup,0113,489,,,end_of_speech,1474.476,,,,,,35.859,1438.617,,,,566.7,90.6,arm_freq_capped_now|currently_throttled|arm_freq_capped_occurred|throttling_occurred|soft_temp_limit_occurred,1,,34,47,drone-pi,aarch64,Raspberry Pi 5 Model B Rev 1.0,true,4
1,smollm2-360m-instruct-Q4_K_M-warmup,0193,490,,,end_of_speech,1101.058,,,,,,51.895,1049.163,,,,566.7,90.6,arm_freq_capped_now|currently_throttled|arm_freq_capped_occurred|throttling_occurred|soft_temp_limit_occurred,1,,24,48,drone-pi,aarch64,Raspberry Pi 5 Model B Rev 1.0,true,4
1,smollm2-360m-instruct-Q4_K_M-warmup,0006,491,,,end_of_speech,610.095,,,,,,307.003,303.092,,,,566.7,89.5,arm_freq_capped_now|currently_throttled|arm_freq_capped_occurred|throttling_occurred|soft_temp_limit_occurred,1,,7,33,drone-pi,aarch64,Raspberry Pi 5 Model B Rev 1.0,true,4
1,smollm2-360m-instruct-Q4_K_M-warmup,0196,492,,,end_of_speech,1045.752,,,,,,412.72,633.032,,,,566.72,90.6,arm_freq_capped_now|currently_throttled|arm_freq_capped_occurred|throttling_occurred|soft_temp_limit_occurred,1,,16,40,drone-pi,aarch64,Raspberry Pi 5 Model B Rev 1.0,true,4
1,smollm2-360m-instruct-Q4_K_M-warmup,0186,493,,,end_of_speech,1014.809,,,,,,51.664,963.145,,,,566.72,89.5,arm_freq_capped_now|currently_throttled|arm_freq_capped_occurred|throttling_occurred|soft_temp_limit_occurred,1,,24,41,drone-pi,aarch64,Raspberry Pi 5 Model B Rev 1.0,true,4
1,smollm2-360m-instruct-Q4_K_M-warmup,0075,494,,,end_of_speech,1233.672,,,,,,35.807,1197.865,,,,566.72,91.1,arm_freq_capped_now|currently_throttled|arm_freq_capped_occurred|throttling_occurred|soft_temp_limit_occurred,1,,29,54,drone-pi,aarch64,Raspberry Pi 5 Model B Rev 1.0,true,4
1,smollm2-360m-instruct-Q4_K_M-warmup,0131,495,,,end_of_speech,1009.972,,,,,,51.882,958.09,,,,566.72,89.5,arm_freq_capped_now|currently_throttled|arm_freq_capped_occurred|throttling_occurred|soft_temp_limit_occurred,1,,24,48,drone-pi,aarch64,Raspberry Pi 5 Model B Rev 1.0,true,4
1,smollm2-360m-instruct-Q4_K_M-warmup,0121,496,,,end_of_speech,859.043,,,,,,281.196,577.847,,,,566.72,90.0,arm_freq_capped_now|currently_throttled|arm_freq_capped_occurred|throttling_occurred|soft_temp_limit_occurred,1,,14,32,drone-pi,aarch64,Raspberry Pi 5 Model B Rev 1.0,true,4
1,smollm2-360m-instruct-Q4_K_M-warmup,0101,497,,,end_of_speech,962.91,,,,,,51.808,911.102,,,,566.72,90.6,arm_freq_capped_now|currently_throttled|arm_freq_capped_occurred|throttling_occurred|soft_temp_limit_occurred,1,,20,41,drone-pi,aarch64,Raspberry Pi 5 Model B Rev 1.0,true,4
1,smollm2-360m-instruct-Q4_K_M-warmup,0032,498,,,end_of_speech,561.195,,,,,,277.439,283.756,,,,566.72,90.0,arm_freq_capped_now|currently_throttled|arm_freq_capped_occurred|throttling_occurred|soft_temp_limit_occurred,1,,7,32,drone-pi,aarch64,Raspberry Pi 5 Model B Rev 1.0,true,4
1,smollm2-360m-instruct-Q4_K_M-warmup,0018,499,,,end_of_speech,617.941,,,,,,372.304,245.637,,,,566.72,90.6,arm_freq_capped_now|currently_throttled|arm_freq_capped_occurred|throttling_occurred|soft_temp_limit_occurred,1,,7,35,drone-pi,aarch64,Raspberry Pi 5 Model B Rev 1.0,true,4
1,smollm2-360m-instruct-Q4_K_M-warmup,0049,500,,,end_of_speech,1709.089,,,,,,588.237,1120.852,,,,566.72,89.5,arm_freq_capped_now|currently_throttled|arm_freq_capped_occurred|throttling_occurred|soft_temp_limit_occurred,1,,27,44,drone-pi,aarch64,Raspberry Pi 5 Model B Rev 1.0,true,4
1,smollm2-360m-instruct-Q4_K_M-warmup,0065,501,,,end_of_speech,1330.335,,,,,,35.715,1294.62,,,,566.72,90.6,arm_freq_capped_now|currently_throttled|arm_freq_capped_occurred|throttling_occurred|soft_temp_limit_occurred,1,,30,52,drone-pi,aarch64,Raspberry Pi 5 Model B Rev 1.0,true,4
1,smollm2-360m-instruct-Q4_K_M-warmup,0110,502,,,end_of_speech,1225.327,,,,,,35.726,1189.601,,,,566.72,88.4,arm_freq_capped_now|currently_throttled|arm_freq_capped_occurred|throttling_occurred|soft_temp_limit_occurred,1,,27,45,drone-pi,aarch64,Raspberry Pi 5 Model B Rev 1.0,true,4
1,smollm2-360m-instruct-Q4_K_M-warmup,0048,503,,,end_of_speech,488.904,,,,,,216.674,272.23,,,,566.72,90.6,arm_freq_capped_now|currently_throttled|arm_freq_capped_occurred|throttling_occurred|soft_temp_limit_occurred,1,,8,32,drone-pi,aarch64,Raspberry Pi 5 Model B Rev 1.0,true,4
1,smollm2-360m-instruct-Q4_K_M-warmup,0097,504,,,end_of_speech,669.395,,,,,,403.367,266.028,,,,566.72,90.6,arm_freq_capped_now|currently_throttled|arm_freq_capped_occurred|throttling_occurred|soft_temp_limit_occurred,1,,7,38,drone-pi,aarch64,Raspberry Pi 5 Model B Rev 1.0,true,4
1,smollm2-360m-instruct-Q4_K_M-warmup,0127,505,,,end_of_speech,1152.254,,,,,,392.79,759.464,,,,566.72,90.6,arm_freq_capped_now|currently_throttled|arm_freq_capped_occurred|throttling_occurred|soft_temp_limit_occurred,1,,17,39,drone-pi,aarch64,Raspberry Pi 5 Model B Rev 1.0,true,4
1,smollm2-360m-instruct-Q4_K_M-warmup,0123,506,,,end_of_speech,1080.161,,,,,,51.505,1028.656,,,,566.72,89.5,arm_freq_capped_now|currently_throttled|arm_freq_capped_occurred|throttling_occurred|soft_temp_limit_occurred,1,,24,40,drone-pi,aarch64,Raspberry Pi 5 Model B Rev 1.0,true,4
1,smollm2-360m-instruct-Q4_K_M-warmup,0144,507,,,end_of_speech,869.098,,,,,,333.225,535.873,,,,566.72,88.9,arm_freq_capped_now|currently_throttled|arm_freq_capped_occurred|throttling_occurred|soft_temp_limit_occurred,1,,14,39,drone-pi,aarch64,Raspberry Pi 5 Model B Rev 1.0,true,4
1,smollm2-360m-instruct-Q4_K_M-warmup,0057,508,,,end_of_speech,622.871,,,,,,312.959,309.912,,,,566.73,88.4,arm_freq_capped_now|currently_throttled|arm_freq_capped_occurred|throttling_occurred|soft_temp_limit_occurred,1,,7,33,drone-pi,aarch64,Raspberry Pi 5 Model B Rev 1.0,true,4
1,smollm2-360m-instruct-Q4_K_M-warmup,0083,509,,,end_of_speech,1174.703,,,,,,471.725,702.978,,,,566.73,91.1,arm_freq_capped_now|currently_throttled|arm_freq_capped_occurred|throttling_occurred|soft_temp_limit_occurred,1,,18,43,drone-pi,aarch64,Raspberry Pi 5 Model B Rev 1.0,true,4
1,smollm2-360m-instruct-Q4_K_M-warmup,0168,510,,,end_of_speech,494.629,,,,,,35.586,459.043,,,,566.73,91.1,arm_freq_capped_now|currently_throttled|arm_freq_capped_occurred|throttling_occurred|soft_temp_limit_occurred,1,,12,35,drone-pi,aarch64,Raspberry Pi 5 Model B Rev 1.0,true,4
1,smollm2-360m-instruct-Q4_K_M-warmup,0134,511,,,end_of_speech,833.283,,,,,,35.808,797.475,,,,566.73,89.5,arm_freq_capped_now|currently_throttled|arm_freq_capped_occurred|throttling_occurred|soft_temp_limit_occurred,1,,18,51,drone-pi,aarch64,Raspberry Pi 5 Model B Rev 1.0,true,4
1,smollm2-360m-instruct-Q4_K_M-warmup,0128,512,,,end_of_speech,1015.273,,,,,,35.683,979.59,,,,566.73,88.4,arm_freq_capped_now|currently_throttled|arm_freq_capped_occurred|throttling_occurred|soft_temp_limit_occurred,1,,23,45,drone-pi,aarch64,Raspberry Pi 5 Model B Rev 1.0,true,4
1,smollm2-360m-instruct-Q4_K_M-warmup,0092,513,,,end_of_speech,798.064,,,,,,35.656,762.408,,,,566.73,90.0,arm_freq_capped_now|currently_throttled|arm_freq_capped_occurred|throttling_occurred|soft_temp_limit_occurred,1,,18,37,drone-pi,aarch64,Raspberry Pi 5 Model B Rev 1.0,true,4
1,smollm2-360m-instruct-Q4_K_M-warmup,0120,514,,,end_of_speech,1013.455,,,,,,51.991,961.464,,,,566.73,89.5,arm_freq_capped_now|currently_throttled|arm_freq_capped_occurred|throttling_occurred|soft_temp_limit_occurred,1,,23,53,drone-pi,aarch64,Raspberry Pi 5 Model B Rev 1.0,true,4
1,smollm2-360m-instruct-Q4_K_M-warmup,0059,515,,,end_of_speech,877.727,,,,,,35.698,842.029,,,,566.73,90.6,arm_freq_capped_now|currently_throttled|arm_freq_capped_occurred|throttling_occurred|soft_temp_limit_occurred,1,,21,44,drone-pi,aarch64,Raspberry Pi 5 Model B Rev 1.0,true,4
1,smollm2-360m-instruct-Q4_K_M-warmup,0141,516,,,end_of_speech,1211.014,,,,,,51.966,1159.048,,,,566.73,88.9,arm_freq_capped_now|currently_throttled|arm_freq_capped_occurred|throttling_occurred|soft_temp_limit_occurred,1,,26,50,drone-pi,aarch64,Raspberry Pi 5 Model B Rev 1.0,true,4
1,smollm2-360m-instruct-Q4_K_M-warmup,0108,517,,,end_of_speech,563.298,,,,,,35.596,527.702,,,,566.73,90.6,arm_freq_capped_now|currently_throttled|arm_freq_capped_occurred|throttling_occurred|soft_temp_limit_occurred,1,,14,41,drone-pi,aarch64,Raspberry Pi 5 Model B Rev 1.0,true,4
1,smollm2-360m-instruct-Q4_K_M-warmup,0159,518,,,end_of_speech,861.189,,,,,,51.755,809.434,,,,566.73,90.0,arm_freq_capped_now|currently_throttled|arm_freq_capped_occurred|throttling_occurred|soft_temp_limit_occurred,1,,19,40,drone-pi,aarch64,Raspberry Pi 5 Model B Rev 1.0,true,4
1,smollm2-360m-instruct-Q4_K_M-warmup,0056,519,,,end_of_speech,795.53,,,,,,51.867,743.663,,,,566.73,90.0,arm_freq_capped_now|currently_throttled|arm_freq_capped_occurred|throttling_occurred|soft_temp_limit_occurred,1,,18,42,drone-pi,aarch64,Raspberry Pi 5 Model B Rev 1.0,true,4
1,smollm2-360m-instruct-Q4_K_M-warmup,0009,520,,,end_of_speech,660.896,,,,,,425.602,235.294,,,,566.73,90.0,arm_freq_capped_now|currently_throttled|arm_freq_capped_occurred|throttling_occurred|soft_temp_limit_occurred,1,,7,37,drone-pi,aarch64,Raspberry Pi 5 Model B Rev 1.0,true,4
1,smollm2-360m-instruct-Q4_K_M-warmup,0038,521,,,end_of_speech,2204.06,,,,,,831.669,1372.391,,,,566.73,90.6,arm_freq_capped_now|currently_throttled|arm_freq_capped_occurred|throttling_occurred|soft_temp_limit_occurred,1,,32,56,drone-pi,aarch64,Raspberry Pi 5 Model B Rev 1.0,true,4
1,smollm2-360m-instruct-Q4_K_M-warmup,0167,522,,,end_of_speech,762.956,,,,,,51.529,711.427,,,,566.73,88.9,arm_freq_capped_now|currently_throttled|arm_freq_capped_occurred|throttling_occurred|soft_temp_limit_occurred,1,,18,37,drone-pi,aarch64,Raspberry Pi 5 Model B Rev 1.0,true,4
1,smollm2-360m-instruct-Q4_K_M-warmup,0114,523,,,end_of_speech,1013.65,,,,,,35.861,977.789,,,,566.73,88.9,arm_freq_capped_now|currently_throttled|arm_freq_capped_occurred|throttling_occurred|soft_temp_limit_occurred,1,,23,46,drone-pi,aarch64,Raspberry Pi 5 Model B Rev 1.0,true,4
1,smollm2-360m-instruct-Q4_K_M-warmup,0145,524,,,end_of_speech,534.026,,,,,,263.392,270.634,,,,566.73,88.9,arm_freq_capped_now|currently_throttled|arm_freq_capped_occurred|throttling_occurred|soft_temp_limit_occurred,1,,8,34,drone-pi,aarch64,Raspberry Pi 5 Model B Rev 1.0,true,4
1,smollm2-360m-instruct-Q4_K_M-warmup,0137,525,,,end_of_speech,552.972,,,,,,332.385,220.587,,,,566.73,89.5,arm_freq_capped_now|currently_throttled|arm_freq_capped_occurred|throttling_occurred|soft_temp_limit_occurred,1,,7,37,drone-pi,aarch64,Raspberry Pi 5 Model B Rev 1.0,true,4
1,smollm2-360m-instruct-Q4_K_M-warmup,0020,526,,,end_of_speech,822.33,,,,,,300.03,522.3,,,,566.73,88.9,arm_freq_capped_now|currently_throttled|arm_freq_capped_occurred|throttling_occurred|soft_temp_limit_occurred,1,,12,36,drone-pi,aarch64,Raspberry Pi 5 Model B Rev 1.0,true,4
1,smollm2-360m-instruct-Q4_K_M-warmup,0080,527,,,end_of_speech,527.126,,,,,,262.424,264.702,,,,566.73,89.5,arm_freq_capped_now|currently_throttled|arm_freq_capped_occurred|throttling_occurred|soft_temp_limit_occurred,1,,7,33,drone-pi,aarch64,Raspberry Pi 5 Model B Rev 1.0,true,4
1,smollm2-360m-instruct-Q4_K_M-warmup,0069,528,,,end_of_speech,946.279,,,,,,349.872,596.407,,,,566.73,88.9,arm_freq_capped_now|currently_throttled|arm_freq_capped_occurred|throttling_occurred|soft_temp_limit_occurred,1,,14,36,drone-pi,aarch64,Raspberry Pi 5 Model B Rev 1.0,true,4
1,smollm2-360m-instruct-Q4_K_M-warmup,0047,529,,,end_of_speech,586.067,,,,,,35.485,550.582,,,,566.73,88.9,arm_freq_capped_now|currently_throttled|arm_freq_capped_occurred|throttling_occurred|soft_temp_limit_occurred,1,,13,40,drone-pi,aarch64,Raspberry Pi 5 Model B Rev 1.0,true,4
1,smollm2-360m-instruct-Q4_K_M-warmup,0050,530,,,end_of_speech,637.727,,,,,,35.563,602.164,,,,566.73,88.9,arm_freq_capped_now|currently_throttled|arm_freq_capped_occurred|throttling_occurred|soft_temp_limit_occurred,1,,14,39,drone-pi,aarch64,Raspberry Pi 5 Model B Rev 1.0,true,4
1,smollm2-360m-instruct-Q4_K_M-warmup,0172,531,,,end_of_speech,753.457,,,,,,35.662,717.795,,,,566.73,91.1,arm_freq_capped_now|currently_throttled|arm_freq_capped_occurred|throttling_occurred|soft_temp_limit_occurred,1,,18,41,drone-pi,aarch64,Raspberry Pi 5 Model B Rev 1.0,true,4
1,smollm2-360m-instruct-Q4_K_M-warmup,0076,532,,,end_of_speech,582.067,,,,,,51.538,530.529,,,,566.73,89.5,arm_freq_capped_now|currently_throttled|arm_freq_capped_occurred|throttling_occurred|soft_temp_limit_occurred,1,,13,34,drone-pi,aarch64,Raspberry Pi 5 Model B Rev 1.0,true,4
1,smollm2-360m-instruct-Q4_K_M-warmup,0180,533,,,end_of_speech,1041.728,,,,,,35.714,1006.014,,,,566.73,89.5,arm_freq_capped_now|currently_throttled|arm_freq_capped_occurred|throttling_occurred|soft_temp_limit_occurred,1,,25,42,drone-pi,aarch64,Raspberry Pi 5 Model B Rev 1.0,true,4
1,smollm2-360m-instruct-Q4_K_M-warmup,0064,534,,,end_of_speech,778.582,,,,,,282.026,496.556,,,,566.73,90.0,arm_freq_capped_now|currently_throttled|arm_freq_capped_occurred|throttling_occurred|soft_temp_limit_occurred,1,,14,34,drone-pi,aarch64,Raspberry Pi 5 Model B Rev 1.0,true,4
1,smollm2-360m-instruct-Q4_K_M-warmup,0022,535,,,end_of_speech,760.682,,,,,,51.697,708.985,,,,566.73,90.6,arm_freq_capped_now|currently_throttled|arm_freq_capped_occurred|throttling_occurred|soft_temp_limit_occurred,1,,18,34,drone-pi,aarch64,Raspberry Pi 5 Model B Rev 1.0,true,4
1,smollm2-360m-instruct-Q4_K_M-warmup,0149,536,,,end_of_speech,1086.774,,,,,,51.676,1035.098,,,,566.73,89.5,arm_freq_capped_now|currently_throttled|arm_freq_capped_occurred|throttling_occurred|soft_temp_limit_occurred,1,,24,38,drone-pi,aarch64,Raspberry Pi 5 Model B Rev 1.0,true,4
1,smollm2-360m-instruct-Q4_K_M-warmup,0169,537,,,end_of_speech,1020.045,,,,,,35.751,984.294,,,,566.73,90.6,arm_freq_capped_now|currently_throttled|arm_freq_capped_occurred|throttling_occurred|soft_temp_limit_occurred,1,,25,44,drone-pi,aarch64,Raspberry Pi 5 Model B Rev 1.0,true,4
1,smollm2-360m-instruct-Q4_K_M-warmup,0152,538,,,end_of_speech,587.336,,,,,,51.707,535.629,,,,566.73,90.6,arm_freq_capped_now|currently_throttled|arm_freq_capped_occurred|throttling_occurred|soft_temp_limit_occurred,1,,13,39,drone-pi,aarch64,Raspberry Pi 5 Model B Rev 1.0,true,4
1,smollm2-360m-instruct-Q4_K_M-warmup,0010,539,,,end_of_speech,1394.144,,,,,,52.198,1341.946,,,,566.73,89.5,arm_freq_capped_now|currently_throttled|arm_freq_capped_occurred|throttling_occurred|soft_temp_limit_occurred,1,,31,55,drone-pi,aarch64,Raspberry Pi 5 Model B Rev 1.0,true,4
1,smollm2-360m-instruct-Q4_K_M-warmup,0151,540,,,end_of_speech,719.994,,,,,,35.645,684.349,,,,566.73,90.6,arm_freq_capped_now|currently_throttled|arm_freq_capped_occurred|throttling_occurred|soft_temp_limit_occurred,1,,17,38,drone-pi,aarch64,Raspberry Pi 5 Model B Rev 1.0,true,4
1,smollm2-360m-instruct-Q4_K_M-warmup,0162,541,,,end_of_speech,1009.895,,,,,,52.093,957.802,,,,566.73,90.6,arm_freq_capped_now|currently_throttled|arm_freq_capped_occurred|throttling_occurred|soft_temp_limit_occurred,1,,23,52,drone-pi,aarch64,Raspberry Pi 5 Model B Rev 1.0,true,4
1,smollm2-360m-instruct-Q4_K_M-warmup,0182,542,,,end_of_speech,613.48,,,,,,390.144,223.336,,,,566.73,90.6,arm_freq_capped_now|currently_throttled|arm_freq_capped_occurred|throttling_occurred|soft_temp_limit_occurred,1,,7,36,drone-pi,aarch64,Raspberry Pi 5 Model B Rev 1.0,true,4
1,smollm2-360m-instruct-Q4_K_M-warmup,0072,543,,,end_of_speech,822.463,,,,,,304.789,517.674,,,,566.73,89.5,arm_freq_capped_now|currently_throttled|arm_freq_capped_occurred|throttling_occurred|soft_temp_limit_occurred,1,,13,33,drone-pi,aarch64,Raspberry Pi 5 Model B Rev 1.0,true,4
1,smollm2-360m-instruct-Q4_K_M-warmup,0033,544,,,end_of_speech,489.259,,,,,,35.468,453.791,,,,566.73,91.1,arm_freq_capped_now|currently_throttled|arm_freq_capped_occurred|throttling_occurred|soft_temp_limit_occurred,1,,12,38,drone-pi,aarch64,Raspberry Pi 5 Model B Rev 1.0,true,4
1,smollm2-360m-instruct-Q4_K_M-warmup,0116,545,,,end_of_speech,748.472,,,,,,51.829,696.643,,,,566.73,88.9,arm_freq_capped_now|currently_throttled|arm_freq_capped_occurred|throttling_occurred|soft_temp_limit_occurred,1,,15,44,drone-pi,aarch64,Raspberry Pi 5 Model B Rev 1.0,true,4
1,smollm2-360m-instruct-Q4_K_M-warmup,0105,546,,,end_of_speech,1110.408,,,,,,37.767,1072.641,,,,558.64,89.5,arm_freq_capped_now|currently_throttled|arm_freq_capped_occurred|throttling_occurred|soft_temp_limit_occurred,1,,24,40,drone-pi,aarch64,Raspberry Pi 5 Model B Rev 1.0,true,4
1,smollm2-360m-instruct-Q4_K_M-warmup,0089,547,,,end_of_speech,1589.79,,,,,,35.993,1553.797,,,,558.64,88.9,arm_freq_capped_now|currently_throttled|arm_freq_capped_occurred|throttling_occurred|soft_temp_limit_occurred,1,,36,58,drone-pi,aarch64,Raspberry Pi 5 Model B Rev 1.0,true,4
1,smollm2-360m-instruct-Q4_K_M-warmup,0062,548,,,end_of_speech,629.088,,,,,,35.608,593.48,,,,558.64,89.5,arm_freq_capped_now|currently_throttled|arm_freq_capped_occurred|throttling_occurred|soft_temp_limit_occurred,1,,15,37,drone-pi,aarch64,Raspberry Pi 5 Model B Rev 1.0,true,4
1,smollm2-360m-instruct-Q4_K_M-warmup,0113,549,,,end_of_speech,1509.011,,,,,,35.759,1473.252,,,,561.53,88.9,arm_freq_capped_now|currently_throttled|arm_freq_capped_occurred|throttling_occurred|soft_temp_limit_occurred,1,,34,47,drone-pi,aarch64,Raspberry Pi 5 Model B Rev 1.0,true,4
1,smollm2-360m-instruct-Q4_K_M-warmup,0193,550,,,end_of_speech,1046.004,,,,,,35.807,1010.197,,,,561.53,90.0,arm_freq_capped_now|currently_throttled|arm_freq_capped_occurred|throttling_occurred|soft_temp_limit_occurred,1,,24,48,drone-pi,aarch64,Raspberry Pi 5 Model B Rev 1.0,true,4
1,smollm2-360m-instruct-Q4_K_M-warmup,0006,551,,,end_of_speech,546.815,,,,,,300.331,246.484,,,,561.53,91.1,arm_freq_capped_now|currently_throttled|arm_freq_capped_occurred|throttling_occurred|soft_temp_limit_occurred,1,,7,33,drone-pi,aarch64,Raspberry Pi 5 Model B Rev 1.0,true,4
1,smollm2-360m-instruct-Q4_K_M-warmup,0196,552,,,end_of_speech,1073.839,,,,,,474.185,599.654,,,,561.53,89.5,arm_freq_capped_now|currently_throttled|arm_freq_capped_occurred|throttling_occurred|soft_temp_limit_occurred,1,,16,40,drone-pi,aarch64,Raspberry Pi 5 Model B Rev 1.0,true,4
1,smollm2-360m-instruct-Q4_K_M-warmup,0186,553,,,end_of_speech,983.225,,,,,,35.638,947.587,,,,561.53,90.6,arm_freq_capped_now|currently_throttled|arm_freq_capped_occurred|throttling_occurred|soft_temp_limit_occurred,1,,24,41,drone-pi,aarch64,Raspberry Pi 5 Model B Rev 1.0,true,4
1,smollm2-360m-instruct-Q4_K_M-warmup,0075,554,,,end_of_speech,1244.785,,,,,,35.944,1208.841,,,,561.53,89.5,arm_freq_capped_now|currently_throttled|arm_freq_capped_occurred|throttling_occurred|soft_temp_limit_occurred,1,,29,54,drone-pi,aarch64,Raspberry Pi 5 Model B Rev 1.0,true,4
1,smollm2-360m-instruct-Q4_K_M-warmup,0131,555,,,end_of_speech,1050.113,,,,,,35.843,1014.27,,,,561.53,88.9,arm_freq_capped_now|currently_throttled|arm_freq_capped_occurred|throttling_occurred|soft_temp_limit_occurred,1,,24,48,drone-pi,aarch64,Raspberry Pi 5 Model B Rev 1.0,true,4
1,smollm2-360m-instruct-Q4_K_M-warmup,0121,556,,,end_of_speech,860.974,,,,,,281.31,579.664,,,,561.53,90.6,arm_freq_capped_now|currently_throttled|arm_freq_capped_occurred|throttling_occurred|soft_temp_limit_occurred,1,,14,32,drone-pi,aarch64,Raspberry Pi 5 Model B Rev 1.0,true,4
1,smollm2-360m-instruct-Q4_K_M-warmup,0101,557,,,end_of_speech,853.369,,,,,,51.683,801.686,,,,561.53,89.5,arm_freq_capped_now|currently_throttled|arm_freq_capped_occurred|throttling_occurred|soft_temp_limit_occurred,1,,20,41,drone-pi,aarch64,Raspberry Pi 5 Model B Rev 1.0,true,4
1,smollm2-360m-instruct-Q4_K_M-warmup,0032,558,,,end_of_speech,545.439,,,,,,281.246,264.193,,,,561.53,90.6,arm_freq_capped_now|currently_throttled|arm_freq_capped_occurred|throttling_occurred|soft_temp_limit_occurred,1,,7,32,drone-pi,aarch64,Raspberry Pi 5 Model B Rev 1.0,true,4
1,smollm2-360m-instruct-Q4_K_M-warmup,0018,559,,,end_of_speech,581.511,,,,,,337.772,243.739,,,,561.53,89.5,arm_freq_capped_now|currently_throttled|arm_freq_capped_occurred|throttling_occurred|soft_temp_limit_occurred,1,,7,35,drone-pi,aarch64,Raspberry Pi 5 Model B Rev 1.0,true,4
1,smollm2-360m-instruct-Q4_K_M-warmup,0049,560,,,end_of_speech,1713.254,,,,,,560.432,1152.822,,,,561.53,88.9,arm_freq_capped_now|currently_throttled|arm_freq_capped_occurred|throttling_occurred|soft_temp_limit_occurred,1,,27,44,drone-pi,aarch64,Raspberry Pi 5 Model B Rev 1.0,true,4
1,smollm2-360m-instruct-Q4_K_M-warmup,0065,561,,,end_of_speech,1305.8,,,,,,35.764,1270.036,,,,561.53,90.6,arm_freq_capped_now|currently_throttled|arm_freq_capped_occurred|throttling_occurred|soft_temp_limit_occurred,1,,30,52,drone-pi,aarch64,Raspberry Pi 5 Model B Rev 1.0,true,4
1,smollm2-360m-instruct-Q4_K_M-warmup,0110,562,,,end_of_speech,1265.048,,,,,,51.928,1213.12,,,,561.53,90.6,arm_freq_capped_now|currently_throttled|arm_freq_capped_occurred|throttling_occurred|soft_temp_limit_occurred,1,,27,45,drone-pi,aarch64,Raspberry Pi 5 Model B Rev 1.0,true,4
1,smollm2-360m-instruct-Q4_K_M-warmup,0048,563,,,end_of_speech,516.418,,,,,,235.331,281.087,,,,561.53,90.6,arm_freq_capped_now|currently_throttled|arm_freq_capped_occurred|throttling_occurred|soft_temp_limit_occurred,1,,8,32,drone-pi,aarch64,Raspberry Pi 5 Model B Rev 1.0,true,4
1,smollm2-360m-instruct-Q4_K_M-warmup,0097,564,,,end_of_speech,742.484,,,,,,452.745,289.739,,,,561.53,88.9,arm_freq_capped_now|currently_throttled|arm_freq_capped_occurred|throttling_occurred|soft_temp_limit_occurred,1,,7,38,drone-pi,aarch64,Raspberry Pi 5 Model B Rev 1.0,true,4
1,smollm2-360m-instruct-Q4_K_M-warmup,0127,565,,,end_of_speech,1114.435,,,,,,417.43,697.005,,,,561.53,89.5,arm_freq_capped_now|currently_throttled|arm_freq_capped_occurred|throttling_occurred|soft_temp_limit_occurred,1,,17,39,drone-pi,aarch64,Raspberry Pi 5 Model B Rev 1.0,true,4
1,smollm2-360m-instruct-Q4_K_M-warmup,0123,566,,,end_of_speech,1047.071,,,,,,35.545,1011.526,,,,561.53,88.9,arm_freq_capped_now|currently_throttled|arm_freq_capped_occurred|throttling_occurred|soft_temp_limit_occurred,1,,24,40,drone-pi,aarch64,Raspberry Pi 5 Model B Rev 1.0,true,4
1,smollm2-360m-instruct-Q4_K_M-warmup,0144,567,,,end_of_speech,879.391,,,,,,352.517,526.874,,,,561.53,90.6,arm_freq_capped_now|currently_throttled|arm_freq_capped_occurred|throttling_occurred|soft_temp_limit_occurred,1,,14,39,drone-pi,aarch64,Raspberry Pi 5 Model B Rev 1.0,true,4
1,smollm2-360m-instruct-Q4_K_M-warmup,0057,568,,,end_of_speech,481.371,,,,,,266.597,214.774,,,,561.53,90.6,arm_freq_capped_now|currently_throttled|arm_freq_capped_occurred|throttling_occurred|soft_temp_limit_occurred,1,,7,33,drone-pi,aarch64,Raspberry Pi 5 Model B Rev 1.0,true,4
1,smollm2-360m-instruct-Q4_K_M-warmup,0083,569,,,end_of_speech,1264.191,,,,,,509.38,754.811,,,,561.53,88.9,arm_freq_capped_now|currently_throttled|arm_freq_capped_occurred|throttling_occurred|soft_temp_limit_occurred,1,,18,43,drone-pi,aarch64,Raspberry Pi 5 Model B Rev 1.0,true,4
1,smollm2-360m-instruct-Q4_K_M-warmup,0168,570,,,end_of_speech,457.654,,,,,,35.614,422.04,,,,561.53,90.6,arm_freq_capped_now|currently_throttled|arm_freq_capped_occurred|throttling_occurred|soft_temp_limit_occurred,1,,12,35,drone-pi,aarch64,Raspberry Pi 5 Model B Rev 1.0,true,4
1,smollm2-360m-instruct-Q4_K_M-warmup,0134,571,,,end_of_speech,797.051,,,,,,51.912,745.139,,,,561.53,88.9,arm_freq_capped_now|currently_throttled|arm_freq_capped_occurred|throttling_occurred|soft_temp_limit_occurred,1,,18,51,drone-pi,aarch64,Raspberry Pi 5 Model B Rev 1.0,true,4
1,smollm2-360m-instruct-Q4_K_M-warmup,0128,572,,,end_of_speech,1005.857,,,,,,46.314,959.543,,,,561.53,89.5,arm_freq_capped_now|currently_throttled|arm_freq_capped_occurred|throttling_occurred|soft_temp_limit_occurred,1,,23,45,drone-pi,aarch64,Raspberry Pi 5 Model B Rev 1.0,true,4
1,smollm2-360m-instruct-Q4_K_M-warmup,0092,573,,,end_of_speech,794.02,,,,,,51.638,742.382,,,,561.53,88.9,arm_freq_capped_now|currently_throttled|arm_freq_capped_occurred|throttling_occurred|soft_temp_limit_occurred,1,,18,37,drone-pi,aarch64,Raspberry Pi 5 Model B Rev 1.0,true,4
1,smollm2-360m-instruct-Q4_K_M-warmup,0120,574,,,end_of_speech,1021.984,,,,,,35.91,986.074,,,,561.53,90.0,arm_freq_capped_now|currently_throttled|arm_freq_capped_occurred|throttling_occurred|soft_temp_limit_occurred,1,,23,53,drone-pi,aarch64,Raspberry Pi 5 Model B Rev 1.0,true,4
1,smollm2-360m-instruct-Q4_K_M-warmup,0059,575,,,end_of_speech,966.602,,,,,,51.795,914.807,,,,561.53,90.6,arm_freq_capped_now|currently_throttled|arm_freq_capped_occurred|throttling_occurred|soft_temp_limit_occurred,1,,21,44,drone-pi,aarch64,Raspberry Pi 5 Model B Rev 1.0,true,4
1,smollm2-360m-instruct-Q4_K_M-warmup,0141,576,,,end_of_speech,1116.613,,,,,,51.93,1064.683,,,,561.53,90.0,arm_freq_capped_now|currently_throttled|arm_freq_capped_occurred|throttling_occurred|soft_temp_limit_occurred,1,,26,50,drone-pi,aarch64,Raspberry Pi 5 Model B Rev 1.0,true,4
1,smollm2-360m-instruct-Q4_K_M-warmup,0108,577,,,end_of_speech,650.779,,,,,,51.728,599.051,,,,561.53,90.0,arm_freq_capped_now|currently_throttled|arm_freq_capped_occurred|throttling_occurred|soft_temp_limit_occurred,1,,14,41,drone-pi,aarch64,Raspberry Pi 5 Model B Rev 1.0,true,4
1,smollm2-360m-instruct-Q4_K_M-warmup,0159,578,,,end_of_speech,878.975,,,,,,51.655,827.32,,,,561.53,89.5,arm_freq_capped_now|currently_throttled|arm_freq_capped_occurred|throttling_occurred|soft_temp_limit_occurred,1,,19,40,drone-pi,aarch64,Raspberry Pi 5 Model B Rev 1.0,true,4
1,smollm2-360m-instruct-Q4_K_M-warmup,0056,579,,,end_of_speech,753.865,,,,,,35.619,718.246,,,,561.53,88.9,arm_freq_capped_now|currently_throttled|arm_freq_capped_occurred|throttling_occurred|soft_temp_limit_occurred,1,,18,42,drone-pi,aarch64,Raspberry Pi 5 Model B Rev 1.0,true,4
1,smollm2-360m-instruct-Q4_K_M-warmup,0009,580,,,end_of_speech,643.259,,,,,,332.038,311.221,,,,561.53,88.9,arm_freq_capped_now|currently_throttled|arm_freq_capped_occurred|throttling_occurred|soft_temp_limit_occurred,1,,7,37,drone-pi,aarch64,Raspberry Pi 5 Model B Rev 1.0,true,4
1,smollm2-360m-instruct-Q4_K_M-warmup,0038,581,,,end_of_speech,2246.579,,,,,,892.036,1354.543,,,,561.53,88.9,arm_freq_capped_now|currently_throttled|arm_freq_capped_occurred|throttling_occurred|soft_temp_limit_occurred,1,,32,56,drone-pi,aarch64,Raspberry Pi 5 Model B Rev 1.0,true,4
1,smollm2-360m-instruct-Q4_K_M-warmup,0167,582,,,end_of_speech,751.668,,,,,,35.459,716.209,,,,561.53,88.9,arm_freq_capped_now|currently_throttled|arm_freq_capped_occurred|throttling_occurred|soft_temp_limit_occurred,1,,18,37,drone-pi,aarch64,Raspberry Pi 5 Model B Rev 1.0,true,4
1,smollm2-360m-instruct-Q4_K_M-warmup,0114,583,,,end_of_speech,1015.847,,,,,,35.73,980.117,,,,561.53,89.5,arm_freq_capped_now|currently_throttled|arm_freq_capped_occurred|throttling_occurred|soft_temp_limit_occurred,1,,23,46,drone-pi,aarch64,Raspberry Pi 5 Model B Rev 1.0,true,4
1,smollm2-360m-instruct-Q4_K_M-warmup,0145,584,,,end_of_speech,587.141,,,,,,306.382,280.759,,,,561.53,89.5,arm_freq_capped_now|currently_throttled|arm_freq_capped_occurred|throttling_occurred|soft_temp_limit_occurred,1,,8,34,drone-pi,aarch64,Raspberry Pi 5 Model B Rev 1.0,true,4
1,smollm2-360m-instruct-Q4_K_M-warmup,0137,585,,,end_of_speech,661.216,,,,,,350.035,311.181,,,,561.53,89.5,arm_freq_capped_now|currently_throttled|arm_freq_capped_occurred|throttling_occurred|soft_temp_limit_occurred,1,,7,37,drone-pi,aarch64,Raspberry Pi 5 Model B Rev 1.0,true,4
1,smollm2-360m-instruct-Q4_K_M-warmup,0020,586,,,end_of_speech,827.33,,,,,,364.377,462.953,,,,561.53,90.6,arm_freq_capped_now|currently_throttled|arm_freq_capped_occurred|throttling_occurred|soft_temp_limit_occurred,1,,12,36,drone-pi,aarch64,Raspberry Pi 5 Model B Rev 1.0,true,4
1,smollm2-360m-instruct-Q4_K_M-warmup,0080,587,,,end_of_speech,585.906,,,,,,320.771,265.135,,,,561.53,88.9,arm_freq_capped_now|currently_throttled|arm_freq_capped_occurred|throttling_occurred|soft_temp_limit_occurred,1,,7,33,drone-pi,aarch64,Raspberry Pi 5 Model B Rev 1.0,true,4
1,smollm2-360m-instruct-Q4_K_M-warmup,0069,588,,,end_of_speech,890.95,,,,,,364.249,526.701,,,,561.53,89.5,arm_freq_capped_now|currently_throttled|arm_freq_capped_occurred|throttling_occurred|soft_temp_limit_occurred,1,,14,36,drone-pi,aarch64,Raspberry Pi 5 Model B Rev 1.0,true,4
1,smollm2-360m-instruct-Q4_K_M-warmup,0047,589,,,end_of_speech,505.063,,,,,,35.521,469.542,,,,561.53,89.5,arm_freq_capped_now|currently_throttled|arm_freq_capped_occurred|throttling_occurred|soft_temp_limit_occurred,1,,13,40,drone-pi,aarch64,Raspberry Pi 5 Model B Rev 1.0,true,4
1,smollm2-360m-instruct-Q4_K_M-warmup,0050,590,,,end_of_speech,529.856,,,,,,35.645,494.211,,,,561.53,90.0,arm_freq_capped_now|currently_throttled|arm_freq_capped_occurred|throttling_occurred|soft_temp_limit_occurred,1,,14,39,drone-pi,aarch64,Raspberry Pi 5 Model B Rev 1.0,true,4
1,smollm2-360m-instruct-Q4_K_M-warmup,0172,591,,,end_of_speech,763.588,,,,,,51.798,711.79,,,,561.53,90.6,arm_freq_capped_now|currently_throttled|arm_freq_capped_occurred|throttling_occurred|soft_temp_limit_occurred,1,,18,41,drone-pi,aarch64,Raspberry Pi 5 Model B Rev 1.0,true,4
1,smollm2-360m-instruct-Q4_K_M-warmup,0076,592,,,end_of_speech,605.78,,,,,,51.509,554.271,,,,561.53,88.9,arm_freq_capped_now|currently_throttled|arm_freq_capped_occurred|throttling_occurred|soft_temp_limit_occurred,1,,13,34,drone-pi,aarch64,Raspberry Pi 5 Model B Rev 1.0,true,4
1,smollm2-360m-instruct-Q4_K_M-warmup,0180,593,,,end_of_speech,1150.307,,,,,,35.613,1114.694,,,,561.53,90.6,arm_freq_capped_now|currently_throttled|arm_freq_capped_occurred|throttling_occurred|soft_temp_limit_occurred,1,,25,42,drone-pi,aarch64,Raspberry Pi 5 Model B Rev 1.0,true,4
1,smollm2-360m-instruct-Q4_K_M-warmup,0064,594,,,end_of_speech,836.889,,,,,,279.201,557.688,,,,561.53,90.0,arm_freq_capped_now|currently_throttled|arm_freq_capped_occurred|throttling_occurred|soft_temp_limit_occurred,1,,14,34,drone-pi,aarch64,Raspberry Pi 5 Model B Rev 1.0,true,4
1,smollm2-360m-instruct-Q4_K_M-warmup,0022,595,,,end_of_speech,746.626,,,,,,51.518,695.108,,,,561.53,88.9,arm_freq_capped_now|currently_throttled|arm_freq_capped_occurred|throttling_occurred|soft_temp_limit_occurred,1,,18,34,drone-pi,aarch64,Raspberry Pi 5 Model B Rev 1.0,true,4
1,smollm2-360m-instruct-Q4_K_M-warmup,0149,596,,,end_of_speech,1064.839,,,,,,35.578,1029.261,,,,561.53,88.9,arm_freq_capped_now|currently_throttled|arm_freq_capped_occurred|throttling_occurred|soft_temp_limit_occurred,1,,24,38,drone-pi,aarch64,Raspberry Pi 5 Model B Rev 1.0,true,4
1,smollm2-360m-instruct-Q4_K_M-warmup,0169,597,,,end_of_speech,1083.344,,,,,,35.768,1047.576,,,,561.53,90.6,arm_freq_capped_now|currently_throttled|arm_freq_capped_occurred|throttling_occurred|soft_temp_limit_occurred,1,,25,44,drone-pi,aarch64,Raspberry Pi 5 Model B Rev 1.0,true,4
1,smollm2-360m-instruct-Q4_K_M-warmup,0152,598,,,end_of_speech,583.051,,,,,,51.671,531.38,,,,561.53,89.5,arm_freq_capped_now|currently_throttled|arm_freq_capped_occurred|throttling_occurred|soft_temp_limit_occurred,1,,13,39,drone-pi,aarch64,Raspberry Pi 5 Model B Rev 1.0,true,4
1,smollm2-360m-instruct-Q4_K_M-warmup,0010,599,,,end_of_speech,1396.635,,,,,,35.982,1360.653,,,,561.53,90.6,arm_freq_capped_now|currently_throttled|arm_freq_capped_occurred|throttling_occurred|soft_temp_limit_occurred,1,,31,55,drone-pi,aarch64,Raspberry Pi 5 Model B Rev 1.0,true,4
1,smollm2-360m-instruct-Q4_K_M-warmup,0151,600,,,end_of_speech,756.761,,,,,,51.873,704.888,,,,558.52,90.6,arm_freq_capped_now|currently_throttled|arm_freq_capped_occurred|throttling_occurred|soft_temp_limit_occurred,1,,17,38,drone-pi,aarch64,Raspberry Pi 5 Model B Rev 1.0,true,4
1,smollm2-360m-instruct-Q4_K_M-warmup,0162,601,,,end_of_speech,1098.823,,,,,,52.021,1046.802,,,,558.52,89.5,arm_freq_capped_now|currently_throttled|arm_freq_capped_occurred|throttling_occurred|soft_temp_limit_occurred,1,,23,52,drone-pi,aarch64,Raspberry Pi 5 Model B Rev 1.0,true,4
1,smollm2-360m-instruct-Q4_K_M-warmup,0182,602,,,end_of_speech,614.237,,,,,,331.141,283.096,,,,558.52,88.9,arm_freq_capped_now|currently_throttled|arm_freq_capped_occurred|throttling_occurred|soft_temp_limit_occurred,1,,7,36,drone-pi,aarch64,Raspberry Pi 5 Model B Rev 1.0,true,4
1,smollm2-360m-instruct-Q4_K_M-warmup,0072,603,,,end_of_speech,805.877,,,,,,312.483,493.394,,,,558.52,90.6,arm_freq_capped_now|currently_throttled|arm_freq_capped_occurred|throttling_occurred|soft_temp_limit_occurred,1,,13,33,drone-pi,aarch64,Raspberry Pi 5 Model B Rev 1.0,true,4
1,smollm2-360m-instruct-Q4_K_M-warmup,0033,604,,,end_of_speech,527.366,,,,,,51.462,475.904,,,,558.52,90.0,arm_freq_capped_now|currently_throttled|arm_freq_capped_occurred|throttling_occurred|soft_temp_limit_occurred,1,,12,38,drone-pi,aarch64,Raspberry Pi 5 Model B Rev 1.0,true,4
1,smollm2-360m-instruct-Q4_K_M-warmup,0116,605,,,end_of_speech,685.394,,,,,,51.73,633.664,,,,558.52,90.0,arm_freq_capped_now|currently_throttled|arm_freq_capped_occurred|throttling_occurred|soft_temp_limit_occurred,1,,15,44,drone-pi,aarch64,Raspberry Pi 5 Model B Rev 1.0,true,4
1,smollm2-360m-instruct-Q4_K_M-warmup,0105,606,,,end_of_speech,1072.606,,,,,,51.681,1020.925,,,,558.52,88.4,arm_freq_capped_now|currently_throttled|arm_freq_capped_occurred|throttling_occurred|soft_temp_limit_occurred,1,,24,40,drone-pi,aarch64,Raspberry Pi 5 Model B Rev 1.0,true,4
1,smollm2-360m-instruct-Q4_K_M-warmup,0089,607,,,end_of_speech,1662.594,,,,,,35.934,1626.66,,,,558.52,88.4,arm_freq_capped_now|currently_throttled|arm_freq_capped_occurred|throttling_occurred|soft_temp_limit_occurred,1,,36,58,drone-pi,aarch64,Raspberry Pi 5 Model B Rev 1.0,true,4
1,smollm2-360m-instruct-Q4_K_M-warmup,0062,608,,,end_of_speech,643.113,,,,,,35.511,607.602,,,,558.52,88.9,arm_freq_capped_now|currently_throttled|arm_freq_capped_occurred|throttling_occurred|soft_temp_limit_occurred,1,,15,37,drone-pi,aarch64,Raspberry Pi 5 Model B Rev 1.0,true,4
1,smollm2-360m-instruct-Q4_K_M-warmup,0113,609,,,end_of_speech,1397.634,,,,,,35.896,1361.738,,,,561.53,88.9,arm_freq_capped_now|currently_throttled|arm_freq_capped_occurred|throttling_occurred|soft_temp_limit_occurred,1,,34,47,drone-pi,aarch64,Raspberry Pi 5 Model B Rev 1.0,true,4
1,smollm2-360m-instruct-Q4_K_M-warmup,0193,610,,,end_of_speech,1080.733,,,,,,35.824,1044.909,,,,561.67,90.0,arm_freq_capped_now|currently_throttled|arm_freq_capped_occurred|throttling_occurred|soft_temp_limit_occurred,1,,24,48,drone-pi,aarch64,Raspberry Pi 5 Model B Rev 1.0,true,4
1,smollm2-360m-instruct-Q4_K_M-warmup,0006,611,,,end_of_speech,580.441,,,,,,347.158,233.283,,,,561.67,89.5,arm_freq_capped_now|currently_throttled|arm_freq_capped_occurred|throttling_occurred|soft_temp_limit_occurred,1,,7,33,drone-pi,aarch64,Raspberry Pi 5 Model B Rev 1.0,true,4
1,smollm2-360m-instruct-Q4_K_M-warmup,0196,612,,,end_of_speech,1077.359,,,,,,472.021,605.338,,,,561.67,89.5,arm_freq_capped_now|currently_throttled|arm_freq_capped_occurred|throttling_occurred|soft_temp_limit_occurred,1,,16,40,drone-pi,aarch64,Raspberry Pi 5 Model B Rev 1.0,true,4
1,smollm2-360m-instruct-Q4_K_M-warmup,0186,613,,,end_of_speech,1024.093,,,,,,35.449,988.644,,,,561.67,90.6,arm_freq_capped_now|currently_throttled|arm_freq_capped_occurred|throttling_occurred|soft_temp_limit_occurred,1,,24,41,drone-pi,aarch64,Raspberry Pi 5 Model B Rev 1.0,true,4
1,smollm2-360m-instruct-Q4_K_M-warmup,0075,614,,,end_of_speech,1268.206,,,,,,52.077,1216.129,,,,561.67,90.6,arm_freq_capped_now|currently_throttled|arm_freq_capped_occurred|throttling_occurred|soft_temp_limit_occurred,1,,29,54,drone-pi,aarch64,Raspberry Pi 5 Model B Rev 1.0,true,4
1,smollm2-360m-instruct-Q4_K_M-warmup,0131,615,,,end_of_speech,1105.661,,,,,,51.952,1053.709,,,,561.67,89.5,arm_freq_capped_now|currently_throttled|arm_freq_capped_occurred|throttling_occurred|soft_temp_limit_occurred,1,,24,48,drone-pi,aarch64,Raspberry Pi 5 Model B Rev 1.0,true,4
1,smollm2-360m-instruct-Q4_K_M-warmup,0121,616,,,end_of_speech,765.631,,,,,,251.604,514.027,,,,561.67,90.0,arm_freq_capped_now|currently_throttled|arm_freq_capped_occurred|throttling_occurred|soft_temp_limit_occurred,1,,14,32,drone-pi,aarch64,Raspberry Pi 5 Model B Rev 1.0,true,4
1,smollm2-360m-instruct-Q4_K_M-warmup,0101,617,,,end_of_speech,898.387,,,,,,51.92,846.467,,,,561.67,90.6,arm_freq_capped_now|currently_throttled|arm_freq_capped_occurred|throttling_occurred|soft_temp_limit_occurred,1,,20,41,drone-pi,aarch64,Raspberry Pi 5 Model B Rev 1.0,true,4
1,smollm2-360m-instruct-Q4_K_M-warmup,0032,618,,,end_of_speech,542.727,,,,,,312.821,229.906,,,,561.67,89.5,arm_freq_capped_now|currently_throttled|arm_freq_capped_occurred|throttling_occurred|soft_temp_limit_occurred,1,,7,32,drone-pi,aarch64,Raspberry Pi 5 Model B Rev 1.0,true,4
1,smollm2-360m-instruct-Q4_K_M-warmup,0018,619,,,end_of_speech,556.744,,,,,,311.078,245.666,,,,561.67,89.5,arm_freq_capped_now|currently_throttled|arm_freq_capped_occurred|throttling_occurred|soft_temp_limit_occurred,1,,7,35,drone-pi,aarch64,Raspberry Pi 5 Model B Rev 1.0,true,4
1,smollm2-360m-instruct-Q4_K_M-warmup,0049,620,,,end_of_speech,1649.174,,,,,,560.329,1088.845,,,,561.67,89.5,arm_freq_capped_now|currently_throttled|arm_freq_capped_occurred|throttling_occurred|soft_temp_limit_occurred,1,,27,44,drone-pi,aarch64,Raspberry Pi 5 Model B Rev 1.0,true,4
1,smollm2-360m-instruct-Q4_K_M-warmup,0065,621,,,end_of_speech,1329.061,,,,,,35.765,1293.296,,,,561.67,90.6,arm_freq_capped_now|currently_throttled|arm_freq_capped_occurred|throttling_occurred|soft_temp_limit_occurred,1,,30,52,drone-pi,aarch64,Raspberry Pi 5 Model B Rev 1.0,true,4
1,smollm2-360m-instruct-Q4_K_M,0151,0,,,end_of_speech,727.165,,,,,,51.829,675.336,,,,561.67,89.5,arm_freq_capped_now|currently_throttled|arm_freq_capped_occurred|throttling_occurred|soft_temp_limit_occurred,1,,17,38,drone-pi,aarch64,Raspberry Pi 5 Model B Rev 1.0,true,4
1,smollm2-360m-instruct-Q4_K_M,0162,1,,,end_of_speech,1066.995,,,,,,35.868,1031.127,,,,561.67,88.9,arm_freq_capped_now|currently_throttled|arm_freq_capped_occurred|throttling_occurred|soft_temp_limit_occurred,1,,23,52,drone-pi,aarch64,Raspberry Pi 5 Model B Rev 1.0,true,4
1,smollm2-360m-instruct-Q4_K_M,0182,2,,,end_of_speech,565.175,,,,,,300.585,264.59,,,,561.67,88.9,arm_freq_capped_now|currently_throttled|arm_freq_capped_occurred|throttling_occurred|soft_temp_limit_occurred,1,,7,36,drone-pi,aarch64,Raspberry Pi 5 Model B Rev 1.0,true,4
1,smollm2-360m-instruct-Q4_K_M,0072,3,,,end_of_speech,763.857,,,,,,272.49,491.367,,,,561.67,89.5,arm_freq_capped_now|currently_throttled|arm_freq_capped_occurred|throttling_occurred|soft_temp_limit_occurred,1,,13,33,drone-pi,aarch64,Raspberry Pi 5 Model B Rev 1.0,true,4
1,smollm2-360m-instruct-Q4_K_M,0033,4,,,end_of_speech,568.355,,,,,,51.571,516.784,,,,561.67,88.4,arm_freq_capped_now|currently_throttled|arm_freq_capped_occurred|throttling_occurred|soft_temp_limit_occurred,1,,12,38,drone-pi,aarch64,Raspberry Pi 5 Model B Rev 1.0,true,4
1,smollm2-360m-instruct-Q4_K_M,0116,5,,,end_of_speech,599.836,,,,,,35.789,564.047,,,,561.67,90.6,arm_freq_capped_now|currently_throttled|arm_freq_capped_occurred|throttling_occurred|soft_temp_limit_occurred,1,,15,44,drone-pi,aarch64,Raspberry Pi 5 Model B Rev 1.0,true,4
1,smollm2-360m-instruct-Q4_K_M,0105,6,,,end_of_speech,1036.8,,,,,,51.669,985.131,,,,561.67,89.5,arm_freq_capped_now|currently_throttled|arm_freq_capped_occurred|throttling_occurred|soft_temp_limit_occurred,1,,24,40,drone-pi,aarch64,Raspberry Pi 5 Model B Rev 1.0,true,4
1,smollm2-360m-instruct-Q4_K_M,0089,7,,,end_of_speech,1662.767,,,,,,36.066,1626.701,,,,561.67,88.9,arm_freq_capped_now|currently_throttled|arm_freq_capped_occurred|throttling_occurred|soft_temp_limit_occurred,1,,36,58,drone-pi,aarch64,Raspberry Pi 5 Model B Rev 1.0,true,4
1,smollm2-360m-instruct-Q4_K_M,0062,8,,,end_of_speech,689.484,,,,,,35.765,653.719,,,,561.67,88.9,arm_freq_capped_now|currently_throttled|arm_freq_capped_occurred|throttling_occurred|soft_temp_limit_occurred,1,,15,37,drone-pi,aarch64,Raspberry Pi 5 Model B Rev 1.0,true,4
1,smollm2-360m-instruct-Q4_K_M,0113,9,,,end_of_speech,1610.208,,,,,,35.854,1574.354,,,,561.67,88.4,arm_freq_capped_now|currently_throttled|arm_freq_capped_occurred|throttling_occurred|soft_temp_limit_occurred,1,,34,47,drone-pi,aarch64,Raspberry Pi 5 Model B Rev 1.0,true,4
1,smollm2-360m-instruct-Q4_K_M,0193,10,,,end_of_speech,954.728,,,,,,35.901,918.827,,,,561.66,90.0,arm_freq_capped_now|currently_throttled|arm_freq_capped_occurred|throttling_occurred|soft_temp_limit_occurred,1,,24,48,drone-pi,aarch64,Raspberry Pi 5 Model B Rev 1.0,true,4
1,smollm2-360m-instruct-Q4_K_M,0006,11,,,end_of_speech,571.745,,,,,,300.366,271.379,,,,561.66,90.0,arm_freq_capped_now|currently_throttled|arm_freq_capped_occurred|throttling_occurred|soft_temp_limit_occurred,1,,7,33,drone-pi,aarch64,Raspberry Pi 5 Model B Rev 1.0,true,4
1,smollm2-360m-instruct-Q4_K_M,0196,12,,,end_of_speech,1180.179,,,,,,516.699,663.48,,,,561.66,89.5,arm_freq_capped_now|currently_throttled|arm_freq_capped_occurred|throttling_occurred|soft_temp_limit_occurred,1,,16,40,drone-pi,aarch64,Raspberry Pi 5 Model B Rev 1.0,true,4
1,smollm2-360m-instruct-Q4_K_M,0186,13,,,end_of_speech,1118.205,,,,,,35.535,1082.67,,,,561.66,89.5,arm_freq_capped_now|currently_throttled|arm_freq_capped_occurred|throttling_occurred|soft_temp_limit_occurred,1,,24,41,drone-pi,aarch64,Raspberry Pi 5 Model B Rev 1.0,true,4
1,smollm2-360m-instruct-Q4_K_M,0075,14,,,end_of_speech,1288.715,,,,,,36.013,1252.702,,,,561.66,88.9,arm_freq_capped_now|currently_throttled|arm_freq_capped_occurred|throttling_occurred|soft_temp_limit_occurred,1,,29,54,drone-pi,aarch64,Raspberry Pi 5 Model B Rev 1.0,true,4
1,smollm2-360m-instruct-Q4_K_M,0131,15,,,end_of_speech,1019.045,,,,,,35.794,983.251,,,,561.66,89.5,arm_freq_capped_now|currently_throttled|arm_freq_capped_occurred|throttling_occurred|soft_temp_limit_occurred,1,,24,48,drone-pi,aarch64,Raspberry Pi 5 Model B Rev 1.0,true,4
1,smollm2-360m-instruct-Q4_K_M,0121,16,,,end_of_speech,589.896,,,,,,35.571,554.325,,,,561.66,89.5,arm_freq_capped_now|currently_throttled|arm_freq_capped_occurred|throttling_occurred|soft_temp_limit_occurred,1,,14,32,drone-pi,aarch64,Raspberry Pi 5 Model B Rev 1.0,true,4
1,smollm2-360m-instruct-Q4_K_M,0101,17,,,end_of_speech,839.177,,,,,,35.739,803.438,,,,561.66,90.6,arm_freq_capped_now|currently_throttled|arm_freq_capped_occurred|throttling_occurred|soft_temp_limit_occurred,1,,20,41,drone-pi,aarch64,Raspberry Pi 5 Model B Rev 1.0,true,4
1,smollm2-360m-instruct-Q4_K_M,0032,18,,,end_of_speech,523.1,,,,,,273.152,249.948,,,,561.66,89.5,arm_freq_capped_now|currently_throttled|arm_freq_capped_occurred|throttling_occurred|soft_temp_limit_occurred,1,,7,32,drone-pi,aarch64,Raspberry Pi 5 Model B Rev 1.0,true,4
1,smollm2-360m-instruct-Q4_K_M,0018,19,,,end_of_speech,628.58,,,,,,317.917,310.663,,,,561.66,90.6,arm_freq_capped_now|currently_throttled|arm_freq_capped_occurred|throttling_occurred|soft_temp_limit_occurred,1,,7,35,drone-pi,aarch64,Raspberry Pi 5 Model B Rev 1.0,true,4
1,smollm2-360m-instruct-Q4_K_M,0049,20,,,end_of_speech,1613.699,,,,,,536.387,1077.312,,,,561.66,90.6,arm_freq_capped_now|currently_throttled|arm_freq_capped_occurred|throttling_occurred|soft_temp_limit_occurred,1,,27,44,drone-pi,aarch64,Raspberry Pi 5 Model B Rev 1.0,true,4
1,smollm2-360m-instruct-Q4_K_M,0065,21,,,end_of_speech,1337.549,,,,,,51.826,1285.723,,,,561.66,89.5,arm_freq_capped_now|currently_throttled|arm_freq_capped_occurred|throttling_occurred|soft_temp_limit_occurred,1,,30,52,drone-pi,aarch64,Raspberry Pi 5 Model B Rev 1.0,true,4
1,smollm2-360m-instruct-Q4_K_M,0110,22,,,end_of_speech,1157.152,,,,,,35.84,1121.312,,,,561.66,91.1,arm_freq_capped_now|currently_throttled|arm_freq_capped_occurred|throttling_occurred|soft_temp_limit_occurred,1,,27,45,drone-pi,aarch64,Raspberry Pi 5 Model B Rev 1.0,true,4
1,smollm2-360m-instruct-Q4_K_M,0048,23,,,end_of_speech,525.894,,,,,,210.143,315.751,,,,561.66,89.5,arm_freq_capped_now|currently_throttled|arm_freq_capped_occurred|throttling_occurred|soft_temp_limit_occurred,1,,8,32,drone-pi,aarch64,Raspberry Pi 5 Model B Rev 1.0,true,4
1,smollm2-360m-instruct-Q4_K_M,0097,24,,,end_of_speech,719.871,,,,,,408.993,310.878,,,,561.66,89.5,arm_freq_capped_now|currently_throttled|arm_freq_capped_occurred|throttling_occurred|soft_temp_limit_occurred,1,,7,38,drone-pi,aarch64,Raspberry Pi 5 Model B Rev 1.0,true,4
1,smollm2-360m-instruct-Q4_K_M,0127,25,,,end_of_speech,1090.55,,,,,,391.463,699.087,,,,561.66,89.5,arm_freq_capped_now|currently_throttled|arm_freq_capped_occurred|throttling_occurred|soft_temp_limit_occurred,1,,17,39,drone-pi,aarch64,Raspberry Pi 5 Model B Rev 1.0,true,4
1,smollm2-360m-instruct-Q4_K_M,0123,26,,,end_of_speech,1067.146,,,,,,35.503,1031.643,,,,561.66,89.5,arm_freq_capped_now|currently_throttled|arm_freq_capped_occurred|throttling_occurred|soft_temp_limit_occurred,1,,24,40,drone-pi,aarch64,Raspberry Pi 5 Model B Rev 1.0,true,4
1,smollm2-360m-instruct-Q4_K_M,0144,27,,,end_of_speech,960.844,,,,,,426.076,534.768,,,,561.66,90.0,arm_freq_capped_now|currently_throttled|arm_freq_capped_occurred|throttling_occurred|soft_temp_limit_occurred,1,,14,39,drone-pi,aarch64,Raspberry Pi 5 Model B Rev 1.0,true,4
1,smollm2-360m-instruct-Q4_K_M,0057,28,,,end_of_speech,580.688,,,,,,307.004,273.684,,,,561.66,90.6,arm_freq_capped_now|currently_throttled|arm_freq_capped_occurred|throttling_occurred|soft_temp_limit_occurred,1,,7,33,drone-pi,aarch64,Raspberry Pi 5 Model B Rev 1.0,true,4
1,smollm2-360m-instruct-Q4_K_M,0083,29,,,end_of_speech,1269.185,,,,,,553.755,715.43,,,,561.66,89.5,arm_freq_capped_now|currently_throttled|arm_freq_capped_occurred|throttling_occurred|soft_temp_limit_occurred,1,,18,43,drone-pi,aarch64,Raspberry Pi 5 Model B Rev 1.0,true,4
1,smollm2-360m-instruct-Q4_K_M,0168,30,,,end_of_speech,520.602,,,,,,35.644,484.958,,,,561.66,89.5,arm_freq_capped_now|currently_throttled|arm_freq_capped_occurred|throttling_occurred|soft_temp_limit_occurred,1,,12,35,drone-pi,aarch64,Raspberry Pi 5 Model B Rev 1.0,true,4
1,smollm2-360m-instruct-Q4_K_M,0134,31,,,end_of_speech,766.506,,,,,,51.953,714.553,,,,561.66,90.0,arm_freq_capped_now|currently_throttled|arm_freq_capped_occurred|throttling_occurred|soft_temp_limit_occurred,1,,18,51,drone-pi,aarch64,Raspberry Pi 5 Model B Rev 1.0,true,4
1,smollm2-360m-instruct-Q4_K_M,0128,32,,,end_of_speech,1054.759,,,,,,51.848,1002.911,,,,561.66,89.5,arm_freq_capped_now|currently_throttled|arm_freq_capped_occurred|throttling_occurred|soft_temp_limit_occurred,1,,23,45,drone-pi,aarch64,Raspberry Pi 5 Model B Rev 1.0,true,4
1,smollm2-360m-instruct-Q4_K_M,0092,33,,,end_of_speech,786.065,,,,,,35.646,750.419,,,,561.66,88.9,arm_freq_capped_now|currently_throttled|arm_freq_capped_occurred|throttling_occurred|soft_temp_limit_occurred,1,,18,37,drone-pi,aarch64,Raspberry Pi 5 Model B Rev 1.0,true,4
1,smollm2-360m-instruct-Q4_K_M,0120,34,,,end_of_speech,953.442,,,,,,35.894,917.548,,,,561.66,89.5,arm_freq_capped_now|currently_throttled|arm_freq_capped_occurred|throttling_occurred|soft_temp_limit_occurred,1,,23,53,drone-pi,aarch64,Raspberry Pi 5 Model B Rev 1.0,true,4
1,smollm2-360m-instruct-Q4_K_M,0059,35,,,end_of_speech,893.597,,,,,,35.688,857.909,,,,561.66,89.5,arm_freq_capped_now|currently_throttled|arm_freq_capped_occurred|throttling_occurred|soft_temp_limit_occurred,1,,21,44,drone-pi,aarch64,Raspberry Pi 5 Model B Rev 1.0,true,4
1,smollm2-360m-instruct-Q4_K_M,0141,36,,,end_of_speech,1194.738,,,,,,35.89,1158.848,,,,561.66,88.9,arm_freq_capped_now|currently_throttled|arm_freq_capped_occurred|throttling_occurred|soft_temp_limit_occurred,1,,26,50,drone-pi,aarch64,Raspberry Pi 5 Model B Rev 1.0,true,4
1,smollm2-360m-instruct-Q4_K_M,0108,37,,,end_of_speech,623.558,,,,,,40.421,583.137,,,,561.66,88.4,arm_freq_capped_now|currently_throttled|arm_freq_capped_occurred|throttling_occurred|soft_temp_limit_occurred,1,,14,41,drone-pi,aarch64,Raspberry Pi 5 Model B Rev 1.0,true,4
1,smollm2-360m-instruct-Q4_K_M,0159,38,,,end_of_speech,829.461,,,,,,55.135,774.326,,,,561.66,90.0,arm_freq_capped_now|currently_throttled|arm_freq_capped_occurred|throttling_occurred|soft_temp_limit_occurred,1,,19,40,drone-pi,aarch64,Raspberry Pi 5 Model B Rev 1.0,true,4
1,smollm2-360m-instruct-Q4_K_M,0056,39,,,end_of_speech,794.821,,,,,,51.758,743.063,,,,561.66,89.5,arm_freq_capped_now|currently_throttled|arm_freq_capped_occurred|throttling_occurred|soft_temp_limit_occurred,1,,18,42,drone-pi,aarch64,Raspberry Pi 5 Model B Rev 1.0,true,4
1,smollm2-360m-instruct-Q4_K_M,0009,40,,,end_of_speech,600.307,,,,,,385.597,214.71,,,,561.66,91.1,arm_freq_capped_now|currently_throttled|arm_freq_capped_occurred|throttling_occurred|soft_temp_limit_occurred,1,,7,37,drone-pi,aarch64,Raspberry Pi 5 Model B Rev 1.0,true,4
1,smollm2-360m-instruct-Q4_K_M,0038,41,,,end_of_speech,2335.36,,,,,,948.146,1387.214,,,,561.66,89.5,arm_freq_capped_now|currently_throttled|arm_freq_capped_occurred|throttling_occurred|soft_temp_limit_occurred,1,,32,56,drone-pi,aarch64,Raspberry Pi 5 Model B Rev 1.0,true,4
1,smollm2-360m-instruct-Q4_K_M,0167,42,,,end_of_speech,798.421,,,,,,35.601,762.82,,,,561.66,89.5,arm_freq_capped_now|currently_throttled|arm_freq_capped_occurred|throttling_occurred|soft_temp_limit_occurred,1,,18,37,drone-pi,aarch64,Raspberry Pi 5 Model B Rev 1.0,true,4
1,smollm2-360m-instruct-Q4_K_M,0114,43,,,end_of_speech,992.606,,,,,,35.697,956.909,,,,561.66,90.6,arm_freq_capped_now|currently_throttled|arm_freq_capped_occurred|throttling_occurred|soft_temp_limit_occurred,1,,23,46,drone-pi,aarch64,Raspberry Pi 5 Model B Rev 1.0,true,4
1,smollm2-360m-instruct-Q4_K_M,0145,44,,,end_of_speech,623.218,,,,,,300.26,322.958,,,,561.66,89.5,arm_freq_capped_now|currently_throttled|arm_freq_capped_occurred|throttling_occurred|soft_temp_limit_occurred,1,,8,34,drone-pi,aarch64,Raspberry Pi 5 Model B Rev 1.0,true,4
1,smollm2-360m-instruct-Q4_K_M,0137,45,,,end_of_speech,579.563,,,,,,351.689,227.874,,,,561.66,89.5,arm_freq_capped_now|currently_throttled|arm_freq_capped_occurred|throttling_occurred|soft_temp_limit_occurred,1,,7,37,drone-pi,aarch64,Raspberry Pi 5 Model B Rev 1.0,true,4
1,smollm2-360m-instruct-Q4_K_M,0020,46,,,end_of_speech,818.345,,,,,,349.913,468.432,,,,561.66,90.0,arm_freq_capped_now|currently_throttled|arm_freq_capped_occurred|throttling_occurred|soft_temp_limit_occurred,1,,12,36,drone-pi,aarch64,Raspberry Pi 5 Model B Rev 1.0,true,4
1,smollm2-360m-instruct-Q4_K_M,0080,47,,,end_of_speech,522.718,,,,,,267.221,255.497,,,,561.66,90.6,arm_freq_capped_now|currently_throttled|arm_freq_capped_occurred|throttling_occurred|soft_temp_limit_occurred,1,,7,33,drone-pi,aarch64,Raspberry Pi 5 Model B Rev 1.0,true,4
1,smollm2-360m-instruct-Q4_K_M,0069,48,,,end_of_speech,979.424,,,,,,434.434,544.99,,,,561.66,88.9,arm_freq_capped_now|currently_throttled|arm_freq_capped_occurred|throttling_occurred|soft_temp_limit_occurred,1,,14,36,drone-pi,aarch64,Raspberry Pi 5 Model B Rev 1.0,true,4
1,smollm2-360m-instruct-Q4_K_M,0047,49,,,end_of_speech,538.52,,,,,,35.538,502.982,,,,561.66,90.0,arm_freq_capped_now|currently_throttled|arm_freq_capped_occurred|throttling_occurred|soft_temp_limit_occurred,1,,13,40,drone-pi,aarch64,Raspberry Pi 5 Model B Rev 1.0,true,4
1,smollm2-360m-instruct-Q4_K_M,0050,50,,,end_of_speech,561.554,,,,,,35.639,525.915,,,,561.66,89.5,arm_freq_capped_now|currently_throttled|arm_freq_capped_occurred|throttling_occurred|soft_temp_limit_occurred,1,,14,39,drone-pi,aarch64,Raspberry Pi 5 Model B Rev 1.0,true,4
1,smollm2-360m-instruct-Q4_K_M,0172,51,,,end_of_speech,736.663,,,,,,35.567,701.096,,,,561.66,88.9,arm_freq_capped_now|currently_throttled|arm_freq_capped_occurred|throttling_occurred|soft_temp_limit_occurred,1,,18,41,drone-pi,aarch64,Raspberry Pi 5 Model B Rev 1.0,true,4
1,smollm2-360m-instruct-Q4_K_M,0076,52,,,end_of_speech,550.547,,,,,,51.519,499.028,,,,561.66,91.1,arm_freq_capped_now|currently_throttled|arm_freq_capped_occurred|throttling_occurred|soft_temp_limit_occurred,1,,13,34,drone-pi,aarch64,Raspberry Pi 5 Model B Rev 1.0,true,4
1,smollm2-360m-instruct-Q4_K_M,0180,53,,,end_of_speech,1128.135,,,,,,51.762,1076.373,,,,561.66,89.5,arm_freq_capped_now|currently_throttled|arm_freq_capped_occurred|throttling_occurred|soft_temp_limit_occurred,1,,25,42,drone-pi,aarch64,Raspberry Pi 5 Model B Rev 1.0,true,4
1,smollm2-360m-instruct-Q4_K_M,0064,54,,,end_of_speech,814.592,,,,,,251.778,562.814,,,,561.66,89.5,arm_freq_capped_now|currently_throttled|arm_freq_capped_occurred|throttling_occurred|soft_temp_limit_occurred,1,,14,34,drone-pi,aarch64,Raspberry Pi 5 Model B Rev 1.0,true,4
1,smollm2-360m-instruct-Q4_K_M,0022,55,,,end_of_speech,752.381,,,,,,35.644,716.737,,,,561.66,89.5,arm_freq_capped_now|currently_throttled|arm_freq_capped_occurred|throttling_occurred|soft_temp_limit_occurred,1,,18,34,drone-pi,aarch64,Raspberry Pi 5 Model B Rev 1.0,true,4
1,smollm2-360m-instruct-Q4_K_M,0149,56,,,end_of_speech,1063.371,,,,,,35.658,1027.713,,,,561.66,88.9,arm_freq_capped_now|currently_throttled|arm_freq_capped_occurred|throttling_occurred|soft_temp_limit_occurred,1,,24,38,drone-pi,aarch64,Raspberry Pi 5 Model B Rev 1.0,true,4
1,smollm2-360m-instruct-Q4_K_M,0169,57,,,end_of_speech,1120.99,,,,,,35.688,1085.302,,,,561.66,90.6,arm_freq_capped_now|currently_throttled|arm_freq_capped_occurred|throttling_occurred|soft_temp_limit_occurred,1,,25,44,drone-pi,aarch64,Raspberry Pi 5 Model B Rev 1.0,true,4
1,smollm2-360m-instruct-Q4_K_M,0152,58,,,end_of_speech,626.46,,,,,,51.839,574.621,,,,561.66,88.9,arm_freq_capped_now|currently_throttled|arm_freq_capped_occurred|throttling_occurred|soft_temp_limit_occurred,1,,13,39,drone-pi,aarch64,Raspberry Pi 5 Model B Rev 1.0,true,4
1,smollm2-360m-instruct-Q4_K_M,0010,59,,,end_of_speech,1374.977,,,,,,36.037,1338.94,,,,561.66,90.0,arm_freq_capped_now|currently_throttled|arm_freq_capped_occurred|throttling_occurred|soft_temp_limit_occurred,1,,31,55,drone-pi,aarch64,Raspberry Pi 5 Model B Rev 1.0,true,4
