experiment,config,item_id,trial,correct,outcome,anchor,total_ms,onset_total_ms,capture_ms,wake_ms,vad_ms,stt_ms,slm_prefill_ms,slm_decode_ms,validate_ms,fsm_ms,bus_ms,peak_rss_mb,temperature_c,throttle_flags,throttled_now,note,tokens_predicted,tokens_evaluated,host_host,host_machine,host_model,host_is_pi,host_cores
1,llama-3.2-1b-instruct-Q4_K_M-warmup,0151,0,,,end_of_speech,1802.713,,,,,,866.816,935.897,,,,1637.58,52.1,clean,0,,14,58,drone-pi,aarch64,Raspberry Pi 5 Model B Rev 1.0,true,4
1,llama-3.2-1b-instruct-Q4_K_M-warmup,0162,1,,,end_of_speech,1871.421,,,,,,451.898,1419.523,,,,1637.75,53.8,clean,0,,21,72,drone-pi,aarch64,Raspberry Pi 5 Model B Rev 1.0,true,4
1,llama-3.2-1b-instruct-Q4_K_M-warmup,0182,2,,,end_of_speech,572.748,,,,,,218.508,354.24,,,,1637.86,54.3,clean,0,,6,56,drone-pi,aarch64,Raspberry Pi 5 Model B Rev 1.0,true,4
1,llama-3.2-1b-instruct-Q4_K_M-warmup,0072,3,,,end_of_speech,966.391,,,,,,188.066,778.325,,,,1637.97,53.8,clean,0,,12,53,drone-pi,aarch64,Raspberry Pi 5 Model B Rev 1.0,true,4
1,llama-3.2-1b-instruct-Q4_K_M-warmup,0033,4,,,end_of_speech,897.671,,,,,,262.383,635.288,,,,1638.05,54.9,clean,0,,10,58,drone-pi,aarch64,Raspberry Pi 5 Model B Rev 1.0,true,4
1,llama-3.2-1b-instruct-Q4_K_M-warmup,0116,5,,,end_of_speech,1447.797,,,,,,312.01,1135.787,,,,1638.06,55.4,clean,0,,17,63,drone-pi,aarch64,Raspberry Pi 5 Model B Rev 1.0,true,4
1,llama-3.2-1b-instruct-Q4_K_M-warmup,0105,6,,,end_of_speech,1555.155,,,,,,280.305,1274.85,,,,1638.08,56.5,clean,0,,19,60,drone-pi,aarch64,Raspberry Pi 5 Model B Rev 1.0,true,4
1,llama-3.2-1b-instruct-Q4_K_M-warmup,0089,7,,,end_of_speech,2250.263,,,,,,473.042,1777.221,,,,1638.09,57.1,clean,0,,26,75,drone-pi,aarch64,Raspberry Pi 5 Model B Rev 1.0,true,4
1,llama-3.2-1b-instruct-Q4_K_M-warmup,0062,8,,,end_of_speech,1017.611,,,,,,242.14,775.471,,,,1638.09,57.6,clean,0,,12,57,drone-pi,aarch64,Raspberry Pi 5 Model B Rev 1.0,true,4
1,llama-3.2-1b-instruct-Q4_K_M-warmup,0113,9,,,end_of_speech,2132.71,,,,,,359.225,1773.485,,,,1638.09,58.2,clean,0,,26,65,drone-pi,aarch64,Raspberry Pi 5 Model B Rev 1.0,true,4
1,llama-3.2-1b-instruct-Q4_K_M-warmup,0193,10,,,end_of_speech,1790.001,,,,,,372.169,1417.832,,,,1640.91,58.7,clean,0,,21,67,drone-pi,aarch64,Raspberry Pi 5 Model B Rev 1.0,true,4
1,llama-3.2-1b-instruct-Q4_K_M-warmup,0006,11,,,end_of_speech,540.68,,,,,,187.815,352.865,,,,1643.62,57.6,clean,0,,6,53,drone-pi,aarch64,Raspberry Pi 5 Model B Rev 1.0,true,4
1,llama-3.2-1b-instruct-Q4_K_M-warmup,0196,12,,,end_of_speech,1412.812,,,,,,280.641,1132.171,,,,1643.62,59.3,clean,0,,17,60,drone-pi,aarch64,Raspberry Pi 5 Model B Rev 1.0,true,4
1,llama-3.2-1b-instruct-Q4_K_M-warmup,0186,13,,,end_of_speech,1503.535,,,,,,301.091,1202.444,,,,1643.62,59.3,clean,0,,18,61,drone-pi,aarch64,Raspberry Pi 5 Model B Rev 1.0,true,4
1,llama-3.2-1b-instruct-Q4_K_M-warmup,0075,14,,,end_of_speech,2267.494,,,,,,492.617,1774.877,,,,1643.64,58.2,clean,0,,26,74,drone-pi,aarch64,Raspberry Pi 5 Model B Rev 1.0,true,4
1,llama-3.2-1b-instruct-Q4_K_M-warmup,0131,15,,,end_of_speech,1886.276,,,,,,389.102,1497.174,,,,1646.75,59.3,clean,0,,22,68,drone-pi,aarch64,Raspberry Pi 5 Model B Rev 1.0,true,4
1,llama-3.2-1b-instruct-Q4_K_M-warmup,0121,16,,,end_of_speech,943.793,,,,,,166.109,777.684,,,,1649.55,60.4,clean,0,,12,52,drone-pi,aarch64,Raspberry Pi 5 Model B Rev 1.0,true,4
1,llama-3.2-1b-instruct-Q4_K_M-warmup,0101,17,,,end_of_speech,1434.202,,,,,,301.462,1132.74,,,,1649.56,60.4,clean,0,,17,61,drone-pi,aarch64,Raspberry Pi 5 Model B Rev 1.0,true,4
1,llama-3.2-1b-instruct-Q4_K_M-warmup,0032,18,,,end_of_speech,518.686,,,,,,165.432,353.254,,,,1649.58,60.4,clean,0,,6,52,drone-pi,aarch64,Raspberry Pi 5 Model B Rev 1.0,true,4
1,llama-3.2-1b-instruct-Q4_K_M-warmup,0018,19,,,end_of_speech,562.849,,,,,,208.368,354.481,,,,1649.58,61.5,clean,0,,6,54,drone-pi,aarch64,Raspberry Pi 5 Model B Rev 1.0,true,4
1,llama-3.2-1b-instruct-Q4_K_M-warmup,0049,20,,,end_of_speech,1992.998,,,,,,360.049,1632.949,,,,1649.58,60.4,clean,0,,24,65,drone-pi,aarch64,Raspberry Pi 5 Model B Rev 1.0,true,4
1,llama-3.2-1b-instruct-Q4_K_M-warmup,0065,21,,,end_of_speech,2207.688,,,,,,431.9,1775.788,,,,1652.33,60.4,clean,0,,26,71,drone-pi,aarch64,Raspberry Pi 5 Model B Rev 1.0,true,4
1,llama-3.2-1b-instruct-Q4_K_M-warmup,0110,22,,,end_of_speech,2040.366,,,,,,368.036,1672.33,,,,1655.33,59.8,clean,0,,24,65,drone-pi,aarch64,Raspberry Pi 5 Model B Rev 1.0,true,4
1,llama-3.2-1b-instruct-Q4_K_M-warmup,0048,23,,,end_of_speech,496.64,,,,,,142.068,354.572,,,,1658.09,61.5,clean,0,,6,51,drone-pi,aarch64,Raspberry Pi 5 Model B Rev 1.0,true,4
1,llama-3.2-1b-instruct-Q4_K_M-warmup,0097,24,,,end_of_speech,572.253,,,,,,218.385,353.868,,,,1658.09,61.5,clean,0,,6,56,drone-pi,aarch64,Raspberry Pi 5 Model B Rev 1.0,true,4
1,llama-3.2-1b-instruct-Q4_K_M-warmup,0127,25,,,end_of_speech,1181.302,,,,,,260.145,921.157,,,,1658.09,61.5,clean,0,,14,59,drone-pi,aarch64,Raspberry Pi 5 Model B Rev 1.0,true,4
1,llama-3.2-1b-instruct-Q4_K_M-warmup,0123,26,,,end_of_speech,1556.496,,,,,,280.562,1275.934,,,,1658.09,62.6,clean,0,,19,60,drone-pi,aarch64,Raspberry Pi 5 Model B Rev 1.0,true,4
1,llama-3.2-1b-instruct-Q4_K_M-warmup,0144,27,,,end_of_speech,1041.641,,,,,,262.236,779.405,,,,1658.09,61.5,clean,0,,12,58,drone-pi,aarch64,Raspberry Pi 5 Model B Rev 1.0,true,4
1,llama-3.2-1b-instruct-Q4_K_M-warmup,0057,28,,,end_of_speech,562.238,,,,,,208.549,353.689,,,,1658.09,61.5,clean,0,,6,54,drone-pi,aarch64,Raspberry Pi 5 Model B Rev 1.0,true,4
1,llama-3.2-1b-instruct-Q4_K_M-warmup,0083,29,,,end_of_speech,1364.14,,,,,,301.39,1062.75,,,,1658.09,60.9,clean,0,,16,61,drone-pi,aarch64,Raspberry Pi 5 Model B Rev 1.0,true,4
1,llama-3.2-1b-instruct-Q4_K_M-warmup,0168,30,,,end_of_speech,835.951,,,,,,198.512,637.439,,,,1658.09,61.5,clean,0,,10,55,drone-pi,aarch64,Raspberry Pi 5 Model B Rev 1.0,true,4
1,llama-3.2-1b-instruct-Q4_K_M-warmup,0134,31,,,end_of_speech,1475.992,,,,,,411.735,1064.257,,,,1658.09,62.0,clean,0,,16,69,drone-pi,aarch64,Raspberry Pi 5 Model B Rev 1.0,true,4
1,llama-3.2-1b-instruct-Q4_K_M-warmup,0128,32,,,end_of_speech,1705.174,,,,,,359.523,1345.651,,,,1658.09,62.6,clean,0,,20,65,drone-pi,aarch64,Raspberry Pi 5 Model B Rev 1.0,true,4
1,llama-3.2-1b-instruct-Q4_K_M-warmup,0092,33,,,end_of_speech,1303.384,,,,,,241.772,1061.612,,,,1658.09,63.1,clean,0,,16,57,drone-pi,aarch64,Raspberry Pi 5 Model B Rev 1.0,true,4
1,llama-3.2-1b-instruct-Q4_K_M-warmup,0120,34,,,end_of_speech,1729.309,,,,,,451.025,1278.284,,,,1658.09,62.6,clean,0,,19,72,drone-pi,aarch64,Raspberry Pi 5 Model B Rev 1.0,true,4
1,llama-3.2-1b-instruct-Q4_K_M-warmup,0059,35,,,end_of_speech,1611.239,,,,,,334.37,1276.869,,,,1660.91,63.1,clean,0,,19,64,drone-pi,aarch64,Raspberry Pi 5 Model B Rev 1.0,true,4
1,llama-3.2-1b-instruct-Q4_K_M-warmup,0141,36,,,end_of_speech,1801.193,,,,,,432.669,1368.524,,,,1660.91,63.1,clean,0,,19,70,drone-pi,aarch64,Raspberry Pi 5 Model B Rev 1.0,true,4
1,llama-3.2-1b-instruct-Q4_K_M-warmup,0108,37,,,end_of_speech,1058.069,,,,,,280.224,777.845,,,,1663.66,64.2,clean,0,,12,60,drone-pi,aarch64,Raspberry Pi 5 Model B Rev 1.0,true,4
1,llama-3.2-1b-instruct-Q4_K_M-warmup,0159,38,,,end_of_speech,1410.016,,,,,,280.54,1129.476,,,,1663.66,62.6,clean,0,,17,60,drone-pi,aarch64,Raspberry Pi 5 Model B Rev 1.0,true,4
1,llama-3.2-1b-instruct-Q4_K_M-warmup,0056,39,,,end_of_speech,1360.79,,,,,,301.171,1059.619,,,,1663.66,63.7,clean,0,,16,61,drone-pi,aarch64,Raspberry Pi 5 Model B Rev 1.0,true,4
1,llama-3.2-1b-instruct-Q4_K_M-warmup,0009,40,,,end_of_speech,596.263,,,,,,241.802,354.461,,,,1663.66,65.3,clean,0,,6,57,drone-pi,aarch64,Raspberry Pi 5 Model B Rev 1.0,true,4
1,llama-3.2-1b-instruct-Q4_K_M-warmup,0038,41,,,end_of_speech,2222.167,,,,,,451.332,1770.835,,,,1663.66,64.2,clean,0,,26,72,drone-pi,aarch64,Raspberry Pi 5 Model B Rev 1.0,true,4
1,llama-3.2-1b-instruct-Q4_K_M-warmup,0167,42,,,end_of_speech,1301.395,,,,,,242.246,1059.149,,,,1666.69,59.8,clean,0,,16,57,drone-pi,aarch64,Raspberry Pi 5 Model B Rev 1.0,true,4
1,llama-3.2-1b-instruct-Q4_K_M-warmup,0114,43,,,end_of_speech,1714.177,,,,,,370.512,1343.665,,,,1666.69,63.1,clean,0,,20,67,drone-pi,aarch64,Raspberry Pi 5 Model B Rev 1.0,true,4
1,llama-3.2-1b-instruct-Q4_K_M-warmup,0145,44,,,end_of_speech,563.269,,,,,,209.124,354.145,,,,1666.69,63.1,clean,0,,6,54,drone-pi,aarch64,Raspberry Pi 5 Model B Rev 1.0,true,4
1,llama-3.2-1b-instruct-Q4_K_M-warmup,0137,45,,,end_of_speech,995.295,,,,,,218.205,777.09,,,,1666.69,64.8,clean,0,,12,57,drone-pi,aarch64,Raspberry Pi 5 Model B Rev 1.0,true,4
1,llama-3.2-1b-instruct-Q4_K_M-warmup,0020,46,,,end_of_speech,832.508,,,,,,198.467,634.041,,,,1666.69,63.7,clean,0,,10,55,drone-pi,aarch64,Raspberry Pi 5 Model B Rev 1.0,true,4
1,llama-3.2-1b-instruct-Q4_K_M-warmup,0080,47,,,end_of_speech,540.142,,,,,,187.226,352.916,,,,1666.69,63.7,clean,0,,6,53,drone-pi,aarch64,Raspberry Pi 5 Model B Rev 1.0,true,4
1,llama-3.2-1b-instruct-Q4_K_M-warmup,0069,48,,,end_of_speech,975.248,,,,,,198.083,777.165,,,,1666.69,64.2,clean,0,,12,55,drone-pi,aarch64,Raspberry Pi 5 Model B Rev 1.0,true,4
1,llama-3.2-1b-instruct-Q4_K_M-warmup,0047,49,,,end_of_speech,1058.225,,,,,,280.829,777.396,,,,1666.69,63.7,clean,0,,12,60,drone-pi,aarch64,Raspberry Pi 5 Model B Rev 1.0,true,4
1,llama-3.2-1b-instruct-Q4_K_M-warmup,0050,50,,,end_of_speech,1035.426,,,,,,260.069,775.357,,,,1666.7,63.7,clean,0,,12,59,drone-pi,aarch64,Raspberry Pi 5 Model B Rev 1.0,true,4
1,llama-3.2-1b-instruct-Q4_K_M-warmup,0172,51,,,end_of_speech,1362.554,,,,,,301.062,1061.492,,,,1666.7,63.7,clean,0,,16,61,drone-pi,aarch64,Raspberry Pi 5 Model B Rev 1.0,true,4
1,llama-3.2-1b-instruct-Q4_K_M-warmup,0076,52,,,end_of_speech,842.465,,,,,,208.876,633.589,,,,1666.7,64.8,clean,0,,10,54,drone-pi,aarch64,Raspberry Pi 5 Model B Rev 1.0,true,4
1,llama-3.2-1b-instruct-Q4_K_M-warmup,0180,53,,,end_of_speech,1784.681,,,,,,301.483,1483.198,,,,1666.72,64.2,clean,0,,22,61,drone-pi,aarch64,Raspberry Pi 5 Model B Rev 1.0,true,4
1,llama-3.2-1b-instruct-Q4_K_M-warmup,0064,54,,,end_of_speech,984.699,,,,,,208.57,776.129,,,,1666.72,64.2,clean,0,,12,54,drone-pi,aarch64,Raspberry Pi 5 Model B Rev 1.0,true,4
1,llama-3.2-1b-instruct-Q4_K_M-warmup,0022,55,,,end_of_speech,1264.839,,,,,,208.345,1056.494,,,,1666.72,65.3,clean,0,,16,54,drone-pi,aarch64,Raspberry Pi 5 Model B Rev 1.0,true,4
1,llama-3.2-1b-instruct-Q4_K_M-warmup,0149,56,,,end_of_speech,1747.089,,,,,,262.239,1484.85,,,,1666.73,63.7,clean,0,,22,58,drone-pi,aarch64,Raspberry Pi 5 Model B Rev 1.0,true,4
1,llama-3.2-1b-instruct-Q4_K_M-warmup,0169,57,,,end_of_speech,1658.767,,,,,,312.197,1346.57,,,,1666.75,64.8,clean,0,,20,63,drone-pi,aarch64,Raspberry Pi 5 Model B Rev 1.0,true,4
1,llama-3.2-1b-instruct-Q4_K_M-warmup,0152,58,,,end_of_speech,1036.071,,,,,,259.57,776.501,,,,1666.75,64.2,clean,0,,12,59,drone-pi,aarch64,Raspberry Pi 5 Model B Rev 1.0,true,4
1,llama-3.2-1b-instruct-Q4_K_M-warmup,0010,59,,,end_of_speech,2203.311,,,,,,433.55,1769.761,,,,1666.75,65.3,clean,0,,26,72,drone-pi,aarch64,Raspberry Pi 5 Model B Rev 1.0,true,4
1,llama-3.2-1b-instruct-Q4_K_M-warmup,0151,60,,,end_of_speech,1180.408,,,,,,262.971,917.437,,,,1669.78,66.4,clean,0,,14,58,drone-pi,aarch64,Raspberry Pi 5 Model B Rev 1.0,true,4
1,llama-3.2-1b-instruct-Q4_K_M-warmup,0162,61,,,end_of_speech,1867.995,,,,,,452.009,1415.986,,,,1669.78,65.9,clean,0,,21,72,drone-pi,aarch64,Raspberry Pi 5 Model B Rev 1.0,true,4
1,llama-3.2-1b-instruct-Q4_K_M-warmup,0182,62,,,end_of_speech,570.719,,,,,,218.233,352.486,,,,1669.78,65.3,clean,0,,6,56,drone-pi,aarch64,Raspberry Pi 5 Model B Rev 1.0,true,4
1,llama-3.2-1b-instruct-Q4_K_M-warmup,0072,63,,,end_of_speech,963.543,,,,,,187.608,775.935,,,,1669.78,66.4,clean,0,,12,53,drone-pi,aarch64,Raspberry Pi 5 Model B Rev 1.0,true,4
1,llama-3.2-1b-instruct-Q4_K_M-warmup,0033,64,,,end_of_speech,896.944,,,,,,262.263,634.681,,,,1669.8,65.3,clean,0,,10,58,drone-pi,aarch64,Raspberry Pi 5 Model B Rev 1.0,true,4
1,llama-3.2-1b-instruct-Q4_K_M-warmup,0116,65,,,end_of_speech,1443.859,,,,,,312.137,1131.722,,,,1669.8,65.3,clean,0,,17,63,drone-pi,aarch64,Raspberry Pi 5 Model B Rev 1.0,true,4
1,llama-3.2-1b-instruct-Q4_K_M-warmup,0105,66,,,end_of_speech,1552.063,,,,,,280.522,1271.541,,,,1669.8,67.0,clean,0,,19,60,drone-pi,aarch64,Raspberry Pi 5 Model B Rev 1.0,true,4
1,llama-3.2-1b-instruct-Q4_K_M-warmup,0089,67,,,end_of_speech,2246.457,,,,,,473.215,1773.242,,,,1669.8,67.0,clean,0,,26,75,drone-pi,aarch64,Raspberry Pi 5 Model B Rev 1.0,true,4
1,llama-3.2-1b-instruct-Q4_K_M-warmup,0062,68,,,end_of_speech,1018.818,,,,,,241.616,777.202,,,,1669.8,65.9,clean,0,,12,57,drone-pi,aarch64,Raspberry Pi 5 Model B Rev 1.0,true,4
1,llama-3.2-1b-instruct-Q4_K_M-warmup,0113,69,,,end_of_speech,2130.016,,,,,,359.48,1770.536,,,,1669.8,66.4,clean,0,,26,65,drone-pi,aarch64,Raspberry Pi 5 Model B Rev 1.0,true,4
1,llama-3.2-1b-instruct-Q4_K_M-warmup,0193,70,,,end_of_speech,1488.886,,,,,,71.282,1417.604,,,,1669.8,65.9,clean,0,,21,67,drone-pi,aarch64,Raspberry Pi 5 Model B Rev 1.0,true,4
1,llama-3.2-1b-instruct-Q4_K_M-warmup,0006,71,,,end_of_speech,540.231,,,,,,187.234,352.997,,,,1669.8,62.6,clean,0,,6,53,drone-pi,aarch64,Raspberry Pi 5 Model B Rev 1.0,true,4
1,llama-3.2-1b-instruct-Q4_K_M-warmup,0196,72,,,end_of_speech,1410.941,,,,,,280.483,1130.458,,,,1669.8,66.4,clean,0,,17,60,drone-pi,aarch64,Raspberry Pi 5 Model B Rev 1.0,true,4
1,llama-3.2-1b-instruct-Q4_K_M-warmup,0186,73,,,end_of_speech,1501.742,,,,,,300.842,1200.9,,,,1669.8,64.2,clean,0,,18,61,drone-pi,aarch64,Raspberry Pi 5 Model B Rev 1.0,true,4
1,llama-3.2-1b-instruct-Q4_K_M-warmup,0075,74,,,end_of_speech,2264.083,,,,,,492.552,1771.531,,,,1669.8,65.9,clean,0,,26,74,drone-pi,aarch64,Raspberry Pi 5 Model B Rev 1.0,true,4
1,llama-3.2-1b-instruct-Q4_K_M-warmup,0131,75,,,end_of_speech,1556.263,,,,,,71.161,1485.102,,,,1669.8,66.4,clean,0,,22,68,drone-pi,aarch64,Raspberry Pi 5 Model B Rev 1.0,true,4
1,llama-3.2-1b-instruct-Q4_K_M-warmup,0121,76,,,end_of_speech,940.671,,,,,,165.728,774.943,,,,1669.8,67.0,clean,0,,12,52,drone-pi,aarch64,Raspberry Pi 5 Model B Rev 1.0,true,4
1,llama-3.2-1b-instruct-Q4_K_M-warmup,0101,77,,,end_of_speech,1430.391,,,,,,301.005,1129.386,,,,1669.8,66.4,clean,0,,17,61,drone-pi,aarch64,Raspberry Pi 5 Model B Rev 1.0,true,4
1,llama-3.2-1b-instruct-Q4_K_M-warmup,0032,78,,,end_of_speech,518.575,,,,,,165.603,352.972,,,,1669.8,65.9,clean,0,,6,52,drone-pi,aarch64,Raspberry Pi 5 Model B Rev 1.0,true,4
1,llama-3.2-1b-instruct-Q4_K_M-warmup,0018,79,,,end_of_speech,560.599,,,,,,208.691,351.908,,,,1669.8,67.0,clean,0,,6,54,drone-pi,aarch64,Raspberry Pi 5 Model B Rev 1.0,true,4
1,llama-3.2-1b-instruct-Q4_K_M-warmup,0049,80,,,end_of_speech,1985.985,,,,,,359.476,1626.509,,,,1669.8,67.0,clean,0,,24,65,drone-pi,aarch64,Raspberry Pi 5 Model B Rev 1.0,true,4
1,llama-3.2-1b-instruct-Q4_K_M-warmup,0065,81,,,end_of_speech,1842.113,,,,,,71.86,1770.253,,,,1669.8,65.3,clean,0,,26,71,drone-pi,aarch64,Raspberry Pi 5 Model B Rev 1.0,true,4
1,llama-3.2-1b-instruct-Q4_K_M-warmup,0110,82,,,end_of_speech,1782.763,,,,,,71.329,1711.434,,,,1669.8,67.5,clean,0,,24,65,drone-pi,aarch64,Raspberry Pi 5 Model B Rev 1.0,true,4
1,llama-3.2-1b-instruct-Q4_K_M-warmup,0048,83,,,end_of_speech,495.579,,,,,,141.563,354.016,,,,1669.8,67.0,clean,0,,6,51,drone-pi,aarch64,Raspberry Pi 5 Model B Rev 1.0,true,4
1,llama-3.2-1b-instruct-Q4_K_M-warmup,0097,84,,,end_of_speech,573.012,,,,,,218.314,354.698,,,,1669.8,67.5,clean,0,,6,56,drone-pi,aarch64,Raspberry Pi 5 Model B Rev 1.0,true,4
1,llama-3.2-1b-instruct-Q4_K_M-warmup,0127,85,,,end_of_speech,1179.479,,,,,,260.054,919.425,,,,1669.8,67.0,clean,0,,14,59,drone-pi,aarch64,Raspberry Pi 5 Model B Rev 1.0,true,4
1,llama-3.2-1b-instruct-Q4_K_M-warmup,0123,86,,,end_of_speech,1551.93,,,,,,280.094,1271.836,,,,1669.8,63.1,clean,0,,19,60,drone-pi,aarch64,Raspberry Pi 5 Model B Rev 1.0,true,4
1,llama-3.2-1b-instruct-Q4_K_M-warmup,0144,87,,,end_of_speech,1038.229,,,,,,262.375,775.854,,,,1669.8,67.5,clean,0,,12,58,drone-pi,aarch64,Raspberry Pi 5 Model B Rev 1.0,true,4
1,llama-3.2-1b-instruct-Q4_K_M-warmup,0057,88,,,end_of_speech,561.682,,,,,,208.409,353.273,,,,1669.81,67.0,clean,0,,6,54,drone-pi,aarch64,Raspberry Pi 5 Model B Rev 1.0,true,4
1,llama-3.2-1b-instruct-Q4_K_M-warmup,0083,89,,,end_of_speech,1360.942,,,,,,301.058,1059.884,,,,1669.81,65.9,clean,0,,16,61,drone-pi,aarch64,Raspberry Pi 5 Model B Rev 1.0,true,4
1,llama-3.2-1b-instruct-Q4_K_M-warmup,0168,90,,,end_of_speech,833.945,,,,,,198.662,635.283,,,,1669.81,68.1,clean,0,,10,55,drone-pi,aarch64,Raspberry Pi 5 Model B Rev 1.0,true,4
1,llama-3.2-1b-instruct-Q4_K_M-warmup,0134,91,,,end_of_speech,1473.85,,,,,,411.781,1062.069,,,,1669.81,65.9,clean,0,,16,69,drone-pi,aarch64,Raspberry Pi 5 Model B Rev 1.0,true,4
1,llama-3.2-1b-instruct-Q4_K_M-warmup,0128,92,,,end_of_speech,1701.728,,,,,,358.623,1343.105,,,,1669.81,68.1,clean,0,,20,65,drone-pi,aarch64,Raspberry Pi 5 Model B Rev 1.0,true,4
1,llama-3.2-1b-instruct-Q4_K_M-warmup,0092,93,,,end_of_speech,1299.798,,,,,,241.828,1057.97,,,,1669.81,67.0,clean,0,,16,57,drone-pi,aarch64,Raspberry Pi 5 Model B Rev 1.0,true,4
1,llama-3.2-1b-instruct-Q4_K_M-warmup,0120,94,,,end_of_speech,1724.975,,,,,,452.11,1272.865,,,,1669.81,67.0,clean,0,,19,72,drone-pi,aarch64,Raspberry Pi 5 Model B Rev 1.0,true,4
1,llama-3.2-1b-instruct-Q4_K_M-warmup,0059,95,,,end_of_speech,1605.467,,,,,,334.614,1270.853,,,,1669.81,68.1,clean,0,,19,64,drone-pi,aarch64,Raspberry Pi 5 Model B Rev 1.0,true,4
1,llama-3.2-1b-instruct-Q4_K_M-warmup,0141,96,,,end_of_speech,1703.3,,,,,,432.821,1270.479,,,,1669.81,67.0,clean,0,,19,70,drone-pi,aarch64,Raspberry Pi 5 Model B Rev 1.0,true,4
1,llama-3.2-1b-instruct-Q4_K_M-warmup,0108,97,,,end_of_speech,1058.019,,,,,,280.897,777.122,,,,1669.81,66.4,clean,0,,12,60,drone-pi,aarch64,Raspberry Pi 5 Model B Rev 1.0,true,4
1,llama-3.2-1b-instruct-Q4_K_M-warmup,0159,98,,,end_of_speech,1410.115,,,,,,280.336,1129.779,,,,1669.81,66.4,clean,0,,17,60,drone-pi,aarch64,Raspberry Pi 5 Model B Rev 1.0,true,4
1,llama-3.2-1b-instruct-Q4_K_M-warmup,0056,99,,,end_of_speech,1359.878,,,,,,301.248,1058.63,,,,1669.81,66.4,clean,0,,16,61,drone-pi,aarch64,Raspberry Pi 5 Model B Rev 1.0,true,4
1,llama-3.2-1b-instruct-Q4_K_M-warmup,0009,100,,,end_of_speech,593.658,,,,,,242.028,351.63,,,,1669.81,68.1,clean,0,,6,57,drone-pi,aarch64,Raspberry Pi 5 Model B Rev 1.0,true,4
1,llama-3.2-1b-instruct-Q4_K_M-warmup,0038,101,,,end_of_speech,2223.91,,,,,,451.424,1772.486,,,,1669.81,67.5,clean,0,,26,72,drone-pi,aarch64,Raspberry Pi 5 Model B Rev 1.0,true,4
1,llama-3.2-1b-instruct-Q4_K_M-warmup,0167,102,,,end_of_speech,1299.47,,,,,,242.112,1057.358,,,,1669.81,67.5,clean,0,,16,57,drone-pi,aarch64,Raspberry Pi 5 Model B Rev 1.0,true,4
1,llama-3.2-1b-instruct-Q4_K_M-warmup,0114,103,,,end_of_speech,1714.226,,,,,,371.394,1342.832,,,,1669.81,66.4,clean,0,,20,67,drone-pi,aarch64,Raspberry Pi 5 Model B Rev 1.0,true,4
1,llama-3.2-1b-instruct-Q4_K_M-warmup,0145,104,,,end_of_speech,561.167,,,,,,208.753,352.414,,,,1669.81,67.5,clean,0,,6,54,drone-pi,aarch64,Raspberry Pi 5 Model B Rev 1.0,true,4
1,llama-3.2-1b-instruct-Q4_K_M-warmup,0137,105,,,end_of_speech,993.053,,,,,,218.52,774.533,,,,1669.81,65.9,clean,0,,12,57,drone-pi,aarch64,Raspberry Pi 5 Model B Rev 1.0,true,4
1,llama-3.2-1b-instruct-Q4_K_M-warmup,0020,106,,,end_of_speech,832.108,,,,,,198.206,633.902,,,,1669.81,68.1,clean,0,,10,55,drone-pi,aarch64,Raspberry Pi 5 Model B Rev 1.0,true,4
1,llama-3.2-1b-instruct-Q4_K_M-warmup,0080,107,,,end_of_speech,538.732,,,,,,187.311,351.421,,,,1669.81,68.1,clean,0,,6,53,drone-pi,aarch64,Raspberry Pi 5 Model B Rev 1.0,true,4
1,llama-3.2-1b-instruct-Q4_K_M-warmup,0069,108,,,end_of_speech,973.103,,,,,,198.375,774.728,,,,1669.81,68.1,clean,0,,12,55,drone-pi,aarch64,Raspberry Pi 5 Model B Rev 1.0,true,4
1,llama-3.2-1b-instruct-Q4_K_M-warmup,0047,109,,,end_of_speech,1054.441,,,,,,280.526,773.915,,,,1669.81,67.5,clean,0,,12,60,drone-pi,aarch64,Raspberry Pi 5 Model B Rev 1.0,true,4
1,llama-3.2-1b-instruct-Q4_K_M-warmup,0050,110,,,end_of_speech,1034.332,,,,,,259.775,774.557,,,,1669.81,66.4,clean,0,,12,59,drone-pi,aarch64,Raspberry Pi 5 Model B Rev 1.0,true,4
1,llama-3.2-1b-instruct-Q4_K_M-warmup,0172,111,,,end_of_speech,1360.334,,,,,,301.263,1059.071,,,,1669.81,68.1,clean,0,,16,61,drone-pi,aarch64,Raspberry Pi 5 Model B Rev 1.0,true,4
1,llama-3.2-1b-instruct-Q4_K_M-warmup,0076,112,,,end_of_speech,844.356,,,,,,208.9,635.456,,,,1669.81,66.4,clean,0,,10,54,drone-pi,aarch64,Raspberry Pi 5 Model B Rev 1.0,true,4
1,llama-3.2-1b-instruct-Q4_K_M-warmup,0180,113,,,end_of_speech,1786.066,,,,,,301.611,1484.455,,,,1669.81,67.5,clean,0,,22,61,drone-pi,aarch64,Raspberry Pi 5 Model B Rev 1.0,true,4
1,llama-3.2-1b-instruct-Q4_K_M-warmup,0064,114,,,end_of_speech,981.044,,,,,,208.711,772.333,,,,1669.81,67.0,clean,0,,12,54,drone-pi,aarch64,Raspberry Pi 5 Model B Rev 1.0,true,4
1,llama-3.2-1b-instruct-Q4_K_M-warmup,0022,115,,,end_of_speech,1265.089,,,,,,208.939,1056.15,,,,1669.81,68.1,clean,0,,16,54,drone-pi,aarch64,Raspberry Pi 5 Model B Rev 1.0,true,4
1,llama-3.2-1b-instruct-Q4_K_M-warmup,0149,116,,,end_of_speech,1744.522,,,,,,262.476,1482.046,,,,1669.81,68.1,clean,0,,22,58,drone-pi,aarch64,Raspberry Pi 5 Model B Rev 1.0,true,4
1,llama-3.2-1b-instruct-Q4_K_M-warmup,0169,117,,,end_of_speech,1653.408,,,,,,312.359,1341.049,,,,1669.81,66.4,clean,0,,20,63,drone-pi,aarch64,Raspberry Pi 5 Model B Rev 1.0,true,4
1,llama-3.2-1b-instruct-Q4_K_M-warmup,0152,118,,,end_of_speech,1035.646,,,,,,259.783,775.863,,,,1669.81,67.5,clean,0,,12,59,drone-pi,aarch64,Raspberry Pi 5 Model B Rev 1.0,true,4
1,llama-3.2-1b-instruct-Q4_K_M-warmup,0010,119,,,end_of_speech,2201.178,,,,,,433.643,1767.535,,,,1669.81,67.5,clean,0,,26,72,drone-pi,aarch64,Raspberry Pi 5 Model B Rev 1.0,true,4
1,llama-3.2-1b-instruct-Q4_K_M-warmup,0151,120,,,end_of_speech,1178.503,,,,,,262.57,915.933,,,,1669.81,67.5,clean,0,,14,58,drone-pi,aarch64,Raspberry Pi 5 Model B Rev 1.0,true,4
1,llama-3.2-1b-instruct-Q4_K_M-warmup,0162,121,,,end_of_speech,1865.35,,,,,,451.32,1414.03,,,,1669.81,66.4,clean,0,,21,72,drone-pi,aarch64,Raspberry Pi 5 Model B Rev 1.0,true,4
1,llama-3.2-1b-instruct-Q4_K_M-warmup,0182,122,,,end_of_speech,569.982,,,,,,217.749,352.233,,,,1669.81,67.0,clean,0,,6,56,drone-pi,aarch64,Raspberry Pi 5 Model B Rev 1.0,true,4
1,llama-3.2-1b-instruct-Q4_K_M-warmup,0072,123,,,end_of_speech,960.095,,,,,,187.61,772.485,,,,1669.81,68.1,clean,0,,12,53,drone-pi,aarch64,Raspberry Pi 5 Model B Rev 1.0,true,4
1,llama-3.2-1b-instruct-Q4_K_M-warmup,0033,124,,,end_of_speech,896.206,,,,,,262.515,633.691,,,,1669.81,68.1,clean,0,,10,58,drone-pi,aarch64,Raspberry Pi 5 Model B Rev 1.0,true,4
1,llama-3.2-1b-instruct-Q4_K_M-warmup,0116,125,,,end_of_speech,1440.98,,,,,,312.448,1128.532,,,,1669.81,67.0,clean,0,,17,63,drone-pi,aarch64,Raspberry Pi 5 Model B Rev 1.0,true,4
1,llama-3.2-1b-instruct-Q4_K_M-warmup,0105,126,,,end_of_speech,1552.532,,,,,,280.701,1271.831,,,,1669.81,67.0,clean,0,,19,60,drone-pi,aarch64,Raspberry Pi 5 Model B Rev 1.0,true,4
1,llama-3.2-1b-instruct-Q4_K_M-warmup,0089,127,,,end_of_speech,2241.33,,,,,,473.364,1767.966,,,,1669.81,68.1,clean,0,,26,75,drone-pi,aarch64,Raspberry Pi 5 Model B Rev 1.0,true,4
1,llama-3.2-1b-instruct-Q4_K_M-warmup,0062,128,,,end_of_speech,1015.988,,,,,,241.141,774.847,,,,1669.81,67.5,clean,0,,12,57,drone-pi,aarch64,Raspberry Pi 5 Model B Rev 1.0,true,4
1,llama-3.2-1b-instruct-Q4_K_M-warmup,0113,129,,,end_of_speech,2183.133,,,,,,357.337,1825.796,,,,1669.81,67.0,clean,0,,26,65,drone-pi,aarch64,Raspberry Pi 5 Model B Rev 1.0,true,4
1,llama-3.2-1b-instruct-Q4_K_M-warmup,0193,130,,,end_of_speech,1516.671,,,,,,75.689,1440.982,,,,1669.81,67.0,clean,0,,21,67,drone-pi,aarch64,Raspberry Pi 5 Model B Rev 1.0,true,4
1,llama-3.2-1b-instruct-Q4_K_M-warmup,0006,131,,,end_of_speech,538.99,,,,,,187.91,351.08,,,,1669.81,67.5,clean,0,,6,53,drone-pi,aarch64,Raspberry Pi 5 Model B Rev 1.0,true,4
1,llama-3.2-1b-instruct-Q4_K_M-warmup,0196,132,,,end_of_speech,1408.992,,,,,,280.345,1128.647,,,,1669.81,68.1,clean,0,,17,60,drone-pi,aarch64,Raspberry Pi 5 Model B Rev 1.0,true,4
1,llama-3.2-1b-instruct-Q4_K_M-warmup,0186,133,,,end_of_speech,1501.422,,,,,,301.779,1199.643,,,,1669.81,68.1,clean,0,,18,61,drone-pi,aarch64,Raspberry Pi 5 Model B Rev 1.0,true,4
1,llama-3.2-1b-instruct-Q4_K_M-warmup,0075,134,,,end_of_speech,2261.079,,,,,,492.444,1768.635,,,,1669.81,66.4,clean,0,,26,74,drone-pi,aarch64,Raspberry Pi 5 Model B Rev 1.0,true,4
1,llama-3.2-1b-instruct-Q4_K_M-warmup,0131,135,,,end_of_speech,1552.788,,,,,,71.589,1481.199,,,,1669.81,68.1,clean,0,,22,68,drone-pi,aarch64,Raspberry Pi 5 Model B Rev 1.0,true,4
1,llama-3.2-1b-instruct-Q4_K_M-warmup,0121,136,,,end_of_speech,939.948,,,,,,165.58,774.368,,,,1669.81,68.6,clean,0,,12,52,drone-pi,aarch64,Raspberry Pi 5 Model B Rev 1.0,true,4
1,llama-3.2-1b-instruct-Q4_K_M-warmup,0101,137,,,end_of_speech,1431.74,,,,,,301.179,1130.561,,,,1669.81,66.4,clean,0,,17,61,drone-pi,aarch64,Raspberry Pi 5 Model B Rev 1.0,true,4
1,llama-3.2-1b-instruct-Q4_K_M-warmup,0032,138,,,end_of_speech,516.895,,,,,,165.642,351.253,,,,1669.81,66.4,clean,0,,6,52,drone-pi,aarch64,Raspberry Pi 5 Model B Rev 1.0,true,4
1,llama-3.2-1b-instruct-Q4_K_M-warmup,0018,139,,,end_of_speech,560.491,,,,,,208.264,352.227,,,,1669.81,67.0,clean,0,,6,54,drone-pi,aarch64,Raspberry Pi 5 Model B Rev 1.0,true,4
1,llama-3.2-1b-instruct-Q4_K_M-warmup,0049,140,,,end_of_speech,1983.968,,,,,,358.643,1625.325,,,,1669.81,67.5,clean,0,,24,65,drone-pi,aarch64,Raspberry Pi 5 Model B Rev 1.0,true,4
1,llama-3.2-1b-instruct-Q4_K_M-warmup,0065,141,,,end_of_speech,1840.612,,,,,,71.658,1768.954,,,,1669.81,67.0,clean,0,,26,71,drone-pi,aarch64,Raspberry Pi 5 Model B Rev 1.0,true,4
1,llama-3.2-1b-instruct-Q4_K_M-warmup,0110,142,,,end_of_speech,1696.461,,,,,,71.137,1625.324,,,,1669.81,66.4,clean,0,,24,65,drone-pi,aarch64,Raspberry Pi 5 Model B Rev 1.0,true,4
1,llama-3.2-1b-instruct-Q4_K_M-warmup,0048,143,,,end_of_speech,494.773,,,,,,142.018,352.755,,,,1669.81,68.1,clean,0,,6,51,drone-pi,aarch64,Raspberry Pi 5 Model B Rev 1.0,true,4
1,llama-3.2-1b-instruct-Q4_K_M-warmup,0097,144,,,end_of_speech,571.164,,,,,,218.192,352.972,,,,1669.81,68.1,clean,0,,6,56,drone-pi,aarch64,Raspberry Pi 5 Model B Rev 1.0,true,4
1,llama-3.2-1b-instruct-Q4_K_M-warmup,0127,145,,,end_of_speech,1178.871,,,,,,259.713,919.158,,,,1669.81,67.0,clean,0,,14,59,drone-pi,aarch64,Raspberry Pi 5 Model B Rev 1.0,true,4
1,llama-3.2-1b-instruct-Q4_K_M-warmup,0123,146,,,end_of_speech,1551.217,,,,,,281.087,1270.13,,,,1669.81,67.0,clean,0,,19,60,drone-pi,aarch64,Raspberry Pi 5 Model B Rev 1.0,true,4
1,llama-3.2-1b-instruct-Q4_K_M-warmup,0144,147,,,end_of_speech,1036.345,,,,,,262.226,774.119,,,,1669.81,68.6,clean,0,,12,58,drone-pi,aarch64,Raspberry Pi 5 Model B Rev 1.0,true,4
1,llama-3.2-1b-instruct-Q4_K_M-warmup,0057,148,,,end_of_speech,560.025,,,,,,209.115,350.91,,,,1669.81,67.5,clean,0,,6,54,drone-pi,aarch64,Raspberry Pi 5 Model B Rev 1.0,true,4
1,llama-3.2-1b-instruct-Q4_K_M-warmup,0083,149,,,end_of_speech,1360.443,,,,,,301.093,1059.35,,,,1669.81,68.6,clean,0,,16,61,drone-pi,aarch64,Raspberry Pi 5 Model B Rev 1.0,true,4
1,llama-3.2-1b-instruct-Q4_K_M-warmup,0168,150,,,end_of_speech,831.058,,,,,,198.203,632.855,,,,1669.81,67.5,clean,0,,10,55,drone-pi,aarch64,Raspberry Pi 5 Model B Rev 1.0,true,4
1,llama-3.2-1b-instruct-Q4_K_M-warmup,0134,151,,,end_of_speech,1470.581,,,,,,411.992,1058.589,,,,1669.81,67.0,clean,0,,16,69,drone-pi,aarch64,Raspberry Pi 5 Model B Rev 1.0,true,4
1,llama-3.2-1b-instruct-Q4_K_M-warmup,0128,152,,,end_of_speech,1701.653,,,,,,359.607,1342.046,,,,1669.81,67.0,clean,0,,20,65,drone-pi,aarch64,Raspberry Pi 5 Model B Rev 1.0,true,4
1,llama-3.2-1b-instruct-Q4_K_M-warmup,0092,153,,,end_of_speech,1299.143,,,,,,242.109,1057.034,,,,1669.81,68.1,clean,0,,16,57,drone-pi,aarch64,Raspberry Pi 5 Model B Rev 1.0,true,4
1,llama-3.2-1b-instruct-Q4_K_M-warmup,0120,154,,,end_of_speech,1725.157,,,,,,451.325,1273.832,,,,1669.81,67.0,clean,0,,19,72,drone-pi,aarch64,Raspberry Pi 5 Model B Rev 1.0,true,4
1,llama-3.2-1b-instruct-Q4_K_M-warmup,0059,155,,,end_of_speech,1608.983,,,,,,334.012,1274.971,,,,1669.81,66.4,clean,0,,19,64,drone-pi,aarch64,Raspberry Pi 5 Model B Rev 1.0,true,4
1,llama-3.2-1b-instruct-Q4_K_M-warmup,0141,156,,,end_of_speech,1708.216,,,,,,433.135,1275.081,,,,1669.81,69.2,clean,0,,19,70,drone-pi,aarch64,Raspberry Pi 5 Model B Rev 1.0,true,4
1,llama-3.2-1b-instruct-Q4_K_M-warmup,0108,157,,,end_of_speech,1057.172,,,,,,280.584,776.588,,,,1669.81,67.0,clean,0,,12,60,drone-pi,aarch64,Raspberry Pi 5 Model B Rev 1.0,true,4
1,llama-3.2-1b-instruct-Q4_K_M-warmup,0159,158,,,end_of_speech,1412.609,,,,,,280.938,1131.671,,,,1669.81,66.4,clean,0,,17,60,drone-pi,aarch64,Raspberry Pi 5 Model B Rev 1.0,true,4
1,llama-3.2-1b-instruct-Q4_K_M-warmup,0056,159,,,end_of_speech,1360.517,,,,,,301.253,1059.264,,,,1669.81,67.0,clean,0,,16,61,drone-pi,aarch64,Raspberry Pi 5 Model B Rev 1.0,true,4
1,llama-3.2-1b-instruct-Q4_K_M-warmup,0009,160,,,end_of_speech,593.267,,,,,,241.342,351.925,,,,1669.81,67.0,clean,0,,6,57,drone-pi,aarch64,Raspberry Pi 5 Model B Rev 1.0,true,4
1,llama-3.2-1b-instruct-Q4_K_M-warmup,0038,161,,,end_of_speech,2247.704,,,,,,451.224,1796.48,,,,1669.81,68.6,clean,0,,26,72,drone-pi,aarch64,Raspberry Pi 5 Model B Rev 1.0,true,4
1,llama-3.2-1b-instruct-Q4_K_M-warmup,0167,162,,,end_of_speech,1299.716,,,,,,241.242,1058.474,,,,1669.81,63.7,clean,0,,16,57,drone-pi,aarch64,Raspberry Pi 5 Model B Rev 1.0,true,4
1,llama-3.2-1b-instruct-Q4_K_M-warmup,0114,163,,,end_of_speech,1713.573,,,,,,371.135,1342.438,,,,1669.81,67.0,clean,0,,20,67,drone-pi,aarch64,Raspberry Pi 5 Model B Rev 1.0,true,4
1,llama-3.2-1b-instruct-Q4_K_M-warmup,0145,164,,,end_of_speech,560.218,,,,,,209.503,350.715,,,,1669.81,69.2,clean,0,,6,54,drone-pi,aarch64,Raspberry Pi 5 Model B Rev 1.0,true,4
1,llama-3.2-1b-instruct-Q4_K_M-warmup,0137,165,,,end_of_speech,992.405,,,,,,217.938,774.467,,,,1669.81,68.6,clean,0,,12,57,drone-pi,aarch64,Raspberry Pi 5 Model B Rev 1.0,true,4
1,llama-3.2-1b-instruct-Q4_K_M-warmup,0020,166,,,end_of_speech,833.335,,,,,,198.147,635.188,,,,1669.81,68.1,clean,0,,10,55,drone-pi,aarch64,Raspberry Pi 5 Model B Rev 1.0,true,4
1,llama-3.2-1b-instruct-Q4_K_M-warmup,0080,167,,,end_of_speech,539.686,,,,,,187.669,352.017,,,,1669.81,67.5,clean,0,,6,53,drone-pi,aarch64,Raspberry Pi 5 Model B Rev 1.0,true,4
1,llama-3.2-1b-instruct-Q4_K_M-warmup,0069,168,,,end_of_speech,970.679,,,,,,198.014,772.665,,,,1669.81,69.2,clean,0,,12,55,drone-pi,aarch64,Raspberry Pi 5 Model B Rev 1.0,true,4
1,llama-3.2-1b-instruct-Q4_K_M-warmup,0047,169,,,end_of_speech,1056.725,,,,,,281.073,775.652,,,,1669.81,68.1,clean,0,,12,60,drone-pi,aarch64,Raspberry Pi 5 Model B Rev 1.0,true,4
1,llama-3.2-1b-instruct-Q4_K_M-warmup,0050,170,,,end_of_speech,1032.711,,,,,,259.909,772.802,,,,1669.81,67.5,clean,0,,12,59,drone-pi,aarch64,Raspberry Pi 5 Model B Rev 1.0,true,4
1,llama-3.2-1b-instruct-Q4_K_M-warmup,0172,171,,,end_of_speech,1360.864,,,,,,301.444,1059.42,,,,1669.81,68.1,clean,0,,16,61,drone-pi,aarch64,Raspberry Pi 5 Model B Rev 1.0,true,4
1,llama-3.2-1b-instruct-Q4_K_M-warmup,0076,172,,,end_of_speech,842.084,,,,,,208.794,633.29,,,,1669.81,67.5,clean,0,,10,54,drone-pi,aarch64,Raspberry Pi 5 Model B Rev 1.0,true,4
1,llama-3.2-1b-instruct-Q4_K_M-warmup,0180,173,,,end_of_speech,1782.455,,,,,,301.558,1480.897,,,,1669.81,68.6,clean,0,,22,61,drone-pi,aarch64,Raspberry Pi 5 Model B Rev 1.0,true,4
1,llama-3.2-1b-instruct-Q4_K_M-warmup,0064,174,,,end_of_speech,980.457,,,,,,208.375,772.082,,,,1669.81,69.2,clean,0,,12,54,drone-pi,aarch64,Raspberry Pi 5 Model B Rev 1.0,true,4
1,llama-3.2-1b-instruct-Q4_K_M-warmup,0022,175,,,end_of_speech,1266.935,,,,,,208.818,1058.117,,,,1669.81,67.0,clean,0,,16,54,drone-pi,aarch64,Raspberry Pi 5 Model B Rev 1.0,true,4
1,llama-3.2-1b-instruct-Q4_K_M-warmup,0149,176,,,end_of_speech,1745.212,,,,,,262.371,1482.841,,,,1669.81,67.5,clean,0,,22,58,drone-pi,aarch64,Raspberry Pi 5 Model B Rev 1.0,true,4
1,llama-3.2-1b-instruct-Q4_K_M-warmup,0169,177,,,end_of_speech,1748.27,,,,,,312.231,1436.039,,,,1669.81,67.0,clean,0,,20,63,drone-pi,aarch64,Raspberry Pi 5 Model B Rev 1.0,true,4
1,llama-3.2-1b-instruct-Q4_K_M-warmup,0152,178,,,end_of_speech,1046.249,,,,,,268.783,777.466,,,,1669.81,67.5,clean,0,,12,59,drone-pi,aarch64,Raspberry Pi 5 Model B Rev 1.0,true,4
1,llama-3.2-1b-instruct-Q4_K_M-warmup,0010,179,,,end_of_speech,2205.285,,,,,,433.539,1771.746,,,,1669.81,67.5,clean,0,,26,72,drone-pi,aarch64,Raspberry Pi 5 Model B Rev 1.0,true,4
1,llama-3.2-1b-instruct-Q4_K_M-warmup,0151,180,,,end_of_speech,1180.884,,,,,,263.072,917.812,,,,1669.81,69.2,clean,0,,14,58,drone-pi,aarch64,Raspberry Pi 5 Model B Rev 1.0,true,4
1,llama-3.2-1b-instruct-Q4_K_M-warmup,0162,181,,,end_of_speech,1871.613,,,,,,452.142,1419.471,,,,1669.81,68.1,clean,0,,21,72,drone-pi,aarch64,Raspberry Pi 5 Model B Rev 1.0,true,4
1,llama-3.2-1b-instruct-Q4_K_M-warmup,0182,182,,,end_of_speech,572.661,,,,,,218.063,354.598,,,,1669.81,67.5,clean,0,,6,56,drone-pi,aarch64,Raspberry Pi 5 Model B Rev 1.0,true,4
1,llama-3.2-1b-instruct-Q4_K_M-warmup,0072,183,,,end_of_speech,963.838,,,,,,187.437,776.401,,,,1669.81,69.2,clean,0,,12,53,drone-pi,aarch64,Raspberry Pi 5 Model B Rev 1.0,true,4
1,llama-3.2-1b-instruct-Q4_K_M-warmup,0033,184,,,end_of_speech,897.544,,,,,,262.261,635.283,,,,1669.81,67.5,clean,0,,10,58,drone-pi,aarch64,Raspberry Pi 5 Model B Rev 1.0,true,4
1,llama-3.2-1b-instruct-Q4_K_M-warmup,0116,185,,,end_of_speech,1443.96,,,,,,311.933,1132.027,,,,1669.81,68.1,clean,0,,17,63,drone-pi,aarch64,Raspberry Pi 5 Model B Rev 1.0,true,4
1,llama-3.2-1b-instruct-Q4_K_M-warmup,0105,186,,,end_of_speech,1554.142,,,,,,280.857,1273.285,,,,1669.81,67.5,clean,0,,19,60,drone-pi,aarch64,Raspberry Pi 5 Model B Rev 1.0,true,4
1,llama-3.2-1b-instruct-Q4_K_M-warmup,0089,187,,,end_of_speech,2248.913,,,,,,474.054,1774.859,,,,1669.81,67.5,clean,0,,26,75,drone-pi,aarch64,Raspberry Pi 5 Model B Rev 1.0,true,4
1,llama-3.2-1b-instruct-Q4_K_M-warmup,0062,188,,,end_of_speech,1017.263,,,,,,241.735,775.528,,,,1669.81,65.3,clean,0,,12,57,drone-pi,aarch64,Raspberry Pi 5 Model B Rev 1.0,true,4
1,llama-3.2-1b-instruct-Q4_K_M-warmup,0113,189,,,end_of_speech,2132.973,,,,,,359.886,1773.087,,,,1669.81,68.1,clean,0,,26,65,drone-pi,aarch64,Raspberry Pi 5 Model B Rev 1.0,true,4
1,llama-3.2-1b-instruct-Q4_K_M-warmup,0193,190,,,end_of_speech,1489.179,,,,,,71.75,1417.429,,,,1669.81,68.6,clean,0,,21,67,drone-pi,aarch64,Raspberry Pi 5 Model B Rev 1.0,true,4
1,llama-3.2-1b-instruct-Q4_K_M-warmup,0006,191,,,end_of_speech,540.761,,,,,,187.88,352.881,,,,1669.81,68.6,clean,0,,6,53,drone-pi,aarch64,Raspberry Pi 5 Model B Rev 1.0,true,4
1,llama-3.2-1b-instruct-Q4_K_M-warmup,0196,192,,,end_of_speech,1411.333,,,,,,280.768,1130.565,,,,1669.81,68.6,clean,0,,17,60,drone-pi,aarch64,Raspberry Pi 5 Model B Rev 1.0,true,4
1,llama-3.2-1b-instruct-Q4_K_M-warmup,0186,193,,,end_of_speech,1505.925,,,,,,301.01,1204.915,,,,1669.81,67.5,clean,0,,18,61,drone-pi,aarch64,Raspberry Pi 5 Model B Rev 1.0,true,4
1,llama-3.2-1b-instruct-Q4_K_M-warmup,0075,194,,,end_of_speech,2269.162,,,,,,493.313,1775.849,,,,1669.81,68.1,clean,0,,26,74,drone-pi,aarch64,Raspberry Pi 5 Model B Rev 1.0,true,4
1,llama-3.2-1b-instruct-Q4_K_M-warmup,0131,195,,,end_of_speech,1560.659,,,,,,71.646,1489.013,,,,1669.81,67.0,clean,0,,22,68,drone-pi,aarch64,Raspberry Pi 5 Model B Rev 1.0,true,4
1,llama-3.2-1b-instruct-Q4_K_M-warmup,0121,196,,,end_of_speech,941.241,,,,,,165.853,775.388,,,,1669.81,69.2,clean,0,,12,52,drone-pi,aarch64,Raspberry Pi 5 Model B Rev 1.0,true,4
1,llama-3.2-1b-instruct-Q4_K_M-warmup,0101,197,,,end_of_speech,1432.894,,,,,,301.166,1131.728,,,,1669.81,68.1,clean,0,,17,61,drone-pi,aarch64,Raspberry Pi 5 Model B Rev 1.0,true,4
1,llama-3.2-1b-instruct-Q4_K_M-warmup,0032,198,,,end_of_speech,519.315,,,,,,166.362,352.953,,,,1669.81,67.5,clean,0,,6,52,drone-pi,aarch64,Raspberry Pi 5 Model B Rev 1.0,true,4
1,llama-3.2-1b-instruct-Q4_K_M-warmup,0018,199,,,end_of_speech,561.279,,,,,,208.866,352.413,,,,1669.81,68.6,clean,0,,6,54,drone-pi,aarch64,Raspberry Pi 5 Model B Rev 1.0,true,4
1,llama-3.2-1b-instruct-Q4_K_M-warmup,0049,200,,,end_of_speech,1986.957,,,,,,359.273,1627.684,,,,1669.81,69.2,clean,0,,24,65,drone-pi,aarch64,Raspberry Pi 5 Model B Rev 1.0,true,4
1,llama-3.2-1b-instruct-Q4_K_M-warmup,0065,201,,,end_of_speech,1842.222,,,,,,71.084,1771.138,,,,1669.81,67.5,clean,0,,26,71,drone-pi,aarch64,Raspberry Pi 5 Model B Rev 1.0,true,4
1,llama-3.2-1b-instruct-Q4_K_M-warmup,0110,202,,,end_of_speech,1700.009,,,,,,72.132,1627.877,,,,1669.81,67.0,clean,0,,24,65,drone-pi,aarch64,Raspberry Pi 5 Model B Rev 1.0,true,4
1,llama-3.2-1b-instruct-Q4_K_M-warmup,0048,203,,,end_of_speech,496.373,,,,,,141.932,354.441,,,,1669.81,68.1,clean,0,,6,51,drone-pi,aarch64,Raspberry Pi 5 Model B Rev 1.0,true,4
1,llama-3.2-1b-instruct-Q4_K_M-warmup,0097,204,,,end_of_speech,572.408,,,,,,217.763,354.645,,,,1669.81,68.6,clean,0,,6,56,drone-pi,aarch64,Raspberry Pi 5 Model B Rev 1.0,true,4
1,llama-3.2-1b-instruct-Q4_K_M-warmup,0127,205,,,end_of_speech,1178.876,,,,,,260.192,918.684,,,,1669.81,69.2,clean,0,,14,59,drone-pi,aarch64,Raspberry Pi 5 Model B Rev 1.0,true,4
1,llama-3.2-1b-instruct-Q4_K_M-warmup,0123,206,,,end_of_speech,1554.936,,,,,,280.601,1274.335,,,,1669.81,69.2,clean,0,,19,60,drone-pi,aarch64,Raspberry Pi 5 Model B Rev 1.0,true,4
1,llama-3.2-1b-instruct-Q4_K_M-warmup,0144,207,,,end_of_speech,1037.137,,,,,,262.212,774.925,,,,1669.81,68.1,clean,0,,12,58,drone-pi,aarch64,Raspberry Pi 5 Model B Rev 1.0,true,4
1,llama-3.2-1b-instruct-Q4_K_M-warmup,0057,208,,,end_of_speech,563.901,,,,,,209.363,354.538,,,,1669.81,68.6,clean,0,,6,54,drone-pi,aarch64,Raspberry Pi 5 Model B Rev 1.0,true,4
1,llama-3.2-1b-instruct-Q4_K_M-warmup,0083,209,,,end_of_speech,1363.49,,,,,,301.7,1061.79,,,,1669.81,68.6,clean,0,,16,61,drone-pi,aarch64,Raspberry Pi 5 Model B Rev 1.0,true,4
1,llama-3.2-1b-instruct-Q4_K_M-warmup,0168,210,,,end_of_speech,851.787,,,,,,212.34,639.447,,,,1669.81,69.7,clean,0,,10,55,drone-pi,aarch64,Raspberry Pi 5 Model B Rev 1.0,true,4
1,llama-3.2-1b-instruct-Q4_K_M-warmup,0134,211,,,end_of_speech,1474.056,,,,,,411.618,1062.438,,,,1669.81,68.6,clean,0,,16,69,drone-pi,aarch64,Raspberry Pi 5 Model B Rev 1.0,true,4
1,llama-3.2-1b-instruct-Q4_K_M-warmup,0128,212,,,end_of_speech,1707.142,,,,,,359.782,1347.36,,,,1669.81,68.1,clean,0,,20,65,drone-pi,aarch64,Raspberry Pi 5 Model B Rev 1.0,true,4
1,llama-3.2-1b-instruct-Q4_K_M-warmup,0092,213,,,end_of_speech,1304.297,,,,,,242.105,1062.192,,,,1669.81,68.1,clean,0,,16,57,drone-pi,aarch64,Raspberry Pi 5 Model B Rev 1.0,true,4
1,llama-3.2-1b-instruct-Q4_K_M-warmup,0120,214,,,end_of_speech,1730.532,,,,,,452.208,1278.324,,,,1669.81,67.5,clean,0,,19,72,drone-pi,aarch64,Raspberry Pi 5 Model B Rev 1.0,true,4
1,llama-3.2-1b-instruct-Q4_K_M-warmup,0059,215,,,end_of_speech,1611.746,,,,,,333.985,1277.761,,,,1669.81,69.2,clean,0,,19,64,drone-pi,aarch64,Raspberry Pi 5 Model B Rev 1.0,true,4
1,llama-3.2-1b-instruct-Q4_K_M-warmup,0141,216,,,end_of_speech,1708.633,,,,,,432.843,1275.79,,,,1669.81,68.1,clean,0,,19,70,drone-pi,aarch64,Raspberry Pi 5 Model B Rev 1.0,true,4
1,llama-3.2-1b-instruct-Q4_K_M-warmup,0108,217,,,end_of_speech,1056.818,,,,,,280.822,775.996,,,,1669.81,68.1,clean,0,,12,60,drone-pi,aarch64,Raspberry Pi 5 Model B Rev 1.0,true,4
1,llama-3.2-1b-instruct-Q4_K_M-warmup,0159,218,,,end_of_speech,1412.614,,,,,,281.032,1131.582,,,,1669.81,67.5,clean,0,,17,60,drone-pi,aarch64,Raspberry Pi 5 Model B Rev 1.0,true,4
1,llama-3.2-1b-instruct-Q4_K_M-warmup,0056,219,,,end_of_speech,1365.843,,,,,,301.488,1064.355,,,,1669.81,68.6,clean,0,,16,61,drone-pi,aarch64,Raspberry Pi 5 Model B Rev 1.0,true,4
1,llama-3.2-1b-instruct-Q4_K_M-warmup,0009,220,,,end_of_speech,593.325,,,,,,241.512,351.813,,,,1669.81,68.1,clean,0,,6,57,drone-pi,aarch64,Raspberry Pi 5 Model B Rev 1.0,true,4
1,llama-3.2-1b-instruct-Q4_K_M-warmup,0038,221,,,end_of_speech,2223.008,,,,,,452.009,1770.999,,,,1669.81,68.1,clean,0,,26,72,drone-pi,aarch64,Raspberry Pi 5 Model B Rev 1.0,true,4
1,llama-3.2-1b-instruct-Q4_K_M-warmup,0167,222,,,end_of_speech,1376.94,,,,,,241.682,1135.258,,,,1669.81,68.1,clean,0,,16,57,drone-pi,aarch64,Raspberry Pi 5 Model B Rev 1.0,true,4
1,llama-3.2-1b-instruct-Q4_K_M-warmup,0114,223,,,end_of_speech,1731.402,,,,,,384.027,1347.375,,,,1669.81,69.2,clean,0,,20,67,drone-pi,aarch64,Raspberry Pi 5 Model B Rev 1.0,true,4
1,llama-3.2-1b-instruct-Q4_K_M-warmup,0145,224,,,end_of_speech,561.223,,,,,,209.078,352.145,,,,1669.81,68.1,clean,0,,6,54,drone-pi,aarch64,Raspberry Pi 5 Model B Rev 1.0,true,4
1,llama-3.2-1b-instruct-Q4_K_M-warmup,0137,225,,,end_of_speech,997.06,,,,,,218.807,778.253,,,,1669.81,69.2,clean,0,,12,57,drone-pi,aarch64,Raspberry Pi 5 Model B Rev 1.0,true,4
1,llama-3.2-1b-instruct-Q4_K_M-warmup,0020,226,,,end_of_speech,832.588,,,,,,198.088,634.5,,,,1669.81,69.2,clean,0,,10,55,drone-pi,aarch64,Raspberry Pi 5 Model B Rev 1.0,true,4
1,llama-3.2-1b-instruct-Q4_K_M-warmup,0080,227,,,end_of_speech,539.98,,,,,,187.517,352.463,,,,1669.81,69.2,clean,0,,6,53,drone-pi,aarch64,Raspberry Pi 5 Model B Rev 1.0,true,4
1,llama-3.2-1b-instruct-Q4_K_M-warmup,0069,228,,,end_of_speech,983.614,,,,,,198.535,785.079,,,,1669.81,68.1,clean,0,,12,55,drone-pi,aarch64,Raspberry Pi 5 Model B Rev 1.0,true,4
1,llama-3.2-1b-instruct-Q4_K_M-warmup,0047,229,,,end_of_speech,1077.721,,,,,,297.987,779.734,,,,1669.81,69.2,clean,0,,12,60,drone-pi,aarch64,Raspberry Pi 5 Model B Rev 1.0,true,4
1,llama-3.2-1b-instruct-Q4_K_M-warmup,0050,230,,,end_of_speech,1036.608,,,,,,259.682,776.926,,,,1669.81,68.1,clean,0,,12,59,drone-pi,aarch64,Raspberry Pi 5 Model B Rev 1.0,true,4
1,llama-3.2-1b-instruct-Q4_K_M-warmup,0172,231,,,end_of_speech,1362.346,,,,,,300.904,1061.442,,,,1669.81,68.6,clean,0,,16,61,drone-pi,aarch64,Raspberry Pi 5 Model B Rev 1.0,true,4
1,llama-3.2-1b-instruct-Q4_K_M-warmup,0076,232,,,end_of_speech,845.255,,,,,,208.767,636.488,,,,1669.81,69.7,clean,0,,10,54,drone-pi,aarch64,Raspberry Pi 5 Model B Rev 1.0,true,4
1,llama-3.2-1b-instruct-Q4_K_M-warmup,0180,233,,,end_of_speech,1790.59,,,,,,301.144,1489.446,,,,1669.81,69.7,clean,0,,22,61,drone-pi,aarch64,Raspberry Pi 5 Model B Rev 1.0,true,4
1,llama-3.2-1b-instruct-Q4_K_M-warmup,0064,234,,,end_of_speech,984.83,,,,,,209.359,775.471,,,,1669.81,69.2,clean,0,,12,54,drone-pi,aarch64,Raspberry Pi 5 Model B Rev 1.0,true,4
1,llama-3.2-1b-instruct-Q4_K_M-warmup,0022,235,,,end_of_speech,1270.923,,,,,,208.681,1062.242,,,,1669.81,67.0,clean,0,,16,54,drone-pi,aarch64,Raspberry Pi 5 Model B Rev 1.0,true,4
1,llama-3.2-1b-instruct-Q4_K_M-warmup,0149,236,,,end_of_speech,1748.696,,,,,,262.538,1486.158,,,,1669.81,69.2,clean,0,,22,58,drone-pi,aarch64,Raspberry Pi 5 Model B Rev 1.0,true,4
1,llama-3.2-1b-instruct-Q4_K_M-warmup,0169,237,,,end_of_speech,1657.634,,,,,,312.648,1344.986,,,,1669.81,68.1,clean,0,,20,63,drone-pi,aarch64,Raspberry Pi 5 Model B Rev 1.0,true,4
1,llama-3.2-1b-instruct-Q4_K_M-warmup,0152,238,,,end_of_speech,1037.568,,,,,,259.986,777.582,,,,1669.81,69.2,clean,0,,12,59,drone-pi,aarch64,Raspberry Pi 5 Model B Rev 1.0,true,4
1,llama-3.2-1b-instruct-Q4_K_M-warmup,0010,239,,,end_of_speech,2208.35,,,,,,433.621,1774.729,,,,1669.81,67.5,clean,0,,26,72,drone-pi,aarch64,Raspberry Pi 5 Model B Rev 1.0,true,4
1,llama-3.2-1b-instruct-Q4_K_M-warmup,0151,240,,,end_of_speech,1182.778,,,,,,262.248,920.53,,,,1669.81,68.6,clean,0,,14,58,drone-pi,aarch64,Raspberry Pi 5 Model B Rev 1.0,true,4
1,llama-3.2-1b-instruct-Q4_K_M-warmup,0162,241,,,end_of_speech,1869.941,,,,,,451.763,1418.178,,,,1669.81,69.7,clean,0,,21,72,drone-pi,aarch64,Raspberry Pi 5 Model B Rev 1.0,true,4
1,llama-3.2-1b-instruct-Q4_K_M-warmup,0182,242,,,end_of_speech,572.922,,,,,,218.405,354.517,,,,1669.81,69.7,clean,0,,6,56,drone-pi,aarch64,Raspberry Pi 5 Model B Rev 1.0,true,4
1,llama-3.2-1b-instruct-Q4_K_M-warmup,0072,243,,,end_of_speech,964.232,,,,,,187.722,776.51,,,,1669.81,69.2,clean,0,,12,53,drone-pi,aarch64,Raspberry Pi 5 Model B Rev 1.0,true,4
1,llama-3.2-1b-instruct-Q4_K_M-warmup,0033,244,,,end_of_speech,898.327,,,,,,262.736,635.591,,,,1669.81,68.6,clean,0,,10,58,drone-pi,aarch64,Raspberry Pi 5 Model B Rev 1.0,true,4
1,llama-3.2-1b-instruct-Q4_K_M-warmup,0116,245,,,end_of_speech,1448.891,,,,,,312.136,1136.755,,,,1669.81,68.6,clean,0,,17,63,drone-pi,aarch64,Raspberry Pi 5 Model B Rev 1.0,true,4
1,llama-3.2-1b-instruct-Q4_K_M-warmup,0105,246,,,end_of_speech,1553.589,,,,,,280.768,1272.821,,,,1669.81,69.7,clean,0,,19,60,drone-pi,aarch64,Raspberry Pi 5 Model B Rev 1.0,true,4
1,llama-3.2-1b-instruct-Q4_K_M-warmup,0089,247,,,end_of_speech,2248.582,,,,,,473.697,1774.885,,,,1669.81,68.1,clean,0,,26,75,drone-pi,aarch64,Raspberry Pi 5 Model B Rev 1.0,true,4
1,llama-3.2-1b-instruct-Q4_K_M-warmup,0062,248,,,end_of_speech,1015.939,,,,,,241.524,774.415,,,,1669.81,69.7,clean,0,,12,57,drone-pi,aarch64,Raspberry Pi 5 Model B Rev 1.0,true,4
1,llama-3.2-1b-instruct-Q4_K_M-warmup,0113,249,,,end_of_speech,2134.057,,,,,,360.422,1773.635,,,,1669.81,69.2,clean,0,,26,65,drone-pi,aarch64,Raspberry Pi 5 Model B Rev 1.0,true,4
1,llama-3.2-1b-instruct-Q4_K_M-warmup,0193,250,,,end_of_speech,1489.672,,,,,,72.198,1417.474,,,,1669.81,69.2,clean,0,,21,67,drone-pi,aarch64,Raspberry Pi 5 Model B Rev 1.0,true,4
1,llama-3.2-1b-instruct-Q4_K_M-warmup,0006,251,,,end_of_speech,540.043,,,,,,188.2,351.843,,,,1669.81,68.6,clean,0,,6,53,drone-pi,aarch64,Raspberry Pi 5 Model B Rev 1.0,true,4
1,llama-3.2-1b-instruct-Q4_K_M-warmup,0196,252,,,end_of_speech,1412.496,,,,,,280.91,1131.586,,,,1669.81,68.1,clean,0,,17,60,drone-pi,aarch64,Raspberry Pi 5 Model B Rev 1.0,true,4
1,llama-3.2-1b-instruct-Q4_K_M-warmup,0186,253,,,end_of_speech,1505.69,,,,,,301.849,1203.841,,,,1669.81,68.6,clean,0,,18,61,drone-pi,aarch64,Raspberry Pi 5 Model B Rev 1.0,true,4
1,llama-3.2-1b-instruct-Q4_K_M-warmup,0075,254,,,end_of_speech,2267.813,,,,,,492.422,1775.391,,,,1669.81,69.7,clean,0,,26,74,drone-pi,aarch64,Raspberry Pi 5 Model B Rev 1.0,true,4
1,llama-3.2-1b-instruct-Q4_K_M-warmup,0131,255,,,end_of_speech,1557.982,,,,,,71.802,1486.18,,,,1669.81,69.2,clean,0,,22,68,drone-pi,aarch64,Raspberry Pi 5 Model B Rev 1.0,true,4
1,llama-3.2-1b-instruct-Q4_K_M-warmup,0121,256,,,end_of_speech,940.293,,,,,,165.965,774.328,,,,1669.81,69.2,clean,0,,12,52,drone-pi,aarch64,Raspberry Pi 5 Model B Rev 1.0,true,4
1,llama-3.2-1b-instruct-Q4_K_M-warmup,0101,257,,,end_of_speech,1433.017,,,,,,301.4,1131.617,,,,1669.81,68.6,clean,0,,17,61,drone-pi,aarch64,Raspberry Pi 5 Model B Rev 1.0,true,4
1,llama-3.2-1b-instruct-Q4_K_M-warmup,0032,258,,,end_of_speech,517.694,,,,,,165.945,351.749,,,,1669.81,68.1,clean,0,,6,52,drone-pi,aarch64,Raspberry Pi 5 Model B Rev 1.0,true,4
1,llama-3.2-1b-instruct-Q4_K_M-warmup,0018,259,,,end_of_speech,561.378,,,,,,209.013,352.365,,,,1669.81,68.6,clean,0,,6,54,drone-pi,aarch64,Raspberry Pi 5 Model B Rev 1.0,true,4
1,llama-3.2-1b-instruct-Q4_K_M-warmup,0049,260,,,end_of_speech,1986.821,,,,,,359.433,1627.388,,,,1669.81,69.7,clean,0,,24,65,drone-pi,aarch64,Raspberry Pi 5 Model B Rev 1.0,true,4
1,llama-3.2-1b-instruct-Q4_K_M-warmup,0065,261,,,end_of_speech,1841.856,,,,,,72.025,1769.831,,,,1669.81,68.1,clean,0,,26,71,drone-pi,aarch64,Raspberry Pi 5 Model B Rev 1.0,true,4
1,llama-3.2-1b-instruct-Q4_K_M-warmup,0110,262,,,end_of_speech,1701.533,,,,,,72.188,1629.345,,,,1669.81,68.1,clean,0,,24,65,drone-pi,aarch64,Raspberry Pi 5 Model B Rev 1.0,true,4
1,llama-3.2-1b-instruct-Q4_K_M-warmup,0048,263,,,end_of_speech,495.141,,,,,,141.666,353.475,,,,1669.81,68.1,clean,0,,6,51,drone-pi,aarch64,Raspberry Pi 5 Model B Rev 1.0,true,4
1,llama-3.2-1b-instruct-Q4_K_M-warmup,0097,264,,,end_of_speech,572.901,,,,,,218.452,354.449,,,,1669.81,68.6,clean,0,,6,56,drone-pi,aarch64,Raspberry Pi 5 Model B Rev 1.0,true,4
1,llama-3.2-1b-instruct-Q4_K_M-warmup,0127,265,,,end_of_speech,1181.354,,,,,,259.609,921.745,,,,1669.81,68.6,clean,0,,14,59,drone-pi,aarch64,Raspberry Pi 5 Model B Rev 1.0,true,4
1,llama-3.2-1b-instruct-Q4_K_M-warmup,0123,266,,,end_of_speech,1555.365,,,,,,280.813,1274.552,,,,1669.81,69.2,clean,0,,19,60,drone-pi,aarch64,Raspberry Pi 5 Model B Rev 1.0,true,4
1,llama-3.2-1b-instruct-Q4_K_M-warmup,0144,267,,,end_of_speech,1039.838,,,,,,262.066,777.772,,,,1669.81,70.3,clean,0,,12,58,drone-pi,aarch64,Raspberry Pi 5 Model B Rev 1.0,true,4
1,llama-3.2-1b-instruct-Q4_K_M-warmup,0057,268,,,end_of_speech,561.229,,,,,,208.358,352.871,,,,1669.81,69.7,clean,0,,6,54,drone-pi,aarch64,Raspberry Pi 5 Model B Rev 1.0,true,4
1,llama-3.2-1b-instruct-Q4_K_M-warmup,0083,269,,,end_of_speech,1363.902,,,,,,301.965,1061.937,,,,1669.81,69.7,clean,0,,16,61,drone-pi,aarch64,Raspberry Pi 5 Model B Rev 1.0,true,4
1,llama-3.2-1b-instruct-Q4_K_M-warmup,0168,270,,,end_of_speech,855.143,,,,,,198.623,656.52,,,,1669.81,68.1,clean,0,,10,55,drone-pi,aarch64,Raspberry Pi 5 Model B Rev 1.0,true,4
1,llama-3.2-1b-instruct-Q4_K_M-warmup,0134,271,,,end_of_speech,1500.062,,,,,,436.302,1063.76,,,,1669.81,69.7,clean,0,,16,69,drone-pi,aarch64,Raspberry Pi 5 Model B Rev 1.0,true,4
1,llama-3.2-1b-instruct-Q4_K_M-warmup,0128,272,,,end_of_speech,1707.943,,,,,,358.04,1349.903,,,,1669.81,68.1,clean,0,,20,65,drone-pi,aarch64,Raspberry Pi 5 Model B Rev 1.0,true,4
1,llama-3.2-1b-instruct-Q4_K_M-warmup,0092,273,,,end_of_speech,1301.605,,,,,,241.911,1059.694,,,,1669.81,69.2,clean,0,,16,57,drone-pi,aarch64,Raspberry Pi 5 Model B Rev 1.0,true,4
1,llama-3.2-1b-instruct-Q4_K_M-warmup,0120,274,,,end_of_speech,1728.785,,,,,,451.624,1277.161,,,,1669.81,68.6,clean,0,,19,72,drone-pi,aarch64,Raspberry Pi 5 Model B Rev 1.0,true,4
1,llama-3.2-1b-instruct-Q4_K_M-warmup,0059,275,,,end_of_speech,1608.573,,,,,,334.54,1274.033,,,,1669.81,69.2,clean,0,,19,64,drone-pi,aarch64,Raspberry Pi 5 Model B Rev 1.0,true,4
1,llama-3.2-1b-instruct-Q4_K_M-warmup,0141,276,,,end_of_speech,1710.425,,,,,,433.081,1277.344,,,,1669.81,68.6,clean,0,,19,70,drone-pi,aarch64,Raspberry Pi 5 Model B Rev 1.0,true,4
1,llama-3.2-1b-instruct-Q4_K_M-warmup,0108,277,,,end_of_speech,1055.976,,,,,,280.707,775.269,,,,1669.81,70.3,clean,0,,12,60,drone-pi,aarch64,Raspberry Pi 5 Model B Rev 1.0,true,4
1,llama-3.2-1b-instruct-Q4_K_M-warmup,0159,278,,,end_of_speech,1413.803,,,,,,280.621,1133.182,,,,1669.81,68.6,clean,0,,17,60,drone-pi,aarch64,Raspberry Pi 5 Model B Rev 1.0,true,4
1,llama-3.2-1b-instruct-Q4_K_M-warmup,0056,279,,,end_of_speech,1363.407,,,,,,301.55,1061.857,,,,1669.81,69.2,clean,0,,16,61,drone-pi,aarch64,Raspberry Pi 5 Model B Rev 1.0,true,4
1,llama-3.2-1b-instruct-Q4_K_M-warmup,0009,280,,,end_of_speech,593.92,,,,,,241.839,352.081,,,,1669.81,68.6,clean,0,,6,57,drone-pi,aarch64,Raspberry Pi 5 Model B Rev 1.0,true,4
1,llama-3.2-1b-instruct-Q4_K_M-warmup,0038,281,,,end_of_speech,2257.946,,,,,,451.71,1806.236,,,,1669.81,69.2,clean,0,,26,72,drone-pi,aarch64,Raspberry Pi 5 Model B Rev 1.0,true,4
1,llama-3.2-1b-instruct-Q4_K_M-warmup,0167,282,,,end_of_speech,1301.816,,,,,,241.951,1059.865,,,,1669.81,70.3,clean,0,,16,57,drone-pi,aarch64,Raspberry Pi 5 Model B Rev 1.0,true,4
1,llama-3.2-1b-instruct-Q4_K_M-warmup,0114,283,,,end_of_speech,1718.634,,,,,,370.875,1347.759,,,,1669.81,68.1,clean,0,,20,67,drone-pi,aarch64,Raspberry Pi 5 Model B Rev 1.0,true,4
1,llama-3.2-1b-instruct-Q4_K_M-warmup,0145,284,,,end_of_speech,561.397,,,,,,208.854,352.543,,,,1669.81,68.1,clean,0,,6,54,drone-pi,aarch64,Raspberry Pi 5 Model B Rev 1.0,true,4
1,llama-3.2-1b-instruct-Q4_K_M-warmup,0137,285,,,end_of_speech,995.589,,,,,,218.653,776.936,,,,1669.81,68.6,clean,0,,12,57,drone-pi,aarch64,Raspberry Pi 5 Model B Rev 1.0,true,4
1,llama-3.2-1b-instruct-Q4_K_M-warmup,0020,286,,,end_of_speech,833.073,,,,,,198.545,634.528,,,,1669.81,69.7,clean,0,,10,55,drone-pi,aarch64,Raspberry Pi 5 Model B Rev 1.0,true,4
1,llama-3.2-1b-instruct-Q4_K_M-warmup,0080,287,,,end_of_speech,540.423,,,,,,187.713,352.71,,,,1669.81,66.4,clean,0,,6,53,drone-pi,aarch64,Raspberry Pi 5 Model B Rev 1.0,true,4
1,llama-3.2-1b-instruct-Q4_K_M-warmup,0069,288,,,end_of_speech,975.035,,,,,,199.435,775.6,,,,1669.81,69.7,clean,0,,12,55,drone-pi,aarch64,Raspberry Pi 5 Model B Rev 1.0,true,4
1,llama-3.2-1b-instruct-Q4_K_M-warmup,0047,289,,,end_of_speech,1058.093,,,,,,280.665,777.428,,,,1669.81,68.1,clean,0,,12,60,drone-pi,aarch64,Raspberry Pi 5 Model B Rev 1.0,true,4
1,llama-3.2-1b-instruct-Q4_K_M-warmup,0050,290,,,end_of_speech,1037.913,,,,,,260.02,777.893,,,,1669.81,69.2,clean,0,,12,59,drone-pi,aarch64,Raspberry Pi 5 Model B Rev 1.0,true,4
1,llama-3.2-1b-instruct-Q4_K_M-warmup,0172,291,,,end_of_speech,1366.216,,,,,,301.658,1064.558,,,,1669.81,68.1,clean,0,,16,61,drone-pi,aarch64,Raspberry Pi 5 Model B Rev 1.0,true,4
1,llama-3.2-1b-instruct-Q4_K_M-warmup,0076,292,,,end_of_speech,844.105,,,,,,208.537,635.568,,,,1669.81,68.6,clean,0,,10,54,drone-pi,aarch64,Raspberry Pi 5 Model B Rev 1.0,true,4
1,llama-3.2-1b-instruct-Q4_K_M-warmup,0180,293,,,end_of_speech,1790.554,,,,,,301.161,1489.393,,,,1669.81,69.2,clean,0,,22,61,drone-pi,aarch64,Raspberry Pi 5 Model B Rev 1.0,true,4
1,llama-3.2-1b-instruct-Q4_K_M-warmup,0064,294,,,end_of_speech,1022.421,,,,,,214.302,808.119,,,,1669.81,69.7,clean,0,,12,54,drone-pi,aarch64,Raspberry Pi 5 Model B Rev 1.0,true,4
1,llama-3.2-1b-instruct-Q4_K_M-warmup,0022,295,,,end_of_speech,1315.265,,,,,,214.372,1100.893,,,,1669.81,68.1,clean,0,,16,54,drone-pi,aarch64,Raspberry Pi 5 Model B Rev 1.0,true,4
1,llama-3.2-1b-instruct-Q4_K_M-warmup,0149,296,,,end_of_speech,1771.836,,,,,,268.047,1503.789,,,,1669.81,69.2,clean,0,,22,58,drone-pi,aarch64,Raspberry Pi 5 Model B Rev 1.0,true,4
1,llama-3.2-1b-instruct-Q4_K_M-warmup,0169,297,,,end_of_speech,1685.464,,,,,,316.213,1369.251,,,,1669.81,69.7,clean,0,,20,63,drone-pi,aarch64,Raspberry Pi 5 Model B Rev 1.0,true,4
1,llama-3.2-1b-instruct-Q4_K_M-warmup,0152,298,,,end_of_speech,1035.809,,,,,,259.425,776.384,,,,1669.81,68.6,clean,0,,12,59,drone-pi,aarch64,Raspberry Pi 5 Model B Rev 1.0,true,4
1,llama-3.2-1b-instruct-Q4_K_M-warmup,0010,299,,,end_of_speech,2245.176,,,,,,433.925,1811.251,,,,1669.81,68.6,clean,0,,26,72,drone-pi,aarch64,Raspberry Pi 5 Model B Rev 1.0,true,4
1,llama-3.2-1b-instruct-Q4_K_M-warmup,0151,300,,,end_of_speech,1184.999,,,,,,264.294,920.705,,,,1669.81,68.6,clean,0,,14,58,drone-pi,aarch64,Raspberry Pi 5 Model B Rev 1.0,true,4
1,llama-3.2-1b-instruct-Q4_K_M-warmup,0162,301,,,end_of_speech,1893.046,,,,,,456.966,1436.08,,,,1669.81,70.3,clean,0,,21,72,drone-pi,aarch64,Raspberry Pi 5 Model B Rev 1.0,true,4
1,llama-3.2-1b-instruct-Q4_K_M-warmup,0182,302,,,end_of_speech,572.823,,,,,,218.547,354.276,,,,1669.81,69.7,clean,0,,6,56,drone-pi,aarch64,Raspberry Pi 5 Model B Rev 1.0,true,4
1,llama-3.2-1b-instruct-Q4_K_M-warmup,0072,303,,,end_of_speech,978.088,,,,,,187.757,790.331,,,,1669.81,69.7,clean,0,,12,53,drone-pi,aarch64,Raspberry Pi 5 Model B Rev 1.0,true,4
1,llama-3.2-1b-instruct-Q4_K_M-warmup,0033,304,,,end_of_speech,928.655,,,,,,268.407,660.248,,,,1669.81,70.3,clean,0,,10,58,drone-pi,aarch64,Raspberry Pi 5 Model B Rev 1.0,true,4
1,llama-3.2-1b-instruct-Q4_K_M-warmup,0116,305,,,end_of_speech,1501.085,,,,,,316.532,1184.553,,,,1669.81,67.0,clean,0,,17,63,drone-pi,aarch64,Raspberry Pi 5 Model B Rev 1.0,true,4
1,llama-3.2-1b-instruct-Q4_K_M-warmup,0105,306,,,end_of_speech,1566.272,,,,,,283.311,1282.961,,,,1669.81,68.1,clean,0,,19,60,drone-pi,aarch64,Raspberry Pi 5 Model B Rev 1.0,true,4
1,llama-3.2-1b-instruct-Q4_K_M-warmup,0089,307,,,end_of_speech,2286.221,,,,,,478.728,1807.493,,,,1669.81,69.7,clean,0,,26,75,drone-pi,aarch64,Raspberry Pi 5 Model B Rev 1.0,true,4
1,llama-3.2-1b-instruct-Q4_K_M-warmup,0062,308,,,end_of_speech,1054.475,,,,,,245.505,808.97,,,,1669.81,69.7,clean,0,,12,57,drone-pi,aarch64,Raspberry Pi 5 Model B Rev 1.0,true,4
1,llama-3.2-1b-instruct-Q4_K_M-warmup,0113,309,,,end_of_speech,2192.509,,,,,,362.366,1830.143,,,,1669.81,68.1,clean,0,,26,65,drone-pi,aarch64,Raspberry Pi 5 Model B Rev 1.0,true,4
1,llama-3.2-1b-instruct-Q4_K_M-warmup,0193,310,,,end_of_speech,1552.39,,,,,,79.241,1473.149,,,,1669.81,68.1,clean,0,,21,67,drone-pi,aarch64,Raspberry Pi 5 Model B Rev 1.0,true,4
1,llama-3.2-1b-instruct-Q4_K_M-warmup,0006,311,,,end_of_speech,558.143,,,,,,192.921,365.222,,,,1669.81,68.6,clean,0,,6,53,drone-pi,aarch64,Raspberry Pi 5 Model B Rev 1.0,true,4
1,llama-3.2-1b-instruct-Q4_K_M-warmup,0196,312,,,end_of_speech,1422.907,,,,,,285.429,1137.478,,,,1669.81,69.7,clean,0,,17,60,drone-pi,aarch64,Raspberry Pi 5 Model B Rev 1.0,true,4
1,llama-3.2-1b-instruct-Q4_K_M-warmup,0186,313,,,end_of_speech,1557.541,,,,,,306.815,1250.726,,,,1669.81,69.7,clean,0,,18,61,drone-pi,aarch64,Raspberry Pi 5 Model B Rev 1.0,true,4
1,llama-3.2-1b-instruct-Q4_K_M-warmup,0075,314,,,end_of_speech,2318.162,,,,,,495.95,1822.212,,,,1669.81,69.2,clean,0,,26,74,drone-pi,aarch64,Raspberry Pi 5 Model B Rev 1.0,true,4
1,llama-3.2-1b-instruct-Q4_K_M-warmup,0131,315,,,end_of_speech,1695.678,,,,,,86.756,1608.922,,,,1669.81,69.2,clean,0,,22,68,drone-pi,aarch64,Raspberry Pi 5 Model B Rev 1.0,true,4
1,llama-3.2-1b-instruct-Q4_K_M-warmup,0121,316,,,end_of_speech,972.805,,,,,,169.878,802.927,,,,1669.81,68.1,clean,0,,12,52,drone-pi,aarch64,Raspberry Pi 5 Model B Rev 1.0,true,4
1,llama-3.2-1b-instruct-Q4_K_M-warmup,0101,317,,,end_of_speech,1473.49,,,,,,306.671,1166.819,,,,1669.81,69.7,clean,0,,17,61,drone-pi,aarch64,Raspberry Pi 5 Model B Rev 1.0,true,4
1,llama-3.2-1b-instruct-Q4_K_M-warmup,0032,318,,,end_of_speech,532.059,,,,,,169.866,362.193,,,,1669.81,68.1,clean,0,,6,52,drone-pi,aarch64,Raspberry Pi 5 Model B Rev 1.0,true,4
1,llama-3.2-1b-instruct-Q4_K_M-warmup,0018,319,,,end_of_speech,578.003,,,,,,213.988,364.015,,,,1669.81,68.6,clean,0,,6,54,drone-pi,aarch64,Raspberry Pi 5 Model B Rev 1.0,true,4
1,llama-3.2-1b-instruct-Q4_K_M-warmup,0049,320,,,end_of_speech,2013.078,,,,,,358.307,1654.771,,,,1669.81,68.1,clean,0,,24,65,drone-pi,aarch64,Raspberry Pi 5 Model B Rev 1.0,true,4
1,llama-3.2-1b-instruct-Q4_K_M-warmup,0065,321,,,end_of_speech,1902.219,,,,,,73.517,1828.702,,,,1669.81,69.7,clean,0,,26,71,drone-pi,aarch64,Raspberry Pi 5 Model B Rev 1.0,true,4
1,llama-3.2-1b-instruct-Q4_K_M-warmup,0110,322,,,end_of_speech,1755.872,,,,,,74.725,1681.147,,,,1669.81,69.2,clean,0,,24,65,drone-pi,aarch64,Raspberry Pi 5 Model B Rev 1.0,true,4
1,llama-3.2-1b-instruct-Q4_K_M-warmup,0048,323,,,end_of_speech,510.27,,,,,,145.174,365.096,,,,1669.81,68.1,clean,0,,6,51,drone-pi,aarch64,Raspberry Pi 5 Model B Rev 1.0,true,4
1,llama-3.2-1b-instruct-Q4_K_M-warmup,0097,324,,,end_of_speech,587.411,,,,,,222.544,364.867,,,,1669.81,69.2,clean,0,,6,56,drone-pi,aarch64,Raspberry Pi 5 Model B Rev 1.0,true,4
1,llama-3.2-1b-instruct-Q4_K_M-warmup,0127,325,,,end_of_speech,1212.235,,,,,,263.688,948.547,,,,1669.81,69.2,clean,0,,14,59,drone-pi,aarch64,Raspberry Pi 5 Model B Rev 1.0,true,4
1,llama-3.2-1b-instruct-Q4_K_M-warmup,0123,326,,,end_of_speech,1557.788,,,,,,283.071,1274.717,,,,1669.83,69.2,clean,0,,19,60,drone-pi,aarch64,Raspberry Pi 5 Model B Rev 1.0,true,4
1,llama-3.2-1b-instruct-Q4_K_M-warmup,0144,327,,,end_of_speech,1071.324,,,,,,267.732,803.592,,,,1669.83,68.6,clean,0,,12,58,drone-pi,aarch64,Raspberry Pi 5 Model B Rev 1.0,true,4
1,llama-3.2-1b-instruct-Q4_K_M-warmup,0057,328,,,end_of_speech,577.11,,,,,,214.008,363.102,,,,1669.83,68.6,clean,0,,6,54,drone-pi,aarch64,Raspberry Pi 5 Model B Rev 1.0,true,4
1,llama-3.2-1b-instruct-Q4_K_M-warmup,0083,329,,,end_of_speech,1362.088,,,,,,303.99,1058.098,,,,1669.83,70.3,clean,0,,16,61,drone-pi,aarch64,Raspberry Pi 5 Model B Rev 1.0,true,4
1,llama-3.2-1b-instruct-Q4_K_M-warmup,0168,330,,,end_of_speech,860.419,,,,,,201.871,658.548,,,,1669.83,70.3,clean,0,,10,55,drone-pi,aarch64,Raspberry Pi 5 Model B Rev 1.0,true,4
1,llama-3.2-1b-instruct-Q4_K_M-warmup,0134,331,,,end_of_speech,1515.901,,,,,,416.664,1099.237,,,,1669.83,69.2,clean,0,,16,69,drone-pi,aarch64,Raspberry Pi 5 Model B Rev 1.0,true,4
1,llama-3.2-1b-instruct-Q4_K_M-warmup,0128,332,,,end_of_speech,1706.318,,,,,,362.276,1344.042,,,,1669.83,69.2,clean,0,,20,65,drone-pi,aarch64,Raspberry Pi 5 Model B Rev 1.0,true,4
1,llama-3.2-1b-instruct-Q4_K_M-warmup,0092,333,,,end_of_speech,1342.471,,,,,,244.419,1098.052,,,,1669.83,69.7,clean,0,,16,57,drone-pi,aarch64,Raspberry Pi 5 Model B Rev 1.0,true,4
1,llama-3.2-1b-instruct-Q4_K_M-warmup,0120,334,,,end_of_speech,1770.213,,,,,,457.256,1312.957,,,,1669.83,70.3,clean,0,,19,72,drone-pi,aarch64,Raspberry Pi 5 Model B Rev 1.0,true,4
1,llama-3.2-1b-instruct-Q4_K_M-warmup,0059,335,,,end_of_speech,1658.011,,,,,,338.096,1319.915,,,,1669.83,68.6,clean,0,,19,64,drone-pi,aarch64,Raspberry Pi 5 Model B Rev 1.0,true,4
1,llama-3.2-1b-instruct-Q4_K_M-warmup,0141,336,,,end_of_speech,1720.24,,,,,,436.718,1283.522,,,,1669.83,69.7,clean,0,,19,70,drone-pi,aarch64,Raspberry Pi 5 Model B Rev 1.0,true,4
1,llama-3.2-1b-instruct-Q4_K_M-warmup,0108,337,,,end_of_speech,1086.836,,,,,,284.832,802.004,,,,1669.83,68.6,clean,0,,12,60,drone-pi,aarch64,Raspberry Pi 5 Model B Rev 1.0,true,4
1,llama-3.2-1b-instruct-Q4_K_M-warmup,0159,338,,,end_of_speech,1452.607,,,,,,285.564,1167.043,,,,1669.84,69.7,clean,0,,17,60,drone-pi,aarch64,Raspberry Pi 5 Model B Rev 1.0,true,4
1,llama-3.2-1b-instruct-Q4_K_M-warmup,0056,339,,,end_of_speech,1365.184,,,,,,304.042,1061.142,,,,1669.84,68.6,clean,0,,16,61,drone-pi,aarch64,Raspberry Pi 5 Model B Rev 1.0,true,4
1,llama-3.2-1b-instruct-Q4_K_M-warmup,0009,340,,,end_of_speech,610.238,,,,,,244.558,365.68,,,,1669.84,69.2,clean,0,,6,57,drone-pi,aarch64,Raspberry Pi 5 Model B Rev 1.0,true,4
1,llama-3.2-1b-instruct-Q4_K_M-warmup,0038,341,,,end_of_speech,2251.737,,,,,,454.309,1797.428,,,,1669.84,68.6,clean,0,,26,72,drone-pi,aarch64,Raspberry Pi 5 Model B Rev 1.0,true,4
1,llama-3.2-1b-instruct-Q4_K_M-warmup,0167,342,,,end_of_speech,1340.279,,,,,,244.485,1095.794,,,,1669.84,68.6,clean,0,,16,57,drone-pi,aarch64,Raspberry Pi 5 Model B Rev 1.0,true,4
1,llama-3.2-1b-instruct-Q4_K_M-warmup,0114,343,,,end_of_speech,1768.002,,,,,,378.18,1389.822,,,,1669.84,68.6,clean,0,,20,67,drone-pi,aarch64,Raspberry Pi 5 Model B Rev 1.0,true,4
1,llama-3.2-1b-instruct-Q4_K_M-warmup,0145,344,,,end_of_speech,577.699,,,,,,214.778,362.921,,,,1669.84,68.6,clean,0,,6,54,drone-pi,aarch64,Raspberry Pi 5 Model B Rev 1.0,true,4
1,llama-3.2-1b-instruct-Q4_K_M-warmup,0137,345,,,end_of_speech,1026.048,,,,,,223.256,802.792,,,,1669.84,70.8,clean,0,,12,57,drone-pi,aarch64,Raspberry Pi 5 Model B Rev 1.0,true,4
1,llama-3.2-1b-instruct-Q4_K_M-warmup,0020,346,,,end_of_speech,858.631,,,,,,202.142,656.489,,,,1669.84,68.6,clean,0,,10,55,drone-pi,aarch64,Raspberry Pi 5 Model B Rev 1.0,true,4
1,llama-3.2-1b-instruct-Q4_K_M-warmup,0080,347,,,end_of_speech,555.967,,,,,,192.365,363.602,,,,1669.84,69.2,clean,0,,6,53,drone-pi,aarch64,Raspberry Pi 5 Model B Rev 1.0,true,4
1,llama-3.2-1b-instruct-Q4_K_M-warmup,0069,348,,,end_of_speech,1003.382,,,,,,202.34,801.042,,,,1669.84,70.3,clean,0,,12,55,drone-pi,aarch64,Raspberry Pi 5 Model B Rev 1.0,true,4
1,llama-3.2-1b-instruct-Q4_K_M-warmup,0047,349,,,end_of_speech,1057.196,,,,,,284.92,772.276,,,,1669.84,69.7,clean,0,,12,60,drone-pi,aarch64,Raspberry Pi 5 Model B Rev 1.0,true,4
1,llama-3.2-1b-instruct-Q4_K_M-warmup,0050,350,,,end_of_speech,1061.722,,,,,,260.064,801.658,,,,1669.84,69.2,clean,0,,12,59,drone-pi,aarch64,Raspberry Pi 5 Model B Rev 1.0,true,4
1,llama-3.2-1b-instruct-Q4_K_M-warmup,0172,351,,,end_of_speech,1360.837,,,,,,305.598,1055.239,,,,1669.84,68.6,clean,0,,16,61,drone-pi,aarch64,Raspberry Pi 5 Model B Rev 1.0,true,4
1,llama-3.2-1b-instruct-Q4_K_M-warmup,0076,352,,,end_of_speech,871.022,,,,,,214.385,656.637,,,,1669.84,69.7,clean,0,,10,54,drone-pi,aarch64,Raspberry Pi 5 Model B Rev 1.0,true,4
1,llama-3.2-1b-instruct-Q4_K_M-warmup,0180,353,,,end_of_speech,1840.145,,,,,,306.65,1533.495,,,,1669.84,68.6,clean,0,,22,61,drone-pi,aarch64,Raspberry Pi 5 Model B Rev 1.0,true,4
1,llama-3.2-1b-instruct-Q4_K_M-warmup,0064,354,,,end_of_speech,1014.693,,,,,,213.664,801.029,,,,1669.84,69.2,clean,0,,12,54,drone-pi,aarch64,Raspberry Pi 5 Model B Rev 1.0,true,4
1,llama-3.2-1b-instruct-Q4_K_M-warmup,0022,355,,,end_of_speech,1309.077,,,,,,214.293,1094.784,,,,1669.84,68.6,clean,0,,16,54,drone-pi,aarch64,Raspberry Pi 5 Model B Rev 1.0,true,4
1,llama-3.2-1b-instruct-Q4_K_M-warmup,0149,356,,,end_of_speech,1804.061,,,,,,268.093,1535.968,,,,1669.84,67.0,clean,0,,22,58,drone-pi,aarch64,Raspberry Pi 5 Model B Rev 1.0,true,4
1,llama-3.2-1b-instruct-Q4_K_M-warmup,0169,357,,,end_of_speech,1666.897,,,,,,315.616,1351.281,,,,1669.84,70.3,clean,0,,20,63,drone-pi,aarch64,Raspberry Pi 5 Model B Rev 1.0,true,4
1,llama-3.2-1b-instruct-Q4_K_M-warmup,0152,358,,,end_of_speech,1067.843,,,,,,263.691,804.152,,,,1669.84,68.6,clean,0,,12,59,drone-pi,aarch64,Raspberry Pi 5 Model B Rev 1.0,true,4
1,llama-3.2-1b-instruct-Q4_K_M-warmup,0010,359,,,end_of_speech,2270.066,,,,,,439.606,1830.46,,,,1669.84,69.2,clean,0,,26,72,drone-pi,aarch64,Raspberry Pi 5 Model B Rev 1.0,true,4
1,llama-3.2-1b-instruct-Q4_K_M-warmup,0151,360,,,end_of_speech,1217.086,,,,,,267.988,949.098,,,,1669.84,69.7,clean,0,,14,58,drone-pi,aarch64,Raspberry Pi 5 Model B Rev 1.0,true,4
1,llama-3.2-1b-instruct-Q4_K_M-warmup,0162,361,,,end_of_speech,1973.229,,,,,,454.094,1519.135,,,,1669.84,68.6,clean,0,,21,72,drone-pi,aarch64,Raspberry Pi 5 Model B Rev 1.0,true,4
1,llama-3.2-1b-instruct-Q4_K_M-warmup,0182,362,,,end_of_speech,591.464,,,,,,222.818,368.646,,,,1669.84,69.7,clean,0,,6,56,drone-pi,aarch64,Raspberry Pi 5 Model B Rev 1.0,true,4
1,llama-3.2-1b-instruct-Q4_K_M-warmup,0072,363,,,end_of_speech,1000.297,,,,,,191.99,808.307,,,,1669.84,70.3,clean,0,,12,53,drone-pi,aarch64,Raspberry Pi 5 Model B Rev 1.0,true,4
1,llama-3.2-1b-instruct-Q4_K_M-warmup,0033,364,,,end_of_speech,928.545,,,,,,267.595,660.95,,,,1669.84,69.2,clean,0,,10,58,drone-pi,aarch64,Raspberry Pi 5 Model B Rev 1.0,true,4
1,llama-3.2-1b-instruct-Q4_K_M-warmup,0116,365,,,end_of_speech,1492.265,,,,,,316.468,1175.797,,,,1669.84,68.6,clean,0,,17,63,drone-pi,aarch64,Raspberry Pi 5 Model B Rev 1.0,true,4
1,llama-3.2-1b-instruct-Q4_K_M-warmup,0105,366,,,end_of_speech,1610.241,,,,,,285.878,1324.363,,,,1669.84,68.6,clean,0,,19,60,drone-pi,aarch64,Raspberry Pi 5 Model B Rev 1.0,true,4
1,llama-3.2-1b-instruct-Q4_K_M-warmup,0089,367,,,end_of_speech,2320.655,,,,,,479.101,1841.554,,,,1669.84,69.7,clean,0,,26,75,drone-pi,aarch64,Raspberry Pi 5 Model B Rev 1.0,true,4
1,llama-3.2-1b-instruct-Q4_K_M-warmup,0062,368,,,end_of_speech,1052.974,,,,,,244.151,808.823,,,,1669.84,70.3,clean,0,,12,57,drone-pi,aarch64,Raspberry Pi 5 Model B Rev 1.0,true,4
1,llama-3.2-1b-instruct-Q4_K_M-warmup,0113,369,,,end_of_speech,2200.749,,,,,,362.127,1838.622,,,,1669.84,70.3,clean,0,,26,65,drone-pi,aarch64,Raspberry Pi 5 Model B Rev 1.0,true,4
1,llama-3.2-1b-instruct-Q4_K_M-warmup,0193,370,,,end_of_speech,1548.062,,,,,,74.812,1473.25,,,,1669.84,68.6,clean,0,,21,67,drone-pi,aarch64,Raspberry Pi 5 Model B Rev 1.0,true,4
1,llama-3.2-1b-instruct-Q4_K_M-warmup,0006,371,,,end_of_speech,558.657,,,,,,193.582,365.075,,,,1669.84,68.6,clean,0,,6,53,drone-pi,aarch64,Raspberry Pi 5 Model B Rev 1.0,true,4
1,llama-3.2-1b-instruct-Q4_K_M-warmup,0196,372,,,end_of_speech,1461.391,,,,,,285.283,1176.108,,,,1669.84,69.7,clean,0,,17,60,drone-pi,aarch64,Raspberry Pi 5 Model B Rev 1.0,true,4
1,llama-3.2-1b-instruct-Q4_K_M-warmup,0186,373,,,end_of_speech,1556.713,,,,,,306.491,1250.222,,,,1669.84,70.3,clean,0,,18,61,drone-pi,aarch64,Raspberry Pi 5 Model B Rev 1.0,true,4
1,llama-3.2-1b-instruct-Q4_K_M-warmup,0075,374,,,end_of_speech,2305.264,,,,,,497.405,1807.859,,,,1669.84,70.8,clean,0,,26,74,drone-pi,aarch64,Raspberry Pi 5 Model B Rev 1.0,true,4
1,llama-3.2-1b-instruct-Q4_K_M-warmup,0131,375,,,end_of_speech,1617.244,,,,,,74.296,1542.948,,,,1669.84,70.3,clean,0,,22,68,drone-pi,aarch64,Raspberry Pi 5 Model B Rev 1.0,true,4
1,llama-3.2-1b-instruct-Q4_K_M-warmup,0121,376,,,end_of_speech,976.759,,,,,,169.08,807.679,,,,1669.84,68.6,clean,0,,12,52,drone-pi,aarch64,Raspberry Pi 5 Model B Rev 1.0,true,4
1,llama-3.2-1b-instruct-Q4_K_M-warmup,0101,377,,,end_of_speech,1483.364,,,,,,306.723,1176.641,,,,1669.84,69.2,clean,0,,17,61,drone-pi,aarch64,Raspberry Pi 5 Model B Rev 1.0,true,4
1,llama-3.2-1b-instruct-Q4_K_M-warmup,0032,378,,,end_of_speech,535.672,,,,,,169.972,365.7,,,,1669.84,70.3,clean,0,,6,52,drone-pi,aarch64,Raspberry Pi 5 Model B Rev 1.0,true,4
1,llama-3.2-1b-instruct-Q4_K_M-warmup,0018,379,,,end_of_speech,581.237,,,,,,214.719,366.518,,,,1669.84,69.7,clean,0,,6,54,drone-pi,aarch64,Raspberry Pi 5 Model B Rev 1.0,true,4
1,llama-3.2-1b-instruct-Q4_K_M-warmup,0049,380,,,end_of_speech,2052.032,,,,,,362.074,1689.958,,,,1669.84,68.6,clean,0,,24,65,drone-pi,aarch64,Raspberry Pi 5 Model B Rev 1.0,true,4
1,llama-3.2-1b-instruct-Q4_K_M-warmup,0065,381,,,end_of_speech,1913.947,,,,,,74.722,1839.225,,,,1669.84,70.3,clean,0,,26,71,drone-pi,aarch64,Raspberry Pi 5 Model B Rev 1.0,true,4
1,llama-3.2-1b-instruct-Q4_K_M-warmup,0110,382,,,end_of_speech,1762.022,,,,,,74.377,1687.645,,,,1669.84,68.6,clean,0,,24,65,drone-pi,aarch64,Raspberry Pi 5 Model B Rev 1.0,true,4
1,llama-3.2-1b-instruct-Q4_K_M-warmup,0048,383,,,end_of_speech,513.618,,,,,,145.804,367.814,,,,1669.84,68.6,clean,0,,6,51,drone-pi,aarch64,Raspberry Pi 5 Model B Rev 1.0,true,4
1,llama-3.2-1b-instruct-Q4_K_M-warmup,0097,384,,,end_of_speech,589.004,,,,,,222.519,366.485,,,,1669.84,70.3,clean,0,,6,56,drone-pi,aarch64,Raspberry Pi 5 Model B Rev 1.0,true,4
1,llama-3.2-1b-instruct-Q4_K_M-warmup,0127,385,,,end_of_speech,1217.044,,,,,,263.651,953.393,,,,1669.84,69.7,clean,0,,14,59,drone-pi,aarch64,Raspberry Pi 5 Model B Rev 1.0,true,4
1,llama-3.2-1b-instruct-Q4_K_M-warmup,0123,386,,,end_of_speech,1604.538,,,,,,285.222,1319.316,,,,1669.84,70.3,clean,0,,19,60,drone-pi,aarch64,Raspberry Pi 5 Model B Rev 1.0,true,4
1,llama-3.2-1b-instruct-Q4_K_M-warmup,0144,387,,,end_of_speech,1073.486,,,,,,268.683,804.803,,,,1669.84,70.3,clean,0,,12,58,drone-pi,aarch64,Raspberry Pi 5 Model B Rev 1.0,true,4
1,llama-3.2-1b-instruct-Q4_K_M-warmup,0057,388,,,end_of_speech,579.561,,,,,,214.248,365.313,,,,1669.84,69.7,clean,0,,6,54,drone-pi,aarch64,Raspberry Pi 5 Model B Rev 1.0,true,4
1,llama-3.2-1b-instruct-Q4_K_M-warmup,0083,389,,,end_of_speech,1408.005,,,,,,306.74,1101.265,,,,1669.84,69.2,clean,0,,16,61,drone-pi,aarch64,Raspberry Pi 5 Model B Rev 1.0,true,4
1,llama-3.2-1b-instruct-Q4_K_M-warmup,0168,390,,,end_of_speech,860.459,,,,,,202.174,658.285,,,,1669.84,68.6,clean,0,,10,55,drone-pi,aarch64,Raspberry Pi 5 Model B Rev 1.0,true,4
1,llama-3.2-1b-instruct-Q4_K_M-warmup,0134,391,,,end_of_speech,1521.723,,,,,,418.15,1103.573,,,,1669.84,69.7,clean,0,,16,69,drone-pi,aarch64,Raspberry Pi 5 Model B Rev 1.0,true,4
1,llama-3.2-1b-instruct-Q4_K_M-warmup,0128,392,,,end_of_speech,1759.608,,,,,,362.26,1397.348,,,,1669.84,68.6,clean,0,,20,65,drone-pi,aarch64,Raspberry Pi 5 Model B Rev 1.0,true,4
1,llama-3.2-1b-instruct-Q4_K_M-warmup,0092,393,,,end_of_speech,1344.767,,,,,,244.118,1100.649,,,,1669.84,68.6,clean,0,,16,57,drone-pi,aarch64,Raspberry Pi 5 Model B Rev 1.0,true,4
1,llama-3.2-1b-instruct-Q4_K_M-warmup,0120,394,,,end_of_speech,1780.371,,,,,,456.669,1323.702,,,,1669.84,68.6,clean,0,,19,72,drone-pi,aarch64,Raspberry Pi 5 Model B Rev 1.0,true,4
1,llama-3.2-1b-instruct-Q4_K_M-warmup,0059,395,,,end_of_speech,1661.822,,,,,,337.487,1324.335,,,,1669.84,68.1,clean,0,,19,64,drone-pi,aarch64,Raspberry Pi 5 Model B Rev 1.0,true,4
1,llama-3.2-1b-instruct-Q4_K_M-warmup,0141,396,,,end_of_speech,1761.477,,,,,,439.279,1322.198,,,,1669.84,70.3,clean,0,,19,70,drone-pi,aarch64,Raspberry Pi 5 Model B Rev 1.0,true,4
1,llama-3.2-1b-instruct-Q4_K_M-warmup,0108,397,,,end_of_speech,1093.521,,,,,,285.312,808.209,,,,1669.84,69.2,clean,0,,12,60,drone-pi,aarch64,Raspberry Pi 5 Model B Rev 1.0,true,4
1,llama-3.2-1b-instruct-Q4_K_M-warmup,0159,398,,,end_of_speech,1462.228,,,,,,285.522,1176.706,,,,1669.84,70.3,clean,0,,17,60,drone-pi,aarch64,Raspberry Pi 5 Model B Rev 1.0,true,4
1,llama-3.2-1b-instruct-Q4_K_M-warmup,0056,399,,,end_of_speech,1409.808,,,,,,306.91,1102.898,,,,1669.84,68.1,clean,0,,16,61,drone-pi,aarch64,Raspberry Pi 5 Model B Rev 1.0,true,4
1,llama-3.2-1b-instruct-Q4_K_M-warmup,0009,400,,,end_of_speech,612.832,,,,,,244.006,368.826,,,,1669.84,68.6,clean,0,,6,57,drone-pi,aarch64,Raspberry Pi 5 Model B Rev 1.0,true,4
1,llama-3.2-1b-instruct-Q4_K_M-warmup,0038,401,,,end_of_speech,2301.379,,,,,,457.309,1844.07,,,,1669.84,68.1,clean,0,,26,72,drone-pi,aarch64,Raspberry Pi 5 Model B Rev 1.0,true,4
1,llama-3.2-1b-instruct-Q4_K_M-warmup,0167,402,,,end_of_speech,1348.103,,,,,,244.651,1103.452,,,,1669.84,70.3,clean,0,,16,57,drone-pi,aarch64,Raspberry Pi 5 Model B Rev 1.0,true,4
1,llama-3.2-1b-instruct-Q4_K_M-warmup,0114,403,,,end_of_speech,1772.703,,,,,,375.995,1396.708,,,,1669.84,70.8,clean,0,,20,67,drone-pi,aarch64,Raspberry Pi 5 Model B Rev 1.0,true,4
1,llama-3.2-1b-instruct-Q4_K_M-warmup,0145,404,,,end_of_speech,580.032,,,,,,213.991,366.041,,,,1669.84,70.3,clean,0,,6,54,drone-pi,aarch64,Raspberry Pi 5 Model B Rev 1.0,true,4
1,llama-3.2-1b-instruct-Q4_K_M-warmup,0137,405,,,end_of_speech,1031.561,,,,,,222.581,808.98,,,,1669.84,70.3,clean,0,,12,57,drone-pi,aarch64,Raspberry Pi 5 Model B Rev 1.0,true,4
1,llama-3.2-1b-instruct-Q4_K_M-warmup,0020,406,,,end_of_speech,929.441,,,,,,202.285,727.156,,,,1669.84,68.6,clean,0,,10,55,drone-pi,aarch64,Raspberry Pi 5 Model B Rev 1.0,true,4
1,llama-3.2-1b-instruct-Q4_K_M-warmup,0080,407,,,end_of_speech,592.297,,,,,,201.307,390.99,,,,1669.84,69.7,clean,0,,6,53,drone-pi,aarch64,Raspberry Pi 5 Model B Rev 1.0,true,4
1,llama-3.2-1b-instruct-Q4_K_M-warmup,0069,408,,,end_of_speech,1009.357,,,,,,202.736,806.621,,,,1669.84,68.6,clean,0,,12,55,drone-pi,aarch64,Raspberry Pi 5 Model B Rev 1.0,true,4
1,llama-3.2-1b-instruct-Q4_K_M-warmup,0047,409,,,end_of_speech,1095.849,,,,,,285.107,810.742,,,,1669.84,69.7,clean,0,,12,60,drone-pi,aarch64,Raspberry Pi 5 Model B Rev 1.0,true,4
1,llama-3.2-1b-instruct-Q4_K_M-warmup,0050,410,,,end_of_speech,1073.554,,,,,,263.954,809.6,,,,1669.84,68.6,clean,0,,12,59,drone-pi,aarch64,Raspberry Pi 5 Model B Rev 1.0,true,4
1,llama-3.2-1b-instruct-Q4_K_M-warmup,0172,411,,,end_of_speech,1410.543,,,,,,306.788,1103.755,,,,1669.84,69.7,clean,0,,16,61,drone-pi,aarch64,Raspberry Pi 5 Model B Rev 1.0,true,4
1,llama-3.2-1b-instruct-Q4_K_M-warmup,0076,412,,,end_of_speech,875.039,,,,,,214.298,660.741,,,,1669.84,70.8,clean,0,,10,54,drone-pi,aarch64,Raspberry Pi 5 Model B Rev 1.0,true,4
1,llama-3.2-1b-instruct-Q4_K_M-warmup,0180,413,,,end_of_speech,1848.324,,,,,,307.014,1541.31,,,,1669.84,69.2,clean,0,,22,61,drone-pi,aarch64,Raspberry Pi 5 Model B Rev 1.0,true,4
1,llama-3.2-1b-instruct-Q4_K_M-warmup,0064,414,,,end_of_speech,1022.544,,,,,,214.308,808.236,,,,1669.84,68.6,clean,0,,12,54,drone-pi,aarch64,Raspberry Pi 5 Model B Rev 1.0,true,4
1,llama-3.2-1b-instruct-Q4_K_M-warmup,0022,415,,,end_of_speech,1315.537,,,,,,214.252,1101.285,,,,1669.84,70.8,clean,0,,16,54,drone-pi,aarch64,Raspberry Pi 5 Model B Rev 1.0,true,4
1,llama-3.2-1b-instruct-Q4_K_M-warmup,0149,416,,,end_of_speech,1809.694,,,,,,268.363,1541.331,,,,1669.84,69.2,clean,0,,22,58,drone-pi,aarch64,Raspberry Pi 5 Model B Rev 1.0,true,4
1,llama-3.2-1b-instruct-Q4_K_M-warmup,0169,417,,,end_of_speech,1713.703,,,,,,316.931,1396.772,,,,1669.84,68.6,clean,0,,20,63,drone-pi,aarch64,Raspberry Pi 5 Model B Rev 1.0,true,4
1,llama-3.2-1b-instruct-Q4_K_M-warmup,0152,418,,,end_of_speech,1071.971,,,,,,263.754,808.217,,,,1669.84,69.7,clean,0,,12,59,drone-pi,aarch64,Raspberry Pi 5 Model B Rev 1.0,true,4
1,llama-3.2-1b-instruct-Q4_K_M-warmup,0010,419,,,end_of_speech,2277.176,,,,,,440.139,1837.037,,,,1669.84,69.2,clean,0,,26,72,drone-pi,aarch64,Raspberry Pi 5 Model B Rev 1.0,true,4
1,llama-3.2-1b-instruct-Q4_K_M-warmup,0151,420,,,end_of_speech,1223.611,,,,,,268.133,955.478,,,,1669.84,70.3,clean,0,,14,58,drone-pi,aarch64,Raspberry Pi 5 Model B Rev 1.0,true,4
1,llama-3.2-1b-instruct-Q4_K_M-warmup,0162,421,,,end_of_speech,1930.264,,,,,,457.035,1473.229,,,,1669.84,69.7,clean,0,,21,72,drone-pi,aarch64,Raspberry Pi 5 Model B Rev 1.0,true,4
1,llama-3.2-1b-instruct-Q4_K_M-warmup,0182,422,,,end_of_speech,588.94,,,,,,222.707,366.233,,,,1669.84,70.8,clean,0,,6,56,drone-pi,aarch64,Raspberry Pi 5 Model B Rev 1.0,true,4
1,llama-3.2-1b-instruct-Q4_K_M-warmup,0072,423,,,end_of_speech,1000.278,,,,,,192.476,807.802,,,,1669.84,70.3,clean,0,,12,53,drone-pi,aarch64,Raspberry Pi 5 Model B Rev 1.0,true,4
1,llama-3.2-1b-instruct-Q4_K_M-warmup,0033,424,,,end_of_speech,926.148,,,,,,267.806,658.342,,,,1669.84,68.6,clean,0,,10,58,drone-pi,aarch64,Raspberry Pi 5 Model B Rev 1.0,true,4
1,llama-3.2-1b-instruct-Q4_K_M-warmup,0116,425,,,end_of_speech,1493.948,,,,,,316.275,1177.673,,,,1669.84,68.1,clean,0,,17,63,drone-pi,aarch64,Raspberry Pi 5 Model B Rev 1.0,true,4
1,llama-3.2-1b-instruct-Q4_K_M-warmup,0105,426,,,end_of_speech,1606.069,,,,,,285.127,1320.942,,,,1669.84,69.2,clean,0,,19,60,drone-pi,aarch64,Raspberry Pi 5 Model B Rev 1.0,true,4
1,llama-3.2-1b-instruct-Q4_K_M-warmup,0089,427,,,end_of_speech,2321.444,,,,,,479.667,1841.777,,,,1669.84,70.3,clean,0,,26,75,drone-pi,aarch64,Raspberry Pi 5 Model B Rev 1.0,true,4
1,llama-3.2-1b-instruct-Q4_K_M-warmup,0062,428,,,end_of_speech,1053.643,,,,,,244.805,808.838,,,,1669.84,67.5,clean,0,,12,57,drone-pi,aarch64,Raspberry Pi 5 Model B Rev 1.0,true,4
1,llama-3.2-1b-instruct-Q4_K_M-warmup,0113,429,,,end_of_speech,2202.119,,,,,,361.833,1840.286,,,,1669.84,69.2,clean,0,,26,65,drone-pi,aarch64,Raspberry Pi 5 Model B Rev 1.0,true,4
1,llama-3.2-1b-instruct-Q4_K_M-warmup,0193,430,,,end_of_speech,1545.364,,,,,,74.293,1471.071,,,,1669.84,68.6,clean,0,,21,67,drone-pi,aarch64,Raspberry Pi 5 Model B Rev 1.0,true,4
1,llama-3.2-1b-instruct-Q4_K_M-warmup,0006,431,,,end_of_speech,559.702,,,,,,192.475,367.227,,,,1669.84,69.7,clean,0,,6,53,drone-pi,aarch64,Raspberry Pi 5 Model B Rev 1.0,true,4
1,llama-3.2-1b-instruct-Q4_K_M-warmup,0196,432,,,end_of_speech,1457.741,,,,,,284.867,1172.874,,,,1669.84,69.7,clean,0,,17,60,drone-pi,aarch64,Raspberry Pi 5 Model B Rev 1.0,true,4
1,llama-3.2-1b-instruct-Q4_K_M-warmup,0186,433,,,end_of_speech,1556.418,,,,,,306.696,1249.722,,,,1669.84,68.6,clean,0,,18,61,drone-pi,aarch64,Raspberry Pi 5 Model B Rev 1.0,true,4
1,llama-3.2-1b-instruct-Q4_K_M-warmup,0075,434,,,end_of_speech,2303.153,,,,,,497.244,1805.909,,,,1669.84,68.1,clean,0,,26,74,drone-pi,aarch64,Raspberry Pi 5 Model B Rev 1.0,true,4
1,llama-3.2-1b-instruct-Q4_K_M-warmup,0131,435,,,end_of_speech,1619.942,,,,,,74.366,1545.576,,,,1669.84,69.2,clean,0,,22,68,drone-pi,aarch64,Raspberry Pi 5 Model B Rev 1.0,true,4
1,llama-3.2-1b-instruct-Q4_K_M-warmup,0121,436,,,end_of_speech,976.587,,,,,,169.932,806.655,,,,1669.84,69.7,clean,0,,12,52,drone-pi,aarch64,Raspberry Pi 5 Model B Rev 1.0,true,4
1,llama-3.2-1b-instruct-Q4_K_M-warmup,0101,437,,,end_of_speech,1480.738,,,,,,306.199,1174.539,,,,1669.84,68.6,clean,0,,17,61,drone-pi,aarch64,Raspberry Pi 5 Model B Rev 1.0,true,4
1,llama-3.2-1b-instruct-Q4_K_M-warmup,0032,438,,,end_of_speech,537.026,,,,,,170.351,366.675,,,,1669.84,70.8,clean,0,,6,52,drone-pi,aarch64,Raspberry Pi 5 Model B Rev 1.0,true,4
1,llama-3.2-1b-instruct-Q4_K_M-warmup,0018,439,,,end_of_speech,579.899,,,,,,214.292,365.607,,,,1669.84,68.6,clean,0,,6,54,drone-pi,aarch64,Raspberry Pi 5 Model B Rev 1.0,true,4
1,llama-3.2-1b-instruct-Q4_K_M-warmup,0049,440,,,end_of_speech,2055.784,,,,,,361.868,1693.916,,,,1669.84,68.6,clean,0,,24,65,drone-pi,aarch64,Raspberry Pi 5 Model B Rev 1.0,true,4
1,llama-3.2-1b-instruct-Q4_K_M-warmup,0065,441,,,end_of_speech,1916.194,,,,,,74.253,1841.941,,,,1669.84,69.7,clean,0,,26,71,drone-pi,aarch64,Raspberry Pi 5 Model B Rev 1.0,true,4
1,llama-3.2-1b-instruct-Q4_K_M-warmup,0110,442,,,end_of_speech,1764.112,,,,,,75.155,1688.957,,,,1669.84,70.3,clean,0,,24,65,drone-pi,aarch64,Raspberry Pi 5 Model B Rev 1.0,true,4
1,llama-3.2-1b-instruct-Q4_K_M-warmup,0048,443,,,end_of_speech,513.166,,,,,,145.441,367.725,,,,1669.84,69.2,clean,0,,6,51,drone-pi,aarch64,Raspberry Pi 5 Model B Rev 1.0,true,4
1,llama-3.2-1b-instruct-Q4_K_M-warmup,0097,444,,,end_of_speech,588.176,,,,,,222.097,366.079,,,,1669.84,70.3,clean,0,,6,56,drone-pi,aarch64,Raspberry Pi 5 Model B Rev 1.0,true,4
1,llama-3.2-1b-instruct-Q4_K_M-warmup,0127,445,,,end_of_speech,1220.205,,,,,,264.078,956.127,,,,1669.84,68.1,clean,0,,14,59,drone-pi,aarch64,Raspberry Pi 5 Model B Rev 1.0,true,4
1,llama-3.2-1b-instruct-Q4_K_M-warmup,0123,446,,,end_of_speech,1608.484,,,,,,285.245,1323.239,,,,1669.84,69.7,clean,0,,19,60,drone-pi,aarch64,Raspberry Pi 5 Model B Rev 1.0,true,4
1,llama-3.2-1b-instruct-Q4_K_M-warmup,0144,447,,,end_of_speech,1077.721,,,,,,268.199,809.522,,,,1669.84,68.6,clean,0,,12,58,drone-pi,aarch64,Raspberry Pi 5 Model B Rev 1.0,true,4
1,llama-3.2-1b-instruct-Q4_K_M-warmup,0057,448,,,end_of_speech,580.391,,,,,,214.42,365.971,,,,1669.84,69.2,clean,0,,6,54,drone-pi,aarch64,Raspberry Pi 5 Model B Rev 1.0,true,4
1,llama-3.2-1b-instruct-Q4_K_M-warmup,0083,449,,,end_of_speech,1409.319,,,,,,306.91,1102.409,,,,1669.84,69.7,clean,0,,16,61,drone-pi,aarch64,Raspberry Pi 5 Model B Rev 1.0,true,4
1,llama-3.2-1b-instruct-Q4_K_M-warmup,0168,450,,,end_of_speech,862.274,,,,,,202.287,659.987,,,,1669.84,68.6,clean,0,,10,55,drone-pi,aarch64,Raspberry Pi 5 Model B Rev 1.0,true,4
1,llama-3.2-1b-instruct-Q4_K_M-warmup,0134,451,,,end_of_speech,1521.154,,,,,,417.314,1103.84,,,,1669.84,69.2,clean,0,,16,69,drone-pi,aarch64,Raspberry Pi 5 Model B Rev 1.0,true,4
1,llama-3.2-1b-instruct-Q4_K_M-warmup,0128,452,,,end_of_speech,1812.034,,,,,,360.449,1451.585,,,,1669.84,70.3,clean,0,,20,65,drone-pi,aarch64,Raspberry Pi 5 Model B Rev 1.0,true,4
1,llama-3.2-1b-instruct-Q4_K_M,0151,0,,,end_of_speech,1225.046,,,,,,267.655,957.391,,,,1669.84,70.8,clean,0,,14,58,drone-pi,aarch64,Raspberry Pi 5 Model B Rev 1.0,true,4
1,llama-3.2-1b-instruct-Q4_K_M,0162,1,,,end_of_speech,1894.887,,,,,,455.747,1439.14,,,,1669.84,70.3,clean,0,,21,72,drone-pi,aarch64,Raspberry Pi 5 Model B Rev 1.0,true,4
1,llama-3.2-1b-instruct-Q4_K_M,0182,2,,,end_of_speech,589.62,,,,,,222.283,367.337,,,,1669.84,70.3,clean,0,,6,56,drone-pi,aarch64,Raspberry Pi 5 Model B Rev 1.0,true,4
1,llama-3.2-1b-instruct-Q4_K_M,0072,3,,,end_of_speech,1000.908,,,,,,192.524,808.384,,,,1669.84,68.6,clean,0,,12,53,drone-pi,aarch64,Raspberry Pi 5 Model B Rev 1.0,true,4
1,llama-3.2-1b-instruct-Q4_K_M,0033,4,,,end_of_speech,928.162,,,,,,267.992,660.17,,,,1669.84,69.2,clean,0,,10,58,drone-pi,aarch64,Raspberry Pi 5 Model B Rev 1.0,true,4
1,llama-3.2-1b-instruct-Q4_K_M,0116,5,,,end_of_speech,1494.947,,,,,,316.251,1178.696,,,,1669.84,69.2,clean,0,,17,63,drone-pi,aarch64,Raspberry Pi 5 Model B Rev 1.0,true,4
1,llama-3.2-1b-instruct-Q4_K_M,0105,6,,,end_of_speech,1611.396,,,,,,285.314,1326.082,,,,1669.84,69.2,clean,0,,19,60,drone-pi,aarch64,Raspberry Pi 5 Model B Rev 1.0,true,4
1,llama-3.2-1b-instruct-Q4_K_M,0089,7,,,end_of_speech,2328.107,,,,,,479.497,1848.61,,,,1669.84,69.7,clean,0,,26,75,drone-pi,aarch64,Raspberry Pi 5 Model B Rev 1.0,true,4
1,llama-3.2-1b-instruct-Q4_K_M,0062,8,,,end_of_speech,1053.764,,,,,,244.308,809.456,,,,1669.84,69.2,clean,0,,12,57,drone-pi,aarch64,Raspberry Pi 5 Model B Rev 1.0,true,4
1,llama-3.2-1b-instruct-Q4_K_M,0113,9,,,end_of_speech,2202.589,,,,,,361.738,1840.851,,,,1669.84,69.7,clean,0,,26,65,drone-pi,aarch64,Raspberry Pi 5 Model B Rev 1.0,true,4
1,llama-3.2-1b-instruct-Q4_K_M,0193,10,,,end_of_speech,1547.672,,,,,,74.096,1473.576,,,,1669.84,67.5,clean,0,,21,67,drone-pi,aarch64,Raspberry Pi 5 Model B Rev 1.0,true,4
1,llama-3.2-1b-instruct-Q4_K_M,0006,11,,,end_of_speech,559.233,,,,,,192.787,366.446,,,,1669.84,68.6,clean,0,,6,53,drone-pi,aarch64,Raspberry Pi 5 Model B Rev 1.0,true,4
1,llama-3.2-1b-instruct-Q4_K_M,0196,12,,,end_of_speech,1463.313,,,,,,285.055,1178.258,,,,1669.84,68.6,clean,0,,17,60,drone-pi,aarch64,Raspberry Pi 5 Model B Rev 1.0,true,4
1,llama-3.2-1b-instruct-Q4_K_M,0186,13,,,end_of_speech,1558.54,,,,,,306.867,1251.673,,,,1669.84,68.6,clean,0,,18,61,drone-pi,aarch64,Raspberry Pi 5 Model B Rev 1.0,true,4
1,llama-3.2-1b-instruct-Q4_K_M,0075,14,,,end_of_speech,2342.625,,,,,,498.39,1844.235,,,,1669.84,69.7,clean,0,,26,74,drone-pi,aarch64,Raspberry Pi 5 Model B Rev 1.0,true,4
1,llama-3.2-1b-instruct-Q4_K_M,0131,15,,,end_of_speech,1620.887,,,,,,74.337,1546.55,,,,1669.84,68.6,clean,0,,22,68,drone-pi,aarch64,Raspberry Pi 5 Model B Rev 1.0,true,4
1,llama-3.2-1b-instruct-Q4_K_M,0121,16,,,end_of_speech,978.553,,,,,,169.698,808.855,,,,1669.84,68.1,clean,0,,12,52,drone-pi,aarch64,Raspberry Pi 5 Model B Rev 1.0,true,4
1,llama-3.2-1b-instruct-Q4_K_M,0101,17,,,end_of_speech,1484.345,,,,,,306.931,1177.414,,,,1669.84,69.7,clean,0,,17,61,drone-pi,aarch64,Raspberry Pi 5 Model B Rev 1.0,true,4
1,llama-3.2-1b-instruct-Q4_K_M,0032,18,,,end_of_speech,537.084,,,,,,169.919,367.165,,,,1669.84,69.7,clean,0,,6,52,drone-pi,aarch64,Raspberry Pi 5 Model B Rev 1.0,true,4
1,llama-3.2-1b-instruct-Q4_K_M,0018,19,,,end_of_speech,580.959,,,,,,214.027,366.932,,,,1669.84,70.3,clean,0,,6,54,drone-pi,aarch64,Raspberry Pi 5 Model B Rev 1.0,true,4
1,llama-3.2-1b-instruct-Q4_K_M,0049,20,,,end_of_speech,2018.189,,,,,,362.373,1655.816,,,,1669.84,69.2,clean,0,,24,65,drone-pi,aarch64,Raspberry Pi 5 Model B Rev 1.0,true,4
1,llama-3.2-1b-instruct-Q4_K_M,0065,21,,,end_of_speech,1917.186,,,,,,74.734,1842.452,,,,1669.84,68.1,clean,0,,26,71,drone-pi,aarch64,Raspberry Pi 5 Model B Rev 1.0,true,4
1,llama-3.2-1b-instruct-Q4_K_M,0110,22,,,end_of_speech,1768.566,,,,,,75.09,1693.476,,,,1669.84,69.7,clean,0,,24,65,drone-pi,aarch64,Raspberry Pi 5 Model B Rev 1.0,true,4
1,llama-3.2-1b-instruct-Q4_K_M,0048,23,,,end_of_speech,512.994,,,,,,145.653,367.341,,,,1669.84,69.2,clean,0,,6,51,drone-pi,aarch64,Raspberry Pi 5 Model B Rev 1.0,true,4
1,llama-3.2-1b-instruct-Q4_K_M,0097,24,,,end_of_speech,590.327,,,,,,222.503,367.824,,,,1669.84,69.7,clean,0,,6,56,drone-pi,aarch64,Raspberry Pi 5 Model B Rev 1.0,true,4
1,llama-3.2-1b-instruct-Q4_K_M,0127,25,,,end_of_speech,1219.319,,,,,,264.022,955.297,,,,1669.84,69.2,clean,0,,14,59,drone-pi,aarch64,Raspberry Pi 5 Model B Rev 1.0,true,4
1,llama-3.2-1b-instruct-Q4_K_M,0123,26,,,end_of_speech,1608.535,,,,,,285.373,1323.162,,,,1669.84,68.6,clean,0,,19,60,drone-pi,aarch64,Raspberry Pi 5 Model B Rev 1.0,true,4
1,llama-3.2-1b-instruct-Q4_K_M,0144,27,,,end_of_speech,1076.667,,,,,,268.046,808.621,,,,1669.84,68.6,clean,0,,12,58,drone-pi,aarch64,Raspberry Pi 5 Model B Rev 1.0,true,4
1,llama-3.2-1b-instruct-Q4_K_M,0057,28,,,end_of_speech,581.446,,,,,,214.057,367.389,,,,1669.84,68.6,clean,0,,6,54,drone-pi,aarch64,Raspberry Pi 5 Model B Rev 1.0,true,4
1,llama-3.2-1b-instruct-Q4_K_M,0083,29,,,end_of_speech,1411.916,,,,,,306.7,1105.216,,,,1669.84,68.6,clean,0,,16,61,drone-pi,aarch64,Raspberry Pi 5 Model B Rev 1.0,true,4
1,llama-3.2-1b-instruct-Q4_K_M,0168,30,,,end_of_speech,867.456,,,,,,202.978,664.478,,,,1669.84,69.2,clean,0,,10,55,drone-pi,aarch64,Raspberry Pi 5 Model B Rev 1.0,true,4
1,llama-3.2-1b-instruct-Q4_K_M,0134,31,,,end_of_speech,1523.714,,,,,,417.913,1105.801,,,,1669.84,68.6,clean,0,,16,69,drone-pi,aarch64,Raspberry Pi 5 Model B Rev 1.0,true,4
1,llama-3.2-1b-instruct-Q4_K_M,0128,32,,,end_of_speech,1761.335,,,,,,362.291,1399.044,,,,1669.84,69.7,clean,0,,20,65,drone-pi,aarch64,Raspberry Pi 5 Model B Rev 1.0,true,4
1,llama-3.2-1b-instruct-Q4_K_M,0092,33,,,end_of_speech,1351.087,,,,,,244.85,1106.237,,,,1669.84,70.3,clean,0,,16,57,drone-pi,aarch64,Raspberry Pi 5 Model B Rev 1.0,true,4
1,llama-3.2-1b-instruct-Q4_K_M,0120,34,,,end_of_speech,1785.001,,,,,,457.468,1327.533,,,,1669.86,68.6,clean,0,,19,72,drone-pi,aarch64,Raspberry Pi 5 Model B Rev 1.0,true,4
1,llama-3.2-1b-instruct-Q4_K_M,0059,35,,,end_of_speech,1663.035,,,,,,337.802,1325.233,,,,1669.86,69.7,clean,0,,19,64,drone-pi,aarch64,Raspberry Pi 5 Model B Rev 1.0,true,4
1,llama-3.2-1b-instruct-Q4_K_M,0141,36,,,end_of_speech,1735.997,,,,,,436.149,1299.848,,,,1669.86,70.3,clean,0,,19,70,drone-pi,aarch64,Raspberry Pi 5 Model B Rev 1.0,true,4
1,llama-3.2-1b-instruct-Q4_K_M,0108,37,,,end_of_speech,1097.163,,,,,,285.614,811.549,,,,1669.86,70.8,clean,0,,12,60,drone-pi,aarch64,Raspberry Pi 5 Model B Rev 1.0,true,4
1,llama-3.2-1b-instruct-Q4_K_M,0159,38,,,end_of_speech,1464.218,,,,,,284.955,1179.263,,,,1669.86,68.6,clean,0,,17,60,drone-pi,aarch64,Raspberry Pi 5 Model B Rev 1.0,true,4
1,llama-3.2-1b-instruct-Q4_K_M,0056,39,,,end_of_speech,1408.393,,,,,,307.02,1101.373,,,,1669.86,68.6,clean,0,,16,61,drone-pi,aarch64,Raspberry Pi 5 Model B Rev 1.0,true,4
1,llama-3.2-1b-instruct-Q4_K_M,0009,40,,,end_of_speech,613.301,,,,,,244.344,368.957,,,,1669.86,68.6,clean,0,,6,57,drone-pi,aarch64,Raspberry Pi 5 Model B Rev 1.0,true,4
1,llama-3.2-1b-instruct-Q4_K_M,0038,41,,,end_of_speech,2297.86,,,,,,457.909,1839.951,,,,1669.86,69.7,clean,0,,26,72,drone-pi,aarch64,Raspberry Pi 5 Model B Rev 1.0,true,4
1,llama-3.2-1b-instruct-Q4_K_M,0167,42,,,end_of_speech,1350.756,,,,,,245.033,1105.723,,,,1669.86,68.6,clean,0,,16,57,drone-pi,aarch64,Raspberry Pi 5 Model B Rev 1.0,true,4
1,llama-3.2-1b-instruct-Q4_K_M,0114,43,,,end_of_speech,1859.438,,,,,,376.323,1483.115,,,,1669.86,70.3,clean,0,,20,67,drone-pi,aarch64,Raspberry Pi 5 Model B Rev 1.0,true,4
1,llama-3.2-1b-instruct-Q4_K_M,0145,44,,,end_of_speech,581.738,,,,,,214.833,366.905,,,,1669.86,69.2,clean,0,,6,54,drone-pi,aarch64,Raspberry Pi 5 Model B Rev 1.0,true,4
1,llama-3.2-1b-instruct-Q4_K_M,0137,45,,,end_of_speech,1034.339,,,,,,222.636,811.703,,,,1669.86,69.7,clean,0,,12,57,drone-pi,aarch64,Raspberry Pi 5 Model B Rev 1.0,true,4
1,llama-3.2-1b-instruct-Q4_K_M,0020,46,,,end_of_speech,863.92,,,,,,202.293,661.627,,,,1669.86,69.7,clean,0,,10,55,drone-pi,aarch64,Raspberry Pi 5 Model B Rev 1.0,true,4
1,llama-3.2-1b-instruct-Q4_K_M,0080,47,,,end_of_speech,559.556,,,,,,192.672,366.884,,,,1669.86,69.7,clean,0,,6,53,drone-pi,aarch64,Raspberry Pi 5 Model B Rev 1.0,true,4
1,llama-3.2-1b-instruct-Q4_K_M,0069,48,,,end_of_speech,1013.3,,,,,,202.954,810.346,,,,1669.86,70.3,clean,0,,12,55,drone-pi,aarch64,Raspberry Pi 5 Model B Rev 1.0,true,4
1,llama-3.2-1b-instruct-Q4_K_M,0047,49,,,end_of_speech,1096.146,,,,,,285.332,810.814,,,,1669.86,69.7,clean,0,,12,60,drone-pi,aarch64,Raspberry Pi 5 Model B Rev 1.0,true,4
1,llama-3.2-1b-instruct-Q4_K_M,0050,50,,,end_of_speech,1073.777,,,,,,263.639,810.138,,,,1669.86,68.6,clean,0,,12,59,drone-pi,aarch64,Raspberry Pi 5 Model B Rev 1.0,true,4
1,llama-3.2-1b-instruct-Q4_K_M,0172,51,,,end_of_speech,1412.322,,,,,,306.769,1105.553,,,,1669.86,69.2,clean,0,,16,61,drone-pi,aarch64,Raspberry Pi 5 Model B Rev 1.0,true,4
1,llama-3.2-1b-instruct-Q4_K_M,0076,52,,,end_of_speech,876.269,,,,,,214.513,661.756,,,,1669.86,69.2,clean,0,,10,54,drone-pi,aarch64,Raspberry Pi 5 Model B Rev 1.0,true,4
1,llama-3.2-1b-instruct-Q4_K_M,0180,53,,,end_of_speech,1850.04,,,,,,306.809,1543.231,,,,1669.86,70.3,clean,0,,22,61,drone-pi,aarch64,Raspberry Pi 5 Model B Rev 1.0,true,4
1,llama-3.2-1b-instruct-Q4_K_M,0064,54,,,end_of_speech,1024.523,,,,,,214.446,810.077,,,,1669.86,69.7,clean,0,,12,54,drone-pi,aarch64,Raspberry Pi 5 Model B Rev 1.0,true,4
1,llama-3.2-1b-instruct-Q4_K_M,0022,55,,,end_of_speech,1316.706,,,,,,214.341,1102.365,,,,1669.86,70.3,clean,0,,16,54,drone-pi,aarch64,Raspberry Pi 5 Model B Rev 1.0,true,4
1,llama-3.2-1b-instruct-Q4_K_M,0149,56,,,end_of_speech,1816.708,,,,,,268.695,1548.013,,,,1669.86,69.2,clean,0,,22,58,drone-pi,aarch64,Raspberry Pi 5 Model B Rev 1.0,true,4
1,llama-3.2-1b-instruct-Q4_K_M,0169,57,,,end_of_speech,1715.785,,,,,,316.568,1399.217,,,,1669.86,68.1,clean,0,,20,63,drone-pi,aarch64,Raspberry Pi 5 Model B Rev 1.0,true,4
1,llama-3.2-1b-instruct-Q4_K_M,0152,58,,,end_of_speech,1073.673,,,,,,264.155,809.518,,,,1669.86,70.3,clean,0,,12,59,drone-pi,aarch64,Raspberry Pi 5 Model B Rev 1.0,true,4
1,llama-3.2-1b-instruct-Q4_K_M,0010,59,,,end_of_speech,2282.447,,,,,,439.251,1843.196,,,,1669.86,68.6,clean,0,,26,72,drone-pi,aarch64,Raspberry Pi 5 Model B Rev 1.0,true,4
1,qwen2.5-0.5b-instruct-Q4_K_M-warmup,0151,0,,,end_of_speech,1016.35,,,,,,537.019,479.331,,,,664.98,68.1,clean,0,,14,37,drone-pi,aarch64,Raspberry Pi 5 Model B Rev 1.0,true,4
1,qwen2.5-0.5b-instruct-Q4_K_M-warmup,0162,1,,,end_of_speech,1163.427,,,,,,423.582,739.845,,,,665.16,67.0,clean,0,,21,51,drone-pi,aarch64,Raspberry Pi 5 Model B Rev 1.0,true,4
1,qwen2.5-0.5b-instruct-Q4_K_M-warmup,0182,2,,,end_of_speech,384.3,,,,,,199.012,185.288,,,,665.28,69.7,clean,0,,6,35,drone-pi,aarch64,Raspberry Pi 5 Model B Rev 1.0,true,4
1,qwen2.5-0.5b-instruct-Q4_K_M-warmup,0072,3,,,end_of_speech,566.031,,,,,,159.49,406.541,,,,665.39,68.6,clean,0,,12,32,drone-pi,aarch64,Raspberry Pi 5 Model B Rev 1.0,true,4
1,qwen2.5-0.5b-instruct-Q4_K_M-warmup,0033,4,,,end_of_speech,562.001,,,,,,228.817,333.184,,,,665.47,70.3,clean,0,,10,37,drone-pi,aarch64,Raspberry Pi 5 Model B Rev 1.0,true,4
1,qwen2.5-0.5b-instruct-Q4_K_M-warmup,0116,5,,,end_of_speech,942.315,,,,,,311.765,630.55,,,,665.48,69.7,clean,0,,18,43,drone-pi,aarch64,Raspberry Pi 5 Model B Rev 1.0,true,4
1,qwen2.5-0.5b-instruct-Q4_K_M-warmup,0105,6,,,end_of_speech,920.541,,,,,,257.993,662.548,,,,665.5,69.7,clean,0,,19,39,drone-pi,aarch64,Raspberry Pi 5 Model B Rev 1.0,true,4
1,qwen2.5-0.5b-instruct-Q4_K_M-warmup,0089,7,,,end_of_speech,1461.552,,,,,,464.52,997.032,,,,666.17,69.2,clean,0,,28,56,drone-pi,aarch64,Raspberry Pi 5 Model B Rev 1.0,true,4
1,qwen2.5-0.5b-instruct-Q4_K_M-warmup,0062,8,,,end_of_speech,621.102,,,,,,215.058,406.044,,,,667.16,70.8,clean,0,,12,36,drone-pi,aarch64,Raspberry Pi 5 Model B Rev 1.0,true,4
1,qwen2.5-0.5b-instruct-Q4_K_M-warmup,0113,9,,,end_of_speech,1325.765,,,,,,327.112,998.653,,,,667.72,69.2,clean,0,,28,44,drone-pi,aarch64,Raspberry Pi 5 Model B Rev 1.0,true,4
1,qwen2.5-0.5b-instruct-Q4_K_M-warmup,0193,10,,,end_of_speech,1142.962,,,,,,365.919,777.043,,,,668.56,69.7,clean,0,,22,47,drone-pi,aarch64,Raspberry Pi 5 Model B Rev 1.0,true,4
1,qwen2.5-0.5b-instruct-Q4_K_M-warmup,0006,11,,,end_of_speech,345.472,,,,,,159.594,185.878,,,,669.38,73.0,clean,0,,6,32,drone-pi,aarch64,Raspberry Pi 5 Model B Rev 1.0,true,4
1,qwen2.5-0.5b-instruct-Q4_K_M-warmup,0196,12,,,end_of_speech,700.068,,,,,,257.456,442.612,,,,669.39,71.4,clean,0,,13,39,drone-pi,aarch64,Raspberry Pi 5 Model B Rev 1.0,true,4
1,qwen2.5-0.5b-instruct-Q4_K_M-warmup,0186,13,,,end_of_speech,971.596,,,,,,271.292,700.304,,,,669.98,69.7,clean,0,,20,40,drone-pi,aarch64,Raspberry Pi 5 Model B Rev 1.0,true,4
1,qwen2.5-0.5b-instruct-Q4_K_M-warmup,0075,14,,,end_of_speech,1376.839,,,,,,452.872,923.967,,,,670.67,70.3,clean,0,,26,53,drone-pi,aarch64,Raspberry Pi 5 Model B Rev 1.0,true,4
1,qwen2.5-0.5b-instruct-Q4_K_M-warmup,0131,15,,,end_of_speech,1142.169,,,,,,366.188,775.981,,,,671.61,71.9,clean,0,,22,47,drone-pi,aarch64,Raspberry Pi 5 Model B Rev 1.0,true,4
1,qwen2.5-0.5b-instruct-Q4_K_M-warmup,0121,16,,,end_of_speech,587.846,,,,,,145.53,442.316,,,,672.41,70.3,clean,0,,13,31,drone-pi,aarch64,Raspberry Pi 5 Model B Rev 1.0,true,4
1,qwen2.5-0.5b-instruct-Q4_K_M-warmup,0101,17,,,end_of_speech,905.269,,,,,,271.57,633.699,,,,672.41,71.9,clean,0,,18,40,drone-pi,aarch64,Raspberry Pi 5 Model B Rev 1.0,true,4
1,qwen2.5-0.5b-instruct-Q4_K_M-warmup,0032,18,,,end_of_speech,340.483,,,,,,147.105,193.378,,,,673.08,70.8,clean,0,,6,31,drone-pi,aarch64,Raspberry Pi 5 Model B Rev 1.0,true,4
1,qwen2.5-0.5b-instruct-Q4_K_M-warmup,0018,19,,,end_of_speech,366.391,,,,,,174.733,191.658,,,,673.08,71.4,clean,0,,6,33,drone-pi,aarch64,Raspberry Pi 5 Model B Rev 1.0,true,4
1,qwen2.5-0.5b-instruct-Q4_K_M-warmup,0049,20,,,end_of_speech,1176.826,,,,,,327.268,849.558,,,,673.08,71.9,clean,0,,24,44,drone-pi,aarch64,Raspberry Pi 5 Model B Rev 1.0,true,4
1,qwen2.5-0.5b-instruct-Q4_K_M-warmup,0065,21,,,end_of_speech,1421.758,,,,,,425.309,996.449,,,,673.86,71.4,clean,0,,27,51,drone-pi,aarch64,Raspberry Pi 5 Model B Rev 1.0,true,4
1,qwen2.5-0.5b-instruct-Q4_K_M-warmup,0110,22,,,end_of_speech,1212.536,,,,,,328.931,883.605,,,,674.77,71.9,clean,0,,24,44,drone-pi,aarch64,Raspberry Pi 5 Model B Rev 1.0,true,4
1,qwen2.5-0.5b-instruct-Q4_K_M-warmup,0048,23,,,end_of_speech,322.279,,,,,,130.054,192.225,,,,675.55,71.9,clean,0,,6,30,drone-pi,aarch64,Raspberry Pi 5 Model B Rev 1.0,true,4
1,qwen2.5-0.5b-instruct-Q4_K_M-warmup,0097,24,,,end_of_speech,383.848,,,,,,198.989,184.859,,,,675.55,71.9,clean,0,,6,35,drone-pi,aarch64,Raspberry Pi 5 Model B Rev 1.0,true,4
1,qwen2.5-0.5b-instruct-Q4_K_M-warmup,0127,25,,,end_of_speech,718.73,,,,,,240.489,478.241,,,,675.55,71.9,clean,0,,14,38,drone-pi,aarch64,Raspberry Pi 5 Model B Rev 1.0,true,4
1,qwen2.5-0.5b-instruct-Q4_K_M-warmup,0123,26,,,end_of_speech,987.932,,,,,,258.685,729.247,,,,676.16,70.3,clean,0,,20,39,drone-pi,aarch64,Raspberry Pi 5 Model B Rev 1.0,true,4
1,qwen2.5-0.5b-instruct-Q4_K_M-warmup,0144,27,,,end_of_speech,700.653,,,,,,241.375,459.278,,,,676.83,71.9,clean,0,,13,38,drone-pi,aarch64,Raspberry Pi 5 Model B Rev 1.0,true,4
1,qwen2.5-0.5b-instruct-Q4_K_M-warmup,0057,28,,,end_of_speech,367.552,,,,,,174.941,192.611,,,,677.42,71.9,clean,0,,6,33,drone-pi,aarch64,Raspberry Pi 5 Model B Rev 1.0,true,4
1,qwen2.5-0.5b-instruct-Q4_K_M-warmup,0083,29,,,end_of_speech,883.752,,,,,,272.508,611.244,,,,677.42,70.3,clean,0,,17,40,drone-pi,aarch64,Raspberry Pi 5 Model B Rev 1.0,true,4
1,qwen2.5-0.5b-instruct-Q4_K_M-warmup,0168,30,,,end_of_speech,506.907,,,,,,160.756,346.151,,,,678.08,70.3,clean,0,,10,34,drone-pi,aarch64,Raspberry Pi 5 Model B Rev 1.0,true,4
1,qwen2.5-0.5b-instruct-Q4_K_M-warmup,0134,31,,,end_of_speech,1013.701,,,,,,398.51,615.191,,,,678.08,70.8,clean,0,,17,49,drone-pi,aarch64,Raspberry Pi 5 Model B Rev 1.0,true,4
1,qwen2.5-0.5b-instruct-Q4_K_M-warmup,0128,32,,,end_of_speech,1057.392,,,,,,328.404,728.988,,,,678.84,71.9,clean,0,,20,44,drone-pi,aarch64,Raspberry Pi 5 Model B Rev 1.0,true,4
1,qwen2.5-0.5b-instruct-Q4_K_M-warmup,0092,33,,,end_of_speech,811.226,,,,,,200.032,611.194,,,,679.58,71.9,clean,0,,17,36,drone-pi,aarch64,Raspberry Pi 5 Model B Rev 1.0,true,4
1,qwen2.5-0.5b-instruct-Q4_K_M-warmup,0120,34,,,end_of_speech,1171.465,,,,,,441.24,730.225,,,,679.58,71.9,clean,0,,20,52,drone-pi,aarch64,Raspberry Pi 5 Model B Rev 1.0,true,4
1,qwen2.5-0.5b-instruct-Q4_K_M-warmup,0059,35,,,end_of_speech,1002.442,,,,,,312.88,689.562,,,,680.41,73.6,clean,0,,19,43,drone-pi,aarch64,Raspberry Pi 5 Model B Rev 1.0,true,4
1,qwen2.5-0.5b-instruct-Q4_K_M-warmup,0141,36,,,end_of_speech,1091.051,,,,,,398.165,692.886,,,,681.12,72.5,clean,0,,19,49,drone-pi,aarch64,Raspberry Pi 5 Model B Rev 1.0,true,4
1,qwen2.5-0.5b-instruct-Q4_K_M-warmup,0108,37,,,end_of_speech,681.606,,,,,,259.544,422.062,,,,681.92,71.9,clean,0,,12,39,drone-pi,aarch64,Raspberry Pi 5 Model B Rev 1.0,true,4
1,qwen2.5-0.5b-instruct-Q4_K_M-warmup,0159,38,,,end_of_speech,872.409,,,,,,258.87,613.539,,,,681.94,71.4,clean,0,,17,39,drone-pi,aarch64,Raspberry Pi 5 Model B Rev 1.0,true,4
1,qwen2.5-0.5b-instruct-Q4_K_M-warmup,0056,39,,,end_of_speech,874.406,,,,,,287.193,587.213,,,,682.58,70.8,clean,0,,17,41,drone-pi,aarch64,Raspberry Pi 5 Model B Rev 1.0,true,4
1,qwen2.5-0.5b-instruct-Q4_K_M-warmup,0009,40,,,end_of_speech,399.365,,,,,,215.029,184.336,,,,683.27,73.0,clean,0,,6,36,drone-pi,aarch64,Raspberry Pi 5 Model B Rev 1.0,true,4
1,qwen2.5-0.5b-instruct-Q4_K_M-warmup,0038,41,,,end_of_speech,1540.015,,,,,,465.903,1074.112,,,,683.27,70.8,clean,0,,29,54,drone-pi,aarch64,Raspberry Pi 5 Model B Rev 1.0,true,4
1,qwen2.5-0.5b-instruct-Q4_K_M-warmup,0167,42,,,end_of_speech,882.777,,,,,,230.664,652.113,,,,684.22,70.8,clean,0,,17,37,drone-pi,aarch64,Raspberry Pi 5 Model B Rev 1.0,true,4
1,qwen2.5-0.5b-instruct-Q4_K_M-warmup,0114,43,,,end_of_speech,1084.952,,,,,,351.206,733.746,,,,684.84,72.5,clean,0,,20,46,drone-pi,aarch64,Raspberry Pi 5 Model B Rev 1.0,true,4
1,qwen2.5-0.5b-instruct-Q4_K_M-warmup,0145,44,,,end_of_speech,366.684,,,,,,174.665,192.019,,,,684.84,73.0,clean,0,,6,33,drone-pi,aarch64,Raspberry Pi 5 Model B Rev 1.0,true,4
1,qwen2.5-0.5b-instruct-Q4_K_M-warmup,0137,45,,,end_of_speech,621.881,,,,,,200.517,421.364,,,,684.84,70.8,clean,0,,12,36,drone-pi,aarch64,Raspberry Pi 5 Model B Rev 1.0,true,4
1,qwen2.5-0.5b-instruct-Q4_K_M-warmup,0020,46,,,end_of_speech,532.968,,,,,,185.392,347.576,,,,685.41,70.8,clean,0,,10,34,drone-pi,aarch64,Raspberry Pi 5 Model B Rev 1.0,true,4
1,qwen2.5-0.5b-instruct-Q4_K_M-warmup,0080,47,,,end_of_speech,353.82,,,,,,160.516,193.304,,,,685.41,70.3,clean,0,,6,32,drone-pi,aarch64,Raspberry Pi 5 Model B Rev 1.0,true,4
1,qwen2.5-0.5b-instruct-Q4_K_M-warmup,0069,48,,,end_of_speech,646.136,,,,,,185.577,460.559,,,,685.42,71.4,clean,0,,13,34,drone-pi,aarch64,Raspberry Pi 5 Model B Rev 1.0,true,4
1,qwen2.5-0.5b-instruct-Q4_K_M-warmup,0047,49,,,end_of_speech,680.985,,,,,,258.665,422.32,,,,685.95,72.5,clean,0,,12,39,drone-pi,aarch64,Raspberry Pi 5 Model B Rev 1.0,true,4
1,qwen2.5-0.5b-instruct-Q4_K_M-warmup,0050,50,,,end_of_speech,661.666,,,,,,241.3,420.366,,,,686.55,70.8,clean,0,,12,38,drone-pi,aarch64,Raspberry Pi 5 Model B Rev 1.0,true,4
1,qwen2.5-0.5b-instruct-Q4_K_M-warmup,0172,51,,,end_of_speech,901.319,,,,,,288.015,613.304,,,,687.12,72.5,clean,0,,17,41,drone-pi,aarch64,Raspberry Pi 5 Model B Rev 1.0,true,4
1,qwen2.5-0.5b-instruct-Q4_K_M-warmup,0076,52,,,end_of_speech,519.964,,,,,,175.136,344.828,,,,687.8,71.9,clean,0,,10,33,drone-pi,aarch64,Raspberry Pi 5 Model B Rev 1.0,true,4
1,qwen2.5-0.5b-instruct-Q4_K_M-warmup,0180,53,,,end_of_speech,1091.695,,,,,,288.482,803.213,,,,687.8,72.5,clean,0,,22,41,drone-pi,aarch64,Raspberry Pi 5 Model B Rev 1.0,true,4
1,qwen2.5-0.5b-instruct-Q4_K_M-warmup,0064,54,,,end_of_speech,609.841,,,,,,147.539,462.302,,,,688.53,71.4,clean,0,,13,33,drone-pi,aarch64,Raspberry Pi 5 Model B Rev 1.0,true,4
1,qwen2.5-0.5b-instruct-Q4_K_M-warmup,0022,55,,,end_of_speech,797.886,,,,,,185.1,612.786,,,,688.53,70.8,clean,0,,17,34,drone-pi,aarch64,Raspberry Pi 5 Model B Rev 1.0,true,4
1,qwen2.5-0.5b-instruct-Q4_K_M-warmup,0149,56,,,end_of_speech,1035.481,,,,,,229.799,805.682,,,,689.12,70.8,clean,0,,22,37,drone-pi,aarch64,Raspberry Pi 5 Model B Rev 1.0,true,4
1,qwen2.5-0.5b-instruct-Q4_K_M-warmup,0169,57,,,end_of_speech,1079.12,,,,,,273.823,805.297,,,,689.8,71.9,clean,0,,22,42,drone-pi,aarch64,Raspberry Pi 5 Model B Rev 1.0,true,4
1,qwen2.5-0.5b-instruct-Q4_K_M-warmup,0152,58,,,end_of_speech,637.079,,,,,,216.04,421.039,,,,690.53,70.8,clean,0,,12,38,drone-pi,aarch64,Raspberry Pi 5 Model B Rev 1.0,true,4
1,qwen2.5-0.5b-instruct-Q4_K_M-warmup,0010,59,,,end_of_speech,1460.561,,,,,,425.385,1035.176,,,,690.53,71.4,clean,0,,28,53,drone-pi,aarch64,Raspberry Pi 5 Model B Rev 1.0,true,4
1,qwen2.5-0.5b-instruct-Q4_K_M-warmup,0151,60,,,end_of_speech,684.422,,,,,,185.642,498.78,,,,691.5,70.8,clean,0,,14,37,drone-pi,aarch64,Raspberry Pi 5 Model B Rev 1.0,true,4
1,qwen2.5-0.5b-instruct-Q4_K_M-warmup,0162,61,,,end_of_speech,802.981,,,,,,38.822,764.159,,,,691.5,70.8,clean,0,,21,51,drone-pi,aarch64,Raspberry Pi 5 Model B Rev 1.0,true,4
1,qwen2.5-0.5b-instruct-Q4_K_M-warmup,0182,62,,,end_of_speech,393.302,,,,,,200.657,192.645,,,,691.5,72.5,clean,0,,6,35,drone-pi,aarch64,Raspberry Pi 5 Model B Rev 1.0,true,4
1,qwen2.5-0.5b-instruct-Q4_K_M-warmup,0072,63,,,end_of_speech,583.206,,,,,,160.3,422.906,,,,691.5,72.5,clean,0,,12,32,drone-pi,aarch64,Raspberry Pi 5 Model B Rev 1.0,true,4
1,qwen2.5-0.5b-instruct-Q4_K_M-warmup,0033,64,,,end_of_speech,575.323,,,,,,230.121,345.202,,,,691.5,71.9,clean,0,,10,37,drone-pi,aarch64,Raspberry Pi 5 Model B Rev 1.0,true,4
1,qwen2.5-0.5b-instruct-Q4_K_M-warmup,0116,65,,,end_of_speech,965.154,,,,,,313.185,651.969,,,,691.5,72.5,clean,0,,18,43,drone-pi,aarch64,Raspberry Pi 5 Model B Rev 1.0,true,4
1,qwen2.5-0.5b-instruct-Q4_K_M-warmup,0105,66,,,end_of_speech,724.138,,,,,,38.786,685.352,,,,692.2,71.9,clean,0,,19,39,drone-pi,aarch64,Raspberry Pi 5 Model B Rev 1.0,true,4
1,qwen2.5-0.5b-instruct-Q4_K_M-warmup,0089,67,,,end_of_speech,1074.48,,,,,,38.28,1036.2,,,,692.2,71.9,clean,0,,28,56,drone-pi,aarch64,Raspberry Pi 5 Model B Rev 1.0,true,4
1,qwen2.5-0.5b-instruct-Q4_K_M-warmup,0062,68,,,end_of_speech,456.25,,,,,,38.487,417.763,,,,692.2,70.8,clean,0,,12,36,drone-pi,aarch64,Raspberry Pi 5 Model B Rev 1.0,true,4
1,qwen2.5-0.5b-instruct-Q4_K_M-warmup,0113,69,,,end_of_speech,1073.386,,,,,,38.774,1034.612,,,,692.2,72.5,clean,0,,28,44,drone-pi,aarch64,Raspberry Pi 5 Model B Rev 1.0,true,4
1,qwen2.5-0.5b-instruct-Q4_K_M-warmup,0193,70,,,end_of_speech,1148.695,,,,,,342.49,806.205,,,,692.2,72.5,clean,0,,22,47,drone-pi,aarch64,Raspberry Pi 5 Model B Rev 1.0,true,4
1,qwen2.5-0.5b-instruct-Q4_K_M-warmup,0006,71,,,end_of_speech,354.03,,,,,,160.867,193.163,,,,692.2,73.0,clean,0,,6,32,drone-pi,aarch64,Raspberry Pi 5 Model B Rev 1.0,true,4
1,qwen2.5-0.5b-instruct-Q4_K_M-warmup,0196,72,,,end_of_speech,720.965,,,,,,259.009,461.956,,,,692.2,71.4,clean,0,,13,39,drone-pi,aarch64,Raspberry Pi 5 Model B Rev 1.0,true,4
1,qwen2.5-0.5b-instruct-Q4_K_M-warmup,0186,73,,,end_of_speech,763.37,,,,,,38.15,725.22,,,,692.2,72.5,clean,0,,20,40,drone-pi,aarch64,Raspberry Pi 5 Model B Rev 1.0,true,4
1,qwen2.5-0.5b-instruct-Q4_K_M-warmup,0075,74,,,end_of_speech,996.587,,,,,,38.32,958.267,,,,692.2,70.8,clean,0,,26,53,drone-pi,aarch64,Raspberry Pi 5 Model B Rev 1.0,true,4
1,qwen2.5-0.5b-instruct-Q4_K_M-warmup,0131,75,,,end_of_speech,840.36,,,,,,38.233,802.127,,,,692.2,72.5,clean,0,,22,47,drone-pi,aarch64,Raspberry Pi 5 Model B Rev 1.0,true,4
1,qwen2.5-0.5b-instruct-Q4_K_M-warmup,0121,76,,,end_of_speech,590.726,,,,,,130.793,459.933,,,,692.2,72.5,clean,0,,13,31,drone-pi,aarch64,Raspberry Pi 5 Model B Rev 1.0,true,4
1,qwen2.5-0.5b-instruct-Q4_K_M-warmup,0101,77,,,end_of_speech,924.523,,,,,,272.354,652.169,,,,692.2,71.9,clean,0,,18,40,drone-pi,aarch64,Raspberry Pi 5 Model B Rev 1.0,true,4
1,qwen2.5-0.5b-instruct-Q4_K_M-warmup,0032,78,,,end_of_speech,339.591,,,,,,147.015,192.576,,,,692.2,71.9,clean,0,,6,31,drone-pi,aarch64,Raspberry Pi 5 Model B Rev 1.0,true,4
1,qwen2.5-0.5b-instruct-Q4_K_M-warmup,0018,79,,,end_of_speech,368.004,,,,,,174.954,193.05,,,,692.2,73.0,clean,0,,6,33,drone-pi,aarch64,Raspberry Pi 5 Model B Rev 1.0,true,4
1,qwen2.5-0.5b-instruct-Q4_K_M-warmup,0049,80,,,end_of_speech,1214.33,,,,,,328.525,885.805,,,,692.2,71.4,clean,0,,24,44,drone-pi,aarch64,Raspberry Pi 5 Model B Rev 1.0,true,4
1,qwen2.5-0.5b-instruct-Q4_K_M-warmup,0065,81,,,end_of_speech,1033.624,,,,,,38.241,995.383,,,,692.2,71.9,clean,0,,27,51,drone-pi,aarch64,Raspberry Pi 5 Model B Rev 1.0,true,4
1,qwen2.5-0.5b-instruct-Q4_K_M-warmup,0110,82,,,end_of_speech,918.109,,,,,,38.144,879.965,,,,692.2,71.4,clean,0,,24,44,drone-pi,aarch64,Raspberry Pi 5 Model B Rev 1.0,true,4
1,qwen2.5-0.5b-instruct-Q4_K_M-warmup,0048,83,,,end_of_speech,313.75,,,,,,122.016,191.734,,,,692.2,72.5,clean,0,,6,30,drone-pi,aarch64,Raspberry Pi 5 Model B Rev 1.0,true,4
1,qwen2.5-0.5b-instruct-Q4_K_M-warmup,0097,84,,,end_of_speech,391.312,,,,,,199.806,191.506,,,,692.2,71.4,clean,0,,6,35,drone-pi,aarch64,Raspberry Pi 5 Model B Rev 1.0,true,4
1,qwen2.5-0.5b-instruct-Q4_K_M-warmup,0127,85,,,end_of_speech,738.59,,,,,,241.072,497.518,,,,692.2,71.4,clean,0,,14,38,drone-pi,aarch64,Raspberry Pi 5 Model B Rev 1.0,true,4
1,qwen2.5-0.5b-instruct-Q4_K_M-warmup,0123,86,,,end_of_speech,762.721,,,,,,38.201,724.52,,,,692.2,71.9,clean,0,,20,39,drone-pi,aarch64,Raspberry Pi 5 Model B Rev 1.0,true,4
1,qwen2.5-0.5b-instruct-Q4_K_M-warmup,0144,87,,,end_of_speech,676.195,,,,,,216.056,460.139,,,,692.2,71.9,clean,0,,13,38,drone-pi,aarch64,Raspberry Pi 5 Model B Rev 1.0,true,4
1,qwen2.5-0.5b-instruct-Q4_K_M-warmup,0057,88,,,end_of_speech,366.778,,,,,,175.221,191.557,,,,692.78,73.0,clean,0,,6,33,drone-pi,aarch64,Raspberry Pi 5 Model B Rev 1.0,true,4
1,qwen2.5-0.5b-instruct-Q4_K_M-warmup,0083,89,,,end_of_speech,886.513,,,,,,272.932,613.581,,,,692.78,71.9,clean,0,,17,40,drone-pi,aarch64,Raspberry Pi 5 Model B Rev 1.0,true,4
1,qwen2.5-0.5b-instruct-Q4_K_M-warmup,0168,90,,,end_of_speech,507.782,,,,,,161.435,346.347,,,,693.44,71.9,clean,0,,10,34,drone-pi,aarch64,Raspberry Pi 5 Model B Rev 1.0,true,4
1,qwen2.5-0.5b-instruct-Q4_K_M-warmup,0134,91,,,end_of_speech,1012.538,,,,,,398.209,614.329,,,,693.44,72.5,clean,0,,17,49,drone-pi,aarch64,Raspberry Pi 5 Model B Rev 1.0,true,4
1,qwen2.5-0.5b-instruct-Q4_K_M-warmup,0128,92,,,end_of_speech,766.542,,,,,,38.275,728.267,,,,693.44,72.5,clean,0,,20,44,drone-pi,aarch64,Raspberry Pi 5 Model B Rev 1.0,true,4
1,qwen2.5-0.5b-instruct-Q4_K_M-warmup,0092,93,,,end_of_speech,814.21,,,,,,200.403,613.807,,,,693.44,72.5,clean,0,,17,36,drone-pi,aarch64,Raspberry Pi 5 Model B Rev 1.0,true,4
1,qwen2.5-0.5b-instruct-Q4_K_M-warmup,0120,94,,,end_of_speech,766.213,,,,,,38.223,727.99,,,,693.44,71.4,clean,0,,20,52,drone-pi,aarch64,Raspberry Pi 5 Model B Rev 1.0,true,4
1,qwen2.5-0.5b-instruct-Q4_K_M-warmup,0059,95,,,end_of_speech,725.372,,,,,,38.361,687.011,,,,693.44,70.8,clean,0,,19,43,drone-pi,aarch64,Raspberry Pi 5 Model B Rev 1.0,true,4
1,qwen2.5-0.5b-instruct-Q4_K_M-warmup,0141,96,,,end_of_speech,728.177,,,,,,38.274,689.903,,,,693.44,73.0,clean,0,,19,49,drone-pi,aarch64,Raspberry Pi 5 Model B Rev 1.0,true,4
1,qwen2.5-0.5b-instruct-Q4_K_M-warmup,0108,97,,,end_of_speech,455.029,,,,,,38.098,416.931,,,,693.44,70.8,clean,0,,12,39,drone-pi,aarch64,Raspberry Pi 5 Model B Rev 1.0,true,4
1,qwen2.5-0.5b-instruct-Q4_K_M-warmup,0159,98,,,end_of_speech,648.226,,,,,,38.412,609.814,,,,693.44,73.0,clean,0,,17,39,drone-pi,aarch64,Raspberry Pi 5 Model B Rev 1.0,true,4
1,qwen2.5-0.5b-instruct-Q4_K_M-warmup,0056,99,,,end_of_speech,649.31,,,,,,38.523,610.787,,,,693.44,70.8,clean,0,,17,41,drone-pi,aarch64,Raspberry Pi 5 Model B Rev 1.0,true,4
1,qwen2.5-0.5b-instruct-Q4_K_M-warmup,0009,100,,,end_of_speech,409.089,,,,,,216.31,192.779,,,,693.44,71.9,clean,0,,6,36,drone-pi,aarch64,Raspberry Pi 5 Model B Rev 1.0,true,4
1,qwen2.5-0.5b-instruct-Q4_K_M-warmup,0038,101,,,end_of_speech,1542.225,,,,,,465.745,1076.48,,,,693.44,72.5,clean,0,,29,54,drone-pi,aarch64,Raspberry Pi 5 Model B Rev 1.0,true,4
1,qwen2.5-0.5b-instruct-Q4_K_M-warmup,0167,102,,,end_of_speech,647.926,,,,,,38.581,609.345,,,,693.44,72.5,clean,0,,17,37,drone-pi,aarch64,Raspberry Pi 5 Model B Rev 1.0,true,4
1,qwen2.5-0.5b-instruct-Q4_K_M-warmup,0114,103,,,end_of_speech,1072.433,,,,,,342.985,729.448,,,,693.44,71.4,clean,0,,20,46,drone-pi,aarch64,Raspberry Pi 5 Model B Rev 1.0,true,4
1,qwen2.5-0.5b-instruct-Q4_K_M-warmup,0145,104,,,end_of_speech,367.234,,,,,,175.093,192.141,,,,693.44,71.4,clean,0,,6,33,drone-pi,aarch64,Raspberry Pi 5 Model B Rev 1.0,true,4
1,qwen2.5-0.5b-instruct-Q4_K_M-warmup,0137,105,,,end_of_speech,621.647,,,,,,199.949,421.698,,,,693.44,73.0,clean,0,,12,36,drone-pi,aarch64,Raspberry Pi 5 Model B Rev 1.0,true,4
1,qwen2.5-0.5b-instruct-Q4_K_M-warmup,0020,106,,,end_of_speech,531.689,,,,,,185.663,346.026,,,,693.44,73.0,clean,0,,10,34,drone-pi,aarch64,Raspberry Pi 5 Model B Rev 1.0,true,4
1,qwen2.5-0.5b-instruct-Q4_K_M-warmup,0080,107,,,end_of_speech,353.844,,,,,,160.918,192.926,,,,693.44,71.9,clean,0,,6,32,drone-pi,aarch64,Raspberry Pi 5 Model B Rev 1.0,true,4
1,qwen2.5-0.5b-instruct-Q4_K_M-warmup,0069,108,,,end_of_speech,646.168,,,,,,185.679,460.489,,,,693.44,73.0,clean,0,,13,34,drone-pi,aarch64,Raspberry Pi 5 Model B Rev 1.0,true,4
1,qwen2.5-0.5b-instruct-Q4_K_M-warmup,0047,109,,,end_of_speech,455.751,,,,,,38.143,417.608,,,,693.44,73.0,clean,0,,12,39,drone-pi,aarch64,Raspberry Pi 5 Model B Rev 1.0,true,4
1,qwen2.5-0.5b-instruct-Q4_K_M-warmup,0050,110,,,end_of_speech,456.641,,,,,,38.088,418.553,,,,693.44,70.8,clean,0,,12,38,drone-pi,aarch64,Raspberry Pi 5 Model B Rev 1.0,true,4
1,qwen2.5-0.5b-instruct-Q4_K_M-warmup,0172,111,,,end_of_speech,649.058,,,,,,38.849,610.209,,,,693.44,72.5,clean,0,,17,41,drone-pi,aarch64,Raspberry Pi 5 Model B Rev 1.0,true,4
1,qwen2.5-0.5b-instruct-Q4_K_M-warmup,0076,112,,,end_of_speech,518.985,,,,,,175.026,343.959,,,,693.44,73.0,clean,0,,10,33,drone-pi,aarch64,Raspberry Pi 5 Model B Rev 1.0,true,4
1,qwen2.5-0.5b-instruct-Q4_K_M-warmup,0180,113,,,end_of_speech,1091.852,,,,,,288.163,803.689,,,,693.44,70.8,clean,0,,22,41,drone-pi,aarch64,Raspberry Pi 5 Model B Rev 1.0,true,4
1,qwen2.5-0.5b-instruct-Q4_K_M-warmup,0064,114,,,end_of_speech,607.224,,,,,,146.955,460.269,,,,693.44,71.9,clean,0,,13,33,drone-pi,aarch64,Raspberry Pi 5 Model B Rev 1.0,true,4
1,qwen2.5-0.5b-instruct-Q4_K_M-warmup,0022,115,,,end_of_speech,647.759,,,,,,38.327,609.432,,,,693.44,71.4,clean,0,,17,34,drone-pi,aarch64,Raspberry Pi 5 Model B Rev 1.0,true,4
1,qwen2.5-0.5b-instruct-Q4_K_M-warmup,0149,116,,,end_of_speech,840.914,,,,,,38.225,802.689,,,,693.44,71.4,clean,0,,22,37,drone-pi,aarch64,Raspberry Pi 5 Model B Rev 1.0,true,4
1,qwen2.5-0.5b-instruct-Q4_K_M-warmup,0169,117,,,end_of_speech,842.122,,,,,,38.443,803.679,,,,693.44,71.4,clean,0,,22,42,drone-pi,aarch64,Raspberry Pi 5 Model B Rev 1.0,true,4
1,qwen2.5-0.5b-instruct-Q4_K_M-warmup,0152,118,,,end_of_speech,639.349,,,,,,216.432,422.917,,,,693.44,73.0,clean,0,,12,38,drone-pi,aarch64,Raspberry Pi 5 Model B Rev 1.0,true,4
1,qwen2.5-0.5b-instruct-Q4_K_M-warmup,0010,119,,,end_of_speech,1072.031,,,,,,38.947,1033.084,,,,693.44,71.4,clean,0,,28,53,drone-pi,aarch64,Raspberry Pi 5 Model B Rev 1.0,true,4
1,qwen2.5-0.5b-instruct-Q4_K_M-warmup,0151,120,,,end_of_speech,697.436,,,,,,199.864,497.572,,,,693.44,72.5,clean,0,,14,37,drone-pi,aarch64,Raspberry Pi 5 Model B Rev 1.0,true,4
1,qwen2.5-0.5b-instruct-Q4_K_M-warmup,0162,121,,,end_of_speech,804.305,,,,,,38.209,766.096,,,,693.44,71.4,clean,0,,21,51,drone-pi,aarch64,Raspberry Pi 5 Model B Rev 1.0,true,4
1,qwen2.5-0.5b-instruct-Q4_K_M-warmup,0182,122,,,end_of_speech,392.497,,,,,,199.721,192.776,,,,693.44,71.4,clean,0,,6,35,drone-pi,aarch64,Raspberry Pi 5 Model B Rev 1.0,true,4
1,qwen2.5-0.5b-instruct-Q4_K_M-warmup,0072,123,,,end_of_speech,583.639,,,,,,160.6,423.039,,,,693.44,71.4,clean,0,,12,32,drone-pi,aarch64,Raspberry Pi 5 Model B Rev 1.0,true,4
1,qwen2.5-0.5b-instruct-Q4_K_M-warmup,0033,124,,,end_of_speech,574.796,,,,,,230.137,344.659,,,,693.44,73.0,clean,0,,10,37,drone-pi,aarch64,Raspberry Pi 5 Model B Rev 1.0,true,4
1,qwen2.5-0.5b-instruct-Q4_K_M-warmup,0116,125,,,end_of_speech,697.406,,,,,,38.731,658.675,,,,693.45,71.9,clean,0,,18,43,drone-pi,aarch64,Raspberry Pi 5 Model B Rev 1.0,true,4
1,qwen2.5-0.5b-instruct-Q4_K_M-warmup,0105,126,,,end_of_speech,822.464,,,,,,45.095,777.369,,,,693.45,71.4,clean,0,,19,39,drone-pi,aarch64,Raspberry Pi 5 Model B Rev 1.0,true,4
1,qwen2.5-0.5b-instruct-Q4_K_M-warmup,0089,127,,,end_of_speech,1072.193,,,,,,38.506,1033.687,,,,693.45,70.8,clean,0,,28,56,drone-pi,aarch64,Raspberry Pi 5 Model B Rev 1.0,true,4
1,qwen2.5-0.5b-instruct-Q4_K_M-warmup,0062,128,,,end_of_speech,456.674,,,,,,38.611,418.063,,,,693.45,70.8,clean,0,,12,36,drone-pi,aarch64,Raspberry Pi 5 Model B Rev 1.0,true,4
1,qwen2.5-0.5b-instruct-Q4_K_M-warmup,0113,129,,,end_of_speech,1070.635,,,,,,38.121,1032.514,,,,693.45,71.4,clean,0,,28,44,drone-pi,aarch64,Raspberry Pi 5 Model B Rev 1.0,true,4
1,qwen2.5-0.5b-instruct-Q4_K_M-warmup,0193,130,,,end_of_speech,1147.352,,,,,,342.795,804.557,,,,693.45,71.4,clean,0,,22,47,drone-pi,aarch64,Raspberry Pi 5 Model B Rev 1.0,true,4
1,qwen2.5-0.5b-instruct-Q4_K_M-warmup,0006,131,,,end_of_speech,353.288,,,,,,160.845,192.443,,,,693.45,72.5,clean,0,,6,32,drone-pi,aarch64,Raspberry Pi 5 Model B Rev 1.0,true,4
1,qwen2.5-0.5b-instruct-Q4_K_M-warmup,0196,132,,,end_of_speech,716.986,,,,,,258.713,458.273,,,,693.45,72.5,clean,0,,13,39,drone-pi,aarch64,Raspberry Pi 5 Model B Rev 1.0,true,4
1,qwen2.5-0.5b-instruct-Q4_K_M-warmup,0186,133,,,end_of_speech,763.515,,,,,,38.339,725.176,,,,693.45,71.9,clean,0,,20,40,drone-pi,aarch64,Raspberry Pi 5 Model B Rev 1.0,true,4
1,qwen2.5-0.5b-instruct-Q4_K_M-warmup,0075,134,,,end_of_speech,995.458,,,,,,38.399,957.059,,,,693.45,73.0,clean,0,,26,53,drone-pi,aarch64,Raspberry Pi 5 Model B Rev 1.0,true,4
1,qwen2.5-0.5b-instruct-Q4_K_M-warmup,0131,135,,,end_of_speech,840.804,,,,,,38.047,802.757,,,,693.45,72.5,clean,0,,22,47,drone-pi,aarch64,Raspberry Pi 5 Model B Rev 1.0,true,4
1,qwen2.5-0.5b-instruct-Q4_K_M-warmup,0121,136,,,end_of_speech,588.497,,,,,,130.721,457.776,,,,693.45,71.9,clean,0,,13,31,drone-pi,aarch64,Raspberry Pi 5 Model B Rev 1.0,true,4
1,qwen2.5-0.5b-instruct-Q4_K_M-warmup,0101,137,,,end_of_speech,923.028,,,,,,272.858,650.17,,,,693.47,71.4,clean,0,,18,40,drone-pi,aarch64,Raspberry Pi 5 Model B Rev 1.0,true,4
1,qwen2.5-0.5b-instruct-Q4_K_M-warmup,0032,138,,,end_of_speech,339.011,,,,,,146.56,192.451,,,,693.47,72.5,clean,0,,6,31,drone-pi,aarch64,Raspberry Pi 5 Model B Rev 1.0,true,4
1,qwen2.5-0.5b-instruct-Q4_K_M-warmup,0018,139,,,end_of_speech,366.668,,,,,,174.936,191.732,,,,693.47,71.4,clean,0,,6,33,drone-pi,aarch64,Raspberry Pi 5 Model B Rev 1.0,true,4
1,qwen2.5-0.5b-instruct-Q4_K_M-warmup,0049,140,,,end_of_speech,1211.465,,,,,,328.595,882.87,,,,693.47,71.9,clean,0,,24,44,drone-pi,aarch64,Raspberry Pi 5 Model B Rev 1.0,true,4
1,qwen2.5-0.5b-instruct-Q4_K_M-warmup,0065,141,,,end_of_speech,1032.179,,,,,,38.009,994.17,,,,693.47,72.5,clean,0,,27,51,drone-pi,aarch64,Raspberry Pi 5 Model B Rev 1.0,true,4
1,qwen2.5-0.5b-instruct-Q4_K_M-warmup,0110,142,,,end_of_speech,917.86,,,,,,38.372,879.488,,,,693.47,71.9,clean,0,,24,44,drone-pi,aarch64,Raspberry Pi 5 Model B Rev 1.0,true,4
1,qwen2.5-0.5b-instruct-Q4_K_M-warmup,0048,143,,,end_of_speech,314.341,,,,,,122.334,192.007,,,,693.47,71.9,clean,0,,6,30,drone-pi,aarch64,Raspberry Pi 5 Model B Rev 1.0,true,4
1,qwen2.5-0.5b-instruct-Q4_K_M-warmup,0097,144,,,end_of_speech,391.752,,,,,,199.914,191.838,,,,693.47,72.5,clean,0,,6,35,drone-pi,aarch64,Raspberry Pi 5 Model B Rev 1.0,true,4
1,qwen2.5-0.5b-instruct-Q4_K_M-warmup,0127,145,,,end_of_speech,736.706,,,,,,241.233,495.473,,,,693.47,74.1,clean,0,,14,38,drone-pi,aarch64,Raspberry Pi 5 Model B Rev 1.0,true,4
1,qwen2.5-0.5b-instruct-Q4_K_M-warmup,0123,146,,,end_of_speech,762.008,,,,,,38.429,723.579,,,,693.47,73.0,clean,0,,20,39,drone-pi,aarch64,Raspberry Pi 5 Model B Rev 1.0,true,4
1,qwen2.5-0.5b-instruct-Q4_K_M-warmup,0144,147,,,end_of_speech,675.068,,,,,,216.331,458.737,,,,693.47,73.0,clean,0,,13,38,drone-pi,aarch64,Raspberry Pi 5 Model B Rev 1.0,true,4
1,qwen2.5-0.5b-instruct-Q4_K_M-warmup,0057,148,,,end_of_speech,367.02,,,,,,175.104,191.916,,,,693.47,72.5,clean,0,,6,33,drone-pi,aarch64,Raspberry Pi 5 Model B Rev 1.0,true,4
1,qwen2.5-0.5b-instruct-Q4_K_M-warmup,0083,149,,,end_of_speech,884.265,,,,,,272.402,611.863,,,,693.47,73.0,clean,0,,17,40,drone-pi,aarch64,Raspberry Pi 5 Model B Rev 1.0,true,4
1,qwen2.5-0.5b-instruct-Q4_K_M-warmup,0168,150,,,end_of_speech,505.169,,,,,,160.799,344.37,,,,693.47,73.0,clean,0,,10,34,drone-pi,aarch64,Raspberry Pi 5 Model B Rev 1.0,true,4
1,qwen2.5-0.5b-instruct-Q4_K_M-warmup,0134,151,,,end_of_speech,1012.082,,,,,,398.218,613.864,,,,693.47,71.9,clean,0,,17,49,drone-pi,aarch64,Raspberry Pi 5 Model B Rev 1.0,true,4
1,qwen2.5-0.5b-instruct-Q4_K_M-warmup,0128,152,,,end_of_speech,765.414,,,,,,38.313,727.101,,,,693.47,71.4,clean,0,,20,44,drone-pi,aarch64,Raspberry Pi 5 Model B Rev 1.0,true,4
1,qwen2.5-0.5b-instruct-Q4_K_M-warmup,0092,153,,,end_of_speech,811.086,,,,,,200.257,610.829,,,,693.47,70.8,clean,0,,17,36,drone-pi,aarch64,Raspberry Pi 5 Model B Rev 1.0,true,4
1,qwen2.5-0.5b-instruct-Q4_K_M-warmup,0120,154,,,end_of_speech,763.471,,,,,,38.251,725.22,,,,693.47,71.4,clean,0,,20,52,drone-pi,aarch64,Raspberry Pi 5 Model B Rev 1.0,true,4
1,qwen2.5-0.5b-instruct-Q4_K_M-warmup,0059,155,,,end_of_speech,725.071,,,,,,38.145,686.926,,,,693.47,71.4,clean,0,,19,43,drone-pi,aarch64,Raspberry Pi 5 Model B Rev 1.0,true,4
1,qwen2.5-0.5b-instruct-Q4_K_M-warmup,0141,156,,,end_of_speech,727.093,,,,,,38.431,688.662,,,,693.47,73.0,clean,0,,19,49,drone-pi,aarch64,Raspberry Pi 5 Model B Rev 1.0,true,4
1,qwen2.5-0.5b-instruct-Q4_K_M-warmup,0108,157,,,end_of_speech,456.841,,,,,,38.352,418.489,,,,693.47,72.5,clean,0,,12,39,drone-pi,aarch64,Raspberry Pi 5 Model B Rev 1.0,true,4
1,qwen2.5-0.5b-instruct-Q4_K_M-warmup,0159,158,,,end_of_speech,648.307,,,,,,38.084,610.223,,,,693.47,71.4,clean,0,,17,39,drone-pi,aarch64,Raspberry Pi 5 Model B Rev 1.0,true,4
1,qwen2.5-0.5b-instruct-Q4_K_M-warmup,0056,159,,,end_of_speech,647.24,,,,,,38.184,609.056,,,,693.47,72.5,clean,0,,17,41,drone-pi,aarch64,Raspberry Pi 5 Model B Rev 1.0,true,4
1,qwen2.5-0.5b-instruct-Q4_K_M-warmup,0009,160,,,end_of_speech,407.704,,,,,,216.336,191.368,,,,693.47,72.5,clean,0,,6,36,drone-pi,aarch64,Raspberry Pi 5 Model B Rev 1.0,true,4
1,qwen2.5-0.5b-instruct-Q4_K_M-warmup,0038,161,,,end_of_speech,1537.202,,,,,,465.753,1071.449,,,,693.47,71.9,clean,0,,29,54,drone-pi,aarch64,Raspberry Pi 5 Model B Rev 1.0,true,4
1,qwen2.5-0.5b-instruct-Q4_K_M-warmup,0167,162,,,end_of_speech,648.261,,,,,,38.436,609.825,,,,693.47,71.9,clean,0,,17,37,drone-pi,aarch64,Raspberry Pi 5 Model B Rev 1.0,true,4
1,qwen2.5-0.5b-instruct-Q4_K_M-warmup,0114,163,,,end_of_speech,1070.672,,,,,,342.547,728.125,,,,693.47,71.4,clean,0,,20,46,drone-pi,aarch64,Raspberry Pi 5 Model B Rev 1.0,true,4
1,qwen2.5-0.5b-instruct-Q4_K_M-warmup,0145,164,,,end_of_speech,366.981,,,,,,175.102,191.879,,,,693.47,71.9,clean,0,,6,33,drone-pi,aarch64,Raspberry Pi 5 Model B Rev 1.0,true,4
1,qwen2.5-0.5b-instruct-Q4_K_M-warmup,0137,165,,,end_of_speech,619.977,,,,,,200.217,419.76,,,,693.47,72.5,clean,0,,12,36,drone-pi,aarch64,Raspberry Pi 5 Model B Rev 1.0,true,4
1,qwen2.5-0.5b-instruct-Q4_K_M-warmup,0020,166,,,end_of_speech,530.4,,,,,,185.548,344.852,,,,693.48,71.9,clean,0,,10,34,drone-pi,aarch64,Raspberry Pi 5 Model B Rev 1.0,true,4
1,qwen2.5-0.5b-instruct-Q4_K_M-warmup,0080,167,,,end_of_speech,352.866,,,,,,160.918,191.948,,,,693.48,71.4,clean,0,,6,32,drone-pi,aarch64,Raspberry Pi 5 Model B Rev 1.0,true,4
1,qwen2.5-0.5b-instruct-Q4_K_M-warmup,0069,168,,,end_of_speech,644.423,,,,,,185.592,458.831,,,,693.48,72.5,clean,0,,13,34,drone-pi,aarch64,Raspberry Pi 5 Model B Rev 1.0,true,4
1,qwen2.5-0.5b-instruct-Q4_K_M-warmup,0047,169,,,end_of_speech,456.074,,,,,,38.397,417.677,,,,693.48,71.4,clean,0,,12,39,drone-pi,aarch64,Raspberry Pi 5 Model B Rev 1.0,true,4
1,qwen2.5-0.5b-instruct-Q4_K_M-warmup,0050,170,,,end_of_speech,456.136,,,,,,38.044,418.092,,,,693.48,70.8,clean,0,,12,38,drone-pi,aarch64,Raspberry Pi 5 Model B Rev 1.0,true,4
1,qwen2.5-0.5b-instruct-Q4_K_M-warmup,0172,171,,,end_of_speech,649.065,,,,,,38.807,610.258,,,,693.48,73.0,clean,0,,17,41,drone-pi,aarch64,Raspberry Pi 5 Model B Rev 1.0,true,4
1,qwen2.5-0.5b-instruct-Q4_K_M-warmup,0076,172,,,end_of_speech,519.392,,,,,,175.179,344.213,,,,693.48,72.5,clean,0,,10,33,drone-pi,aarch64,Raspberry Pi 5 Model B Rev 1.0,true,4
1,qwen2.5-0.5b-instruct-Q4_K_M-warmup,0180,173,,,end_of_speech,1090.693,,,,,,288.206,802.487,,,,693.48,71.9,clean,0,,22,41,drone-pi,aarch64,Raspberry Pi 5 Model B Rev 1.0,true,4
1,qwen2.5-0.5b-instruct-Q4_K_M-warmup,0064,174,,,end_of_speech,605.53,,,,,,146.82,458.71,,,,693.48,72.5,clean,0,,13,33,drone-pi,aarch64,Raspberry Pi 5 Model B Rev 1.0,true,4
1,qwen2.5-0.5b-instruct-Q4_K_M-warmup,0022,175,,,end_of_speech,646.882,,,,,,38.288,608.594,,,,693.48,71.9,clean,0,,17,34,drone-pi,aarch64,Raspberry Pi 5 Model B Rev 1.0,true,4
1,qwen2.5-0.5b-instruct-Q4_K_M-warmup,0149,176,,,end_of_speech,839.424,,,,,,38.222,801.202,,,,693.48,71.4,clean,0,,22,37,drone-pi,aarch64,Raspberry Pi 5 Model B Rev 1.0,true,4
1,qwen2.5-0.5b-instruct-Q4_K_M-warmup,0169,177,,,end_of_speech,839.666,,,,,,38.383,801.283,,,,693.48,71.9,clean,0,,22,42,drone-pi,aarch64,Raspberry Pi 5 Model B Rev 1.0,true,4
1,qwen2.5-0.5b-instruct-Q4_K_M-warmup,0152,178,,,end_of_speech,636.435,,,,,,216.308,420.127,,,,693.48,73.0,clean,0,,12,38,drone-pi,aarch64,Raspberry Pi 5 Model B Rev 1.0,true,4
1,qwen2.5-0.5b-instruct-Q4_K_M-warmup,0010,179,,,end_of_speech,1070.651,,,,,,38.089,1032.562,,,,693.48,73.0,clean,0,,28,53,drone-pi,aarch64,Raspberry Pi 5 Model B Rev 1.0,true,4
1,qwen2.5-0.5b-instruct-Q4_K_M-warmup,0151,180,,,end_of_speech,533.256,,,,,,38.414,494.842,,,,693.48,71.4,clean,0,,14,37,drone-pi,aarch64,Raspberry Pi 5 Model B Rev 1.0,true,4
1,qwen2.5-0.5b-instruct-Q4_K_M-warmup,0162,181,,,end_of_speech,803.473,,,,,,38.278,765.195,,,,693.48,70.8,clean,0,,21,51,drone-pi,aarch64,Raspberry Pi 5 Model B Rev 1.0,true,4
1,qwen2.5-0.5b-instruct-Q4_K_M-warmup,0182,182,,,end_of_speech,391.876,,,,,,200.027,191.849,,,,693.48,71.9,clean,0,,6,35,drone-pi,aarch64,Raspberry Pi 5 Model B Rev 1.0,true,4
1,qwen2.5-0.5b-instruct-Q4_K_M-warmup,0072,183,,,end_of_speech,582.924,,,,,,160.682,422.242,,,,693.48,72.5,clean,0,,12,32,drone-pi,aarch64,Raspberry Pi 5 Model B Rev 1.0,true,4
1,qwen2.5-0.5b-instruct-Q4_K_M-warmup,0033,184,,,end_of_speech,573.686,,,,,,229.812,343.874,,,,693.48,71.9,clean,0,,10,37,drone-pi,aarch64,Raspberry Pi 5 Model B Rev 1.0,true,4
1,qwen2.5-0.5b-instruct-Q4_K_M-warmup,0116,185,,,end_of_speech,688.195,,,,,,38.343,649.852,,,,693.48,71.4,clean,0,,18,43,drone-pi,aarch64,Raspberry Pi 5 Model B Rev 1.0,true,4
1,qwen2.5-0.5b-instruct-Q4_K_M-warmup,0105,186,,,end_of_speech,725.027,,,,,,38.511,686.516,,,,693.48,70.8,clean,0,,19,39,drone-pi,aarch64,Raspberry Pi 5 Model B Rev 1.0,true,4
1,qwen2.5-0.5b-instruct-Q4_K_M-warmup,0089,187,,,end_of_speech,1072.39,,,,,,38.297,1034.093,,,,693.48,71.9,clean,0,,28,56,drone-pi,aarch64,Raspberry Pi 5 Model B Rev 1.0,true,4
1,qwen2.5-0.5b-instruct-Q4_K_M-warmup,0062,188,,,end_of_speech,456.252,,,,,,38.669,417.583,,,,693.48,71.4,clean,0,,12,36,drone-pi,aarch64,Raspberry Pi 5 Model B Rev 1.0,true,4
1,qwen2.5-0.5b-instruct-Q4_K_M-warmup,0113,189,,,end_of_speech,1069.687,,,,,,38.457,1031.23,,,,693.48,71.9,clean,0,,28,44,drone-pi,aarch64,Raspberry Pi 5 Model B Rev 1.0,true,4
1,qwen2.5-0.5b-instruct-Q4_K_M-warmup,0193,190,,,end_of_speech,1147.881,,,,,,342.731,805.15,,,,693.48,71.4,clean,0,,22,47,drone-pi,aarch64,Raspberry Pi 5 Model B Rev 1.0,true,4
1,qwen2.5-0.5b-instruct-Q4_K_M-warmup,0006,191,,,end_of_speech,353.558,,,,,,161.15,192.408,,,,693.48,72.5,clean,0,,6,32,drone-pi,aarch64,Raspberry Pi 5 Model B Rev 1.0,true,4
1,qwen2.5-0.5b-instruct-Q4_K_M-warmup,0196,192,,,end_of_speech,718.829,,,,,,258.582,460.247,,,,693.48,71.9,clean,0,,13,39,drone-pi,aarch64,Raspberry Pi 5 Model B Rev 1.0,true,4
1,qwen2.5-0.5b-instruct-Q4_K_M-warmup,0186,193,,,end_of_speech,763.516,,,,,,38.028,725.488,,,,693.48,71.9,clean,0,,20,40,drone-pi,aarch64,Raspberry Pi 5 Model B Rev 1.0,true,4
1,qwen2.5-0.5b-instruct-Q4_K_M-warmup,0075,194,,,end_of_speech,995.05,,,,,,38.551,956.499,,,,693.48,72.5,clean,0,,26,53,drone-pi,aarch64,Raspberry Pi 5 Model B Rev 1.0,true,4
1,qwen2.5-0.5b-instruct-Q4_K_M-warmup,0131,195,,,end_of_speech,841.105,,,,,,38.118,802.987,,,,693.48,71.9,clean,0,,22,47,drone-pi,aarch64,Raspberry Pi 5 Model B Rev 1.0,true,4
1,qwen2.5-0.5b-instruct-Q4_K_M-warmup,0121,196,,,end_of_speech,588.952,,,,,,130.379,458.573,,,,693.48,73.0,clean,0,,13,31,drone-pi,aarch64,Raspberry Pi 5 Model B Rev 1.0,true,4
1,qwen2.5-0.5b-instruct-Q4_K_M-warmup,0101,197,,,end_of_speech,922.474,,,,,,272.763,649.711,,,,693.48,73.0,clean,0,,18,40,drone-pi,aarch64,Raspberry Pi 5 Model B Rev 1.0,true,4
1,qwen2.5-0.5b-instruct-Q4_K_M-warmup,0032,198,,,end_of_speech,338.573,,,,,,146.521,192.052,,,,693.48,73.6,clean,0,,6,31,drone-pi,aarch64,Raspberry Pi 5 Model B Rev 1.0,true,4
1,qwen2.5-0.5b-instruct-Q4_K_M-warmup,0018,199,,,end_of_speech,366.644,,,,,,174.821,191.823,,,,693.48,71.9,clean,0,,6,33,drone-pi,aarch64,Raspberry Pi 5 Model B Rev 1.0,true,4
1,qwen2.5-0.5b-instruct-Q4_K_M-warmup,0049,200,,,end_of_speech,1210.15,,,,,,328.692,881.458,,,,693.48,71.9,clean,0,,24,44,drone-pi,aarch64,Raspberry Pi 5 Model B Rev 1.0,true,4
1,qwen2.5-0.5b-instruct-Q4_K_M-warmup,0065,201,,,end_of_speech,1032.856,,,,,,38.149,994.707,,,,693.48,73.6,clean,0,,27,51,drone-pi,aarch64,Raspberry Pi 5 Model B Rev 1.0,true,4
1,qwen2.5-0.5b-instruct-Q4_K_M-warmup,0110,202,,,end_of_speech,917.867,,,,,,38.108,879.759,,,,693.48,71.9,clean,0,,24,44,drone-pi,aarch64,Raspberry Pi 5 Model B Rev 1.0,true,4
1,qwen2.5-0.5b-instruct-Q4_K_M-warmup,0048,203,,,end_of_speech,314.691,,,,,,121.989,192.702,,,,693.48,72.5,clean,0,,6,30,drone-pi,aarch64,Raspberry Pi 5 Model B Rev 1.0,true,4
1,qwen2.5-0.5b-instruct-Q4_K_M-warmup,0097,204,,,end_of_speech,391.707,,,,,,199.936,191.771,,,,693.48,73.0,clean,0,,6,35,drone-pi,aarch64,Raspberry Pi 5 Model B Rev 1.0,true,4
1,qwen2.5-0.5b-instruct-Q4_K_M-warmup,0127,205,,,end_of_speech,737.137,,,,,,241.734,495.403,,,,693.48,73.6,clean,0,,14,38,drone-pi,aarch64,Raspberry Pi 5 Model B Rev 1.0,true,4
1,qwen2.5-0.5b-instruct-Q4_K_M-warmup,0123,206,,,end_of_speech,763.083,,,,,,38.371,724.712,,,,693.48,73.0,clean,0,,20,39,drone-pi,aarch64,Raspberry Pi 5 Model B Rev 1.0,true,4
1,qwen2.5-0.5b-instruct-Q4_K_M-warmup,0144,207,,,end_of_speech,674.611,,,,,,216.05,458.561,,,,693.48,73.0,clean,0,,13,38,drone-pi,aarch64,Raspberry Pi 5 Model B Rev 1.0,true,4
1,qwen2.5-0.5b-instruct-Q4_K_M-warmup,0057,208,,,end_of_speech,366.438,,,,,,174.702,191.736,,,,693.48,71.4,clean,0,,6,33,drone-pi,aarch64,Raspberry Pi 5 Model B Rev 1.0,true,4
1,qwen2.5-0.5b-instruct-Q4_K_M-warmup,0083,209,,,end_of_speech,903.655,,,,,,272.652,631.003,,,,693.48,71.9,clean,0,,17,40,drone-pi,aarch64,Raspberry Pi 5 Model B Rev 1.0,true,4
1,qwen2.5-0.5b-instruct-Q4_K_M-warmup,0168,210,,,end_of_speech,548.677,,,,,,189.261,359.416,,,,693.48,71.9,clean,0,,10,34,drone-pi,aarch64,Raspberry Pi 5 Model B Rev 1.0,true,4
1,qwen2.5-0.5b-instruct-Q4_K_M-warmup,0134,211,,,end_of_speech,1011.452,,,,,,398.427,613.025,,,,693.48,72.5,clean,0,,17,49,drone-pi,aarch64,Raspberry Pi 5 Model B Rev 1.0,true,4
1,qwen2.5-0.5b-instruct-Q4_K_M-warmup,0128,212,,,end_of_speech,762.778,,,,,,38.134,724.644,,,,693.48,73.6,clean,0,,20,44,drone-pi,aarch64,Raspberry Pi 5 Model B Rev 1.0,true,4
1,qwen2.5-0.5b-instruct-Q4_K_M-warmup,0092,213,,,end_of_speech,812.098,,,,,,200.101,611.997,,,,693.48,72.5,clean,0,,17,36,drone-pi,aarch64,Raspberry Pi 5 Model B Rev 1.0,true,4
1,qwen2.5-0.5b-instruct-Q4_K_M-warmup,0120,214,,,end_of_speech,764.214,,,,,,38.271,725.943,,,,693.48,73.6,clean,0,,20,52,drone-pi,aarch64,Raspberry Pi 5 Model B Rev 1.0,true,4
1,qwen2.5-0.5b-instruct-Q4_K_M-warmup,0059,215,,,end_of_speech,724.134,,,,,,38.148,685.986,,,,693.48,71.9,clean,0,,19,43,drone-pi,aarch64,Raspberry Pi 5 Model B Rev 1.0,true,4
1,qwen2.5-0.5b-instruct-Q4_K_M-warmup,0141,216,,,end_of_speech,726.677,,,,,,38.299,688.378,,,,693.48,71.9,clean,0,,19,49,drone-pi,aarch64,Raspberry Pi 5 Model B Rev 1.0,true,4
1,qwen2.5-0.5b-instruct-Q4_K_M-warmup,0108,217,,,end_of_speech,455.92,,,,,,38.494,417.426,,,,693.48,72.5,clean,0,,12,39,drone-pi,aarch64,Raspberry Pi 5 Model B Rev 1.0,true,4
1,qwen2.5-0.5b-instruct-Q4_K_M-warmup,0159,218,,,end_of_speech,646.476,,,,,,38.192,608.284,,,,693.48,71.4,clean,0,,17,39,drone-pi,aarch64,Raspberry Pi 5 Model B Rev 1.0,true,4
1,qwen2.5-0.5b-instruct-Q4_K_M-warmup,0056,219,,,end_of_speech,645.654,,,,,,37.944,607.71,,,,693.48,73.0,clean,0,,17,41,drone-pi,aarch64,Raspberry Pi 5 Model B Rev 1.0,true,4
1,qwen2.5-0.5b-instruct-Q4_K_M-warmup,0009,220,,,end_of_speech,407.479,,,,,,216.121,191.358,,,,693.48,74.1,clean,0,,6,36,drone-pi,aarch64,Raspberry Pi 5 Model B Rev 1.0,true,4
1,qwen2.5-0.5b-instruct-Q4_K_M-warmup,0038,221,,,end_of_speech,1538.158,,,,,,465.271,1072.887,,,,693.48,73.0,clean,0,,29,54,drone-pi,aarch64,Raspberry Pi 5 Model B Rev 1.0,true,4
1,qwen2.5-0.5b-instruct-Q4_K_M-warmup,0167,222,,,end_of_speech,645.783,,,,,,38.293,607.49,,,,693.48,74.1,clean,0,,17,37,drone-pi,aarch64,Raspberry Pi 5 Model B Rev 1.0,true,4
1,qwen2.5-0.5b-instruct-Q4_K_M-warmup,0114,223,,,end_of_speech,1071.261,,,,,,342.419,728.842,,,,693.48,71.9,clean,0,,20,46,drone-pi,aarch64,Raspberry Pi 5 Model B Rev 1.0,true,4
1,qwen2.5-0.5b-instruct-Q4_K_M-warmup,0145,224,,,end_of_speech,365.63,,,,,,175.123,190.507,,,,693.48,71.9,clean,0,,6,33,drone-pi,aarch64,Raspberry Pi 5 Model B Rev 1.0,true,4
1,qwen2.5-0.5b-instruct-Q4_K_M-warmup,0137,225,,,end_of_speech,621.486,,,,,,201.846,419.64,,,,693.48,73.6,clean,0,,12,36,drone-pi,aarch64,Raspberry Pi 5 Model B Rev 1.0,true,4
1,qwen2.5-0.5b-instruct-Q4_K_M-warmup,0020,226,,,end_of_speech,529.827,,,,,,185.279,344.548,,,,693.48,72.5,clean,0,,10,34,drone-pi,aarch64,Raspberry Pi 5 Model B Rev 1.0,true,4
1,qwen2.5-0.5b-instruct-Q4_K_M-warmup,0080,227,,,end_of_speech,352.86,,,,,,160.601,192.259,,,,693.48,71.4,clean,0,,6,32,drone-pi,aarch64,Raspberry Pi 5 Model B Rev 1.0,true,4
1,qwen2.5-0.5b-instruct-Q4_K_M-warmup,0069,228,,,end_of_speech,644.621,,,,,,185.14,459.481,,,,693.48,73.0,clean,0,,13,34,drone-pi,aarch64,Raspberry Pi 5 Model B Rev 1.0,true,4
1,qwen2.5-0.5b-instruct-Q4_K_M-warmup,0047,229,,,end_of_speech,455.378,,,,,,38.27,417.108,,,,693.48,73.6,clean,0,,12,39,drone-pi,aarch64,Raspberry Pi 5 Model B Rev 1.0,true,4
1,qwen2.5-0.5b-instruct-Q4_K_M-warmup,0050,230,,,end_of_speech,456.302,,,,,,38.228,418.074,,,,693.48,71.9,clean,0,,12,38,drone-pi,aarch64,Raspberry Pi 5 Model B Rev 1.0,true,4
1,qwen2.5-0.5b-instruct-Q4_K_M-warmup,0172,231,,,end_of_speech,647.402,,,,,,38.556,608.846,,,,693.48,73.6,clean,0,,17,41,drone-pi,aarch64,Raspberry Pi 5 Model B Rev 1.0,true,4
1,qwen2.5-0.5b-instruct-Q4_K_M-warmup,0076,232,,,end_of_speech,518.703,,,,,,174.646,344.057,,,,693.48,73.6,clean,0,,10,33,drone-pi,aarch64,Raspberry Pi 5 Model B Rev 1.0,true,4
1,qwen2.5-0.5b-instruct-Q4_K_M-warmup,0180,233,,,end_of_speech,1088.996,,,,,,288.035,800.961,,,,693.48,73.6,clean,0,,22,41,drone-pi,aarch64,Raspberry Pi 5 Model B Rev 1.0,true,4
1,qwen2.5-0.5b-instruct-Q4_K_M-warmup,0064,234,,,end_of_speech,605.63,,,,,,146.467,459.163,,,,693.48,73.0,clean,0,,13,33,drone-pi,aarch64,Raspberry Pi 5 Model B Rev 1.0,true,4
1,qwen2.5-0.5b-instruct-Q4_K_M-warmup,0022,235,,,end_of_speech,646.027,,,,,,38.3,607.727,,,,693.48,71.9,clean,0,,17,34,drone-pi,aarch64,Raspberry Pi 5 Model B Rev 1.0,true,4
1,qwen2.5-0.5b-instruct-Q4_K_M-warmup,0149,236,,,end_of_speech,837.825,,,,,,38.717,799.108,,,,693.48,74.1,clean,0,,22,37,drone-pi,aarch64,Raspberry Pi 5 Model B Rev 1.0,true,4
1,qwen2.5-0.5b-instruct-Q4_K_M-warmup,0169,237,,,end_of_speech,839.0,,,,,,38.293,800.707,,,,693.48,71.4,clean,0,,22,42,drone-pi,aarch64,Raspberry Pi 5 Model B Rev 1.0,true,4
1,qwen2.5-0.5b-instruct-Q4_K_M-warmup,0152,238,,,end_of_speech,636.374,,,,,,216.175,420.199,,,,693.48,73.0,clean,0,,12,38,drone-pi,aarch64,Raspberry Pi 5 Model B Rev 1.0,true,4
1,qwen2.5-0.5b-instruct-Q4_K_M-warmup,0010,239,,,end_of_speech,1070.324,,,,,,38.304,1032.02,,,,693.48,71.9,clean,0,,28,53,drone-pi,aarch64,Raspberry Pi 5 Model B Rev 1.0,true,4
1,qwen2.5-0.5b-instruct-Q4_K_M-warmup,0151,240,,,end_of_speech,530.819,,,,,,38.402,492.417,,,,693.5,71.9,clean,0,,14,37,drone-pi,aarch64,Raspberry Pi 5 Model B Rev 1.0,true,4
1,qwen2.5-0.5b-instruct-Q4_K_M-warmup,0162,241,,,end_of_speech,802.57,,,,,,38.547,764.023,,,,693.5,73.6,clean,0,,21,51,drone-pi,aarch64,Raspberry Pi 5 Model B Rev 1.0,true,4
1,qwen2.5-0.5b-instruct-Q4_K_M-warmup,0182,242,,,end_of_speech,390.959,,,,,,199.913,191.046,,,,693.5,73.0,clean,0,,6,35,drone-pi,aarch64,Raspberry Pi 5 Model B Rev 1.0,true,4
1,qwen2.5-0.5b-instruct-Q4_K_M-warmup,0072,243,,,end_of_speech,582.947,,,,,,160.632,422.315,,,,693.5,72.5,clean,0,,12,32,drone-pi,aarch64,Raspberry Pi 5 Model B Rev 1.0,true,4
1,qwen2.5-0.5b-instruct-Q4_K_M-warmup,0033,244,,,end_of_speech,573.298,,,,,,229.727,343.571,,,,693.5,71.9,clean,0,,10,37,drone-pi,aarch64,Raspberry Pi 5 Model B Rev 1.0,true,4
1,qwen2.5-0.5b-instruct-Q4_K_M-warmup,0116,245,,,end_of_speech,684.867,,,,,,38.296,646.571,,,,693.5,73.6,clean,0,,18,43,drone-pi,aarch64,Raspberry Pi 5 Model B Rev 1.0,true,4
1,qwen2.5-0.5b-instruct-Q4_K_M-warmup,0105,246,,,end_of_speech,722.509,,,,,,38.237,684.272,,,,693.5,73.0,clean,0,,19,39,drone-pi,aarch64,Raspberry Pi 5 Model B Rev 1.0,true,4
1,qwen2.5-0.5b-instruct-Q4_K_M-warmup,0089,247,,,end_of_speech,1070.396,,,,,,38.281,1032.115,,,,693.5,73.0,clean,0,,28,56,drone-pi,aarch64,Raspberry Pi 5 Model B Rev 1.0,true,4
1,qwen2.5-0.5b-instruct-Q4_K_M-warmup,0062,248,,,end_of_speech,456.138,,,,,,38.393,417.745,,,,693.5,71.9,clean,0,,12,36,drone-pi,aarch64,Raspberry Pi 5 Model B Rev 1.0,true,4
1,qwen2.5-0.5b-instruct-Q4_K_M-warmup,0113,249,,,end_of_speech,1071.767,,,,,,38.096,1033.671,,,,693.5,73.0,clean,0,,28,44,drone-pi,aarch64,Raspberry Pi 5 Model B Rev 1.0,true,4
1,qwen2.5-0.5b-instruct-Q4_K_M-warmup,0193,250,,,end_of_speech,1146.926,,,,,,342.575,804.351,,,,693.5,72.5,clean,0,,22,47,drone-pi,aarch64,Raspberry Pi 5 Model B Rev 1.0,true,4
1,qwen2.5-0.5b-instruct-Q4_K_M-warmup,0006,251,,,end_of_speech,353.14,,,,,,160.578,192.562,,,,693.5,73.0,clean,0,,6,32,drone-pi,aarch64,Raspberry Pi 5 Model B Rev 1.0,true,4
1,qwen2.5-0.5b-instruct-Q4_K_M-warmup,0196,252,,,end_of_speech,717.456,,,,,,258.44,459.016,,,,693.5,71.9,clean,0,,13,39,drone-pi,aarch64,Raspberry Pi 5 Model B Rev 1.0,true,4
1,qwen2.5-0.5b-instruct-Q4_K_M-warmup,0186,253,,,end_of_speech,761.553,,,,,,37.917,723.636,,,,693.5,73.0,clean,0,,20,40,drone-pi,aarch64,Raspberry Pi 5 Model B Rev 1.0,true,4
1,qwen2.5-0.5b-instruct-Q4_K_M-warmup,0075,254,,,end_of_speech,994.728,,,,,,38.637,956.091,,,,693.5,71.9,clean,0,,26,53,drone-pi,aarch64,Raspberry Pi 5 Model B Rev 1.0,true,4
1,qwen2.5-0.5b-instruct-Q4_K_M-warmup,0131,255,,,end_of_speech,839.184,,,,,,38.087,801.097,,,,693.52,73.6,clean,0,,22,47,drone-pi,aarch64,Raspberry Pi 5 Model B Rev 1.0,true,4
1,qwen2.5-0.5b-instruct-Q4_K_M-warmup,0121,256,,,end_of_speech,589.039,,,,,,130.134,458.905,,,,693.52,71.9,clean,0,,13,31,drone-pi,aarch64,Raspberry Pi 5 Model B Rev 1.0,true,4
1,qwen2.5-0.5b-instruct-Q4_K_M-warmup,0101,257,,,end_of_speech,922.938,,,,,,272.251,650.687,,,,693.52,71.9,clean,0,,18,40,drone-pi,aarch64,Raspberry Pi 5 Model B Rev 1.0,true,4
1,qwen2.5-0.5b-instruct-Q4_K_M-warmup,0032,258,,,end_of_speech,338.959,,,,,,146.362,192.597,,,,693.52,71.9,clean,0,,6,31,drone-pi,aarch64,Raspberry Pi 5 Model B Rev 1.0,true,4
1,qwen2.5-0.5b-instruct-Q4_K_M-warmup,0018,259,,,end_of_speech,365.769,,,,,,174.637,191.132,,,,693.52,74.1,clean,0,,6,33,drone-pi,aarch64,Raspberry Pi 5 Model B Rev 1.0,true,4
1,qwen2.5-0.5b-instruct-Q4_K_M-warmup,0049,260,,,end_of_speech,1210.205,,,,,,328.29,881.915,,,,693.52,73.0,clean,0,,24,44,drone-pi,aarch64,Raspberry Pi 5 Model B Rev 1.0,true,4
1,qwen2.5-0.5b-instruct-Q4_K_M-warmup,0065,261,,,end_of_speech,1030.122,,,,,,38.425,991.697,,,,693.52,73.6,clean,0,,27,51,drone-pi,aarch64,Raspberry Pi 5 Model B Rev 1.0,true,4
1,qwen2.5-0.5b-instruct-Q4_K_M-warmup,0110,262,,,end_of_speech,916.97,,,,,,38.344,878.626,,,,693.52,73.0,clean,0,,24,44,drone-pi,aarch64,Raspberry Pi 5 Model B Rev 1.0,true,4
1,qwen2.5-0.5b-instruct-Q4_K_M-warmup,0048,263,,,end_of_speech,313.457,,,,,,121.866,191.591,,,,693.52,72.5,clean,0,,6,30,drone-pi,aarch64,Raspberry Pi 5 Model B Rev 1.0,true,4
1,qwen2.5-0.5b-instruct-Q4_K_M-warmup,0097,264,,,end_of_speech,391.356,,,,,,199.856,191.5,,,,693.52,73.0,clean,0,,6,35,drone-pi,aarch64,Raspberry Pi 5 Model B Rev 1.0,true,4
1,qwen2.5-0.5b-instruct-Q4_K_M-warmup,0127,265,,,end_of_speech,736.423,,,,,,241.276,495.147,,,,693.52,72.5,clean,0,,14,38,drone-pi,aarch64,Raspberry Pi 5 Model B Rev 1.0,true,4
1,qwen2.5-0.5b-instruct-Q4_K_M-warmup,0123,266,,,end_of_speech,762.276,,,,,,38.315,723.961,,,,693.52,73.6,clean,0,,20,39,drone-pi,aarch64,Raspberry Pi 5 Model B Rev 1.0,true,4
1,qwen2.5-0.5b-instruct-Q4_K_M-warmup,0144,267,,,end_of_speech,674.402,,,,,,216.312,458.09,,,,693.52,71.4,clean,0,,13,38,drone-pi,aarch64,Raspberry Pi 5 Model B Rev 1.0,true,4
1,qwen2.5-0.5b-instruct-Q4_K_M-warmup,0057,268,,,end_of_speech,366.244,,,,,,174.617,191.627,,,,693.52,73.0,clean,0,,6,33,drone-pi,aarch64,Raspberry Pi 5 Model B Rev 1.0,true,4
1,qwen2.5-0.5b-instruct-Q4_K_M-warmup,0083,269,,,end_of_speech,884.909,,,,,,272.363,612.546,,,,693.52,71.9,clean,0,,17,40,drone-pi,aarch64,Raspberry Pi 5 Model B Rev 1.0,true,4
1,qwen2.5-0.5b-instruct-Q4_K_M-warmup,0168,270,,,end_of_speech,505.143,,,,,,160.888,344.255,,,,693.52,71.9,clean,0,,10,34,drone-pi,aarch64,Raspberry Pi 5 Model B Rev 1.0,true,4
1,qwen2.5-0.5b-instruct-Q4_K_M-warmup,0134,271,,,end_of_speech,1010.372,,,,,,398.313,612.059,,,,693.52,72.5,clean,0,,17,49,drone-pi,aarch64,Raspberry Pi 5 Model B Rev 1.0,true,4
1,qwen2.5-0.5b-instruct-Q4_K_M-warmup,0128,272,,,end_of_speech,761.719,,,,,,38.022,723.697,,,,693.52,71.9,clean,0,,20,44,drone-pi,aarch64,Raspberry Pi 5 Model B Rev 1.0,true,4
1,qwen2.5-0.5b-instruct-Q4_K_M-warmup,0092,273,,,end_of_speech,810.589,,,,,,199.88,610.709,,,,693.52,71.9,clean,0,,17,36,drone-pi,aarch64,Raspberry Pi 5 Model B Rev 1.0,true,4
1,qwen2.5-0.5b-instruct-Q4_K_M-warmup,0120,274,,,end_of_speech,764.02,,,,,,38.612,725.408,,,,693.52,72.5,clean,0,,20,52,drone-pi,aarch64,Raspberry Pi 5 Model B Rev 1.0,true,4
1,qwen2.5-0.5b-instruct-Q4_K_M-warmup,0059,275,,,end_of_speech,724.866,,,,,,38.325,686.541,,,,693.52,71.9,clean,0,,19,43,drone-pi,aarch64,Raspberry Pi 5 Model B Rev 1.0,true,4
1,qwen2.5-0.5b-instruct-Q4_K_M-warmup,0141,276,,,end_of_speech,725.99,,,,,,38.033,687.957,,,,693.52,71.9,clean,0,,19,49,drone-pi,aarch64,Raspberry Pi 5 Model B Rev 1.0,true,4
1,qwen2.5-0.5b-instruct-Q4_K_M-warmup,0108,277,,,end_of_speech,455.81,,,,,,38.041,417.769,,,,693.52,73.0,clean,0,,12,39,drone-pi,aarch64,Raspberry Pi 5 Model B Rev 1.0,true,4
1,qwen2.5-0.5b-instruct-Q4_K_M-warmup,0159,278,,,end_of_speech,647.018,,,,,,38.418,608.6,,,,693.52,73.0,clean,0,,17,39,drone-pi,aarch64,Raspberry Pi 5 Model B Rev 1.0,true,4
1,qwen2.5-0.5b-instruct-Q4_K_M-warmup,0056,279,,,end_of_speech,646.69,,,,,,38.279,608.411,,,,693.52,71.4,clean,0,,17,41,drone-pi,aarch64,Raspberry Pi 5 Model B Rev 1.0,true,4
1,qwen2.5-0.5b-instruct-Q4_K_M-warmup,0009,280,,,end_of_speech,407.313,,,,,,216.058,191.255,,,,693.52,72.5,clean,0,,6,36,drone-pi,aarch64,Raspberry Pi 5 Model B Rev 1.0,true,4
1,qwen2.5-0.5b-instruct-Q4_K_M-warmup,0038,281,,,end_of_speech,1538.055,,,,,,465.486,1072.569,,,,693.52,73.0,clean,0,,29,54,drone-pi,aarch64,Raspberry Pi 5 Model B Rev 1.0,true,4
1,qwen2.5-0.5b-instruct-Q4_K_M-warmup,0167,282,,,end_of_speech,644.725,,,,,,38.33,606.395,,,,693.52,72.5,clean,0,,17,37,drone-pi,aarch64,Raspberry Pi 5 Model B Rev 1.0,true,4
1,qwen2.5-0.5b-instruct-Q4_K_M-warmup,0114,283,,,end_of_speech,1069.613,,,,,,342.44,727.173,,,,693.52,74.1,clean,0,,20,46,drone-pi,aarch64,Raspberry Pi 5 Model B Rev 1.0,true,4
1,qwen2.5-0.5b-instruct-Q4_K_M-warmup,0145,284,,,end_of_speech,366.73,,,,,,174.781,191.949,,,,693.52,72.5,clean,0,,6,33,drone-pi,aarch64,Raspberry Pi 5 Model B Rev 1.0,true,4
1,qwen2.5-0.5b-instruct-Q4_K_M-warmup,0137,285,,,end_of_speech,619.801,,,,,,199.776,420.025,,,,693.52,71.9,clean,0,,12,36,drone-pi,aarch64,Raspberry Pi 5 Model B Rev 1.0,true,4
1,qwen2.5-0.5b-instruct-Q4_K_M-warmup,0020,286,,,end_of_speech,530.28,,,,,,185.37,344.91,,,,693.52,72.5,clean,0,,10,34,drone-pi,aarch64,Raspberry Pi 5 Model B Rev 1.0,true,4
1,qwen2.5-0.5b-instruct-Q4_K_M-warmup,0080,287,,,end_of_speech,352.915,,,,,,160.538,192.377,,,,693.52,73.0,clean,0,,6,32,drone-pi,aarch64,Raspberry Pi 5 Model B Rev 1.0,true,4
1,qwen2.5-0.5b-instruct-Q4_K_M-warmup,0069,288,,,end_of_speech,644.952,,,,,,185.446,459.506,,,,693.52,73.6,clean,0,,13,34,drone-pi,aarch64,Raspberry Pi 5 Model B Rev 1.0,true,4
1,qwen2.5-0.5b-instruct-Q4_K_M-warmup,0047,289,,,end_of_speech,456.62,,,,,,38.142,418.478,,,,693.52,69.7,clean,0,,12,39,drone-pi,aarch64,Raspberry Pi 5 Model B Rev 1.0,true,4
1,qwen2.5-0.5b-instruct-Q4_K_M-warmup,0050,290,,,end_of_speech,457.701,,,,,,39.295,418.406,,,,693.52,73.0,clean,0,,12,38,drone-pi,aarch64,Raspberry Pi 5 Model B Rev 1.0,true,4
1,qwen2.5-0.5b-instruct-Q4_K_M-warmup,0172,291,,,end_of_speech,646.464,,,,,,38.447,608.017,,,,693.52,71.9,clean,0,,17,41,drone-pi,aarch64,Raspberry Pi 5 Model B Rev 1.0,true,4
1,qwen2.5-0.5b-instruct-Q4_K_M-warmup,0076,292,,,end_of_speech,518.759,,,,,,174.679,344.08,,,,693.52,73.0,clean,0,,10,33,drone-pi,aarch64,Raspberry Pi 5 Model B Rev 1.0,true,4
1,qwen2.5-0.5b-instruct-Q4_K_M-warmup,0180,293,,,end_of_speech,1090.898,,,,,,288.086,802.812,,,,693.52,73.6,clean,0,,22,41,drone-pi,aarch64,Raspberry Pi 5 Model B Rev 1.0,true,4
1,qwen2.5-0.5b-instruct-Q4_K_M-warmup,0064,294,,,end_of_speech,611.441,,,,,,146.822,464.619,,,,693.52,73.0,clean,0,,13,33,drone-pi,aarch64,Raspberry Pi 5 Model B Rev 1.0,true,4
1,qwen2.5-0.5b-instruct-Q4_K_M-warmup,0022,295,,,end_of_speech,706.777,,,,,,38.862,667.915,,,,693.52,70.3,clean,0,,17,34,drone-pi,aarch64,Raspberry Pi 5 Model B Rev 1.0,true,4
1,qwen2.5-0.5b-instruct-Q4_K_M-warmup,0149,296,,,end_of_speech,877.594,,,,,,44.92,832.674,,,,693.52,71.4,clean,0,,22,37,drone-pi,aarch64,Raspberry Pi 5 Model B Rev 1.0,true,4
1,qwen2.5-0.5b-instruct-Q4_K_M-warmup,0169,297,,,end_of_speech,838.311,,,,,,38.602,799.709,,,,693.52,72.5,clean,0,,22,42,drone-pi,aarch64,Raspberry Pi 5 Model B Rev 1.0,true,4
1,qwen2.5-0.5b-instruct-Q4_K_M-warmup,0152,298,,,end_of_speech,639.484,,,,,,216.495,422.989,,,,693.52,72.5,clean,0,,12,38,drone-pi,aarch64,Raspberry Pi 5 Model B Rev 1.0,true,4
1,qwen2.5-0.5b-instruct-Q4_K_M-warmup,0010,299,,,end_of_speech,1069.947,,,,,,38.303,1031.644,,,,693.52,71.9,clean,0,,28,53,drone-pi,aarch64,Raspberry Pi 5 Model B Rev 1.0,true,4
1,qwen2.5-0.5b-instruct-Q4_K_M-warmup,0151,300,,,end_of_speech,532.553,,,,,,38.281,494.272,,,,693.52,73.0,clean,0,,14,37,drone-pi,aarch64,Raspberry Pi 5 Model B Rev 1.0,true,4
1,qwen2.5-0.5b-instruct-Q4_K_M-warmup,0162,301,,,end_of_speech,802.374,,,,,,38.374,764.0,,,,693.52,73.0,clean,0,,21,51,drone-pi,aarch64,Raspberry Pi 5 Model B Rev 1.0,true,4
1,qwen2.5-0.5b-instruct-Q4_K_M-warmup,0182,302,,,end_of_speech,392.02,,,,,,200.11,191.91,,,,693.52,73.0,clean,0,,6,35,drone-pi,aarch64,Raspberry Pi 5 Model B Rev 1.0,true,4
1,qwen2.5-0.5b-instruct-Q4_K_M-warmup,0072,303,,,end_of_speech,584.035,,,,,,160.583,423.452,,,,693.52,71.9,clean,0,,12,32,drone-pi,aarch64,Raspberry Pi 5 Model B Rev 1.0,true,4
1,qwen2.5-0.5b-instruct-Q4_K_M-warmup,0033,304,,,end_of_speech,575.336,,,,,,230.343,344.993,,,,693.52,71.4,clean,0,,10,37,drone-pi,aarch64,Raspberry Pi 5 Model B Rev 1.0,true,4
1,qwen2.5-0.5b-instruct-Q4_K_M-warmup,0116,305,,,end_of_speech,685.865,,,,,,38.084,647.781,,,,693.52,72.5,clean,0,,18,43,drone-pi,aarch64,Raspberry Pi 5 Model B Rev 1.0,true,4
1,qwen2.5-0.5b-instruct-Q4_K_M-warmup,0105,306,,,end_of_speech,725.271,,,,,,38.383,686.888,,,,693.52,72.5,clean,0,,19,39,drone-pi,aarch64,Raspberry Pi 5 Model B Rev 1.0,true,4
1,qwen2.5-0.5b-instruct-Q4_K_M-warmup,0089,307,,,end_of_speech,1070.165,,,,,,38.271,1031.894,,,,693.52,71.4,clean,0,,28,56,drone-pi,aarch64,Raspberry Pi 5 Model B Rev 1.0,true,4
1,qwen2.5-0.5b-instruct-Q4_K_M-warmup,0062,308,,,end_of_speech,456.515,,,,,,38.517,417.998,,,,693.52,71.9,clean,0,,12,36,drone-pi,aarch64,Raspberry Pi 5 Model B Rev 1.0,true,4
1,qwen2.5-0.5b-instruct-Q4_K_M-warmup,0113,309,,,end_of_speech,1072.425,,,,,,38.437,1033.988,,,,693.52,72.5,clean,0,,28,44,drone-pi,aarch64,Raspberry Pi 5 Model B Rev 1.0,true,4
1,qwen2.5-0.5b-instruct-Q4_K_M-warmup,0193,310,,,end_of_speech,1147.687,,,,,,342.654,805.033,,,,693.52,73.0,clean,0,,22,47,drone-pi,aarch64,Raspberry Pi 5 Model B Rev 1.0,true,4
1,qwen2.5-0.5b-instruct-Q4_K_M-warmup,0006,311,,,end_of_speech,353.126,,,,,,160.707,192.419,,,,693.52,73.6,clean,0,,6,32,drone-pi,aarch64,Raspberry Pi 5 Model B Rev 1.0,true,4
1,qwen2.5-0.5b-instruct-Q4_K_M-warmup,0196,312,,,end_of_speech,717.738,,,,,,258.944,458.794,,,,693.52,73.0,clean,0,,13,39,drone-pi,aarch64,Raspberry Pi 5 Model B Rev 1.0,true,4
1,qwen2.5-0.5b-instruct-Q4_K_M-warmup,0186,313,,,end_of_speech,763.513,,,,,,37.994,725.519,,,,693.52,73.0,clean,0,,20,40,drone-pi,aarch64,Raspberry Pi 5 Model B Rev 1.0,true,4
1,qwen2.5-0.5b-instruct-Q4_K_M-warmup,0075,314,,,end_of_speech,993.257,,,,,,38.26,954.997,,,,693.52,69.7,clean,0,,26,53,drone-pi,aarch64,Raspberry Pi 5 Model B Rev 1.0,true,4
1,qwen2.5-0.5b-instruct-Q4_K_M-warmup,0131,315,,,end_of_speech,840.62,,,,,,38.154,802.466,,,,693.52,73.0,clean,0,,22,47,drone-pi,aarch64,Raspberry Pi 5 Model B Rev 1.0,true,4
1,qwen2.5-0.5b-instruct-Q4_K_M-warmup,0121,316,,,end_of_speech,590.177,,,,,,130.219,459.958,,,,693.52,72.5,clean,0,,13,31,drone-pi,aarch64,Raspberry Pi 5 Model B Rev 1.0,true,4
1,qwen2.5-0.5b-instruct-Q4_K_M-warmup,0101,317,,,end_of_speech,923.786,,,,,,272.801,650.985,,,,693.52,71.9,clean,0,,18,40,drone-pi,aarch64,Raspberry Pi 5 Model B Rev 1.0,true,4
1,qwen2.5-0.5b-instruct-Q4_K_M-warmup,0032,318,,,end_of_speech,339.529,,,,,,146.514,193.015,,,,693.53,71.9,clean,0,,6,31,drone-pi,aarch64,Raspberry Pi 5 Model B Rev 1.0,true,4
1,qwen2.5-0.5b-instruct-Q4_K_M-warmup,0018,319,,,end_of_speech,367.603,,,,,,174.853,192.75,,,,693.53,74.1,clean,0,,6,33,drone-pi,aarch64,Raspberry Pi 5 Model B Rev 1.0,true,4
1,qwen2.5-0.5b-instruct-Q4_K_M-warmup,0049,320,,,end_of_speech,1211.386,,,,,,328.646,882.74,,,,693.53,73.0,clean,0,,24,44,drone-pi,aarch64,Raspberry Pi 5 Model B Rev 1.0,true,4
1,qwen2.5-0.5b-instruct-Q4_K_M-warmup,0065,321,,,end_of_speech,1032.762,,,,,,37.908,994.854,,,,693.53,73.6,clean,0,,27,51,drone-pi,aarch64,Raspberry Pi 5 Model B Rev 1.0,true,4
1,qwen2.5-0.5b-instruct-Q4_K_M-warmup,0110,322,,,end_of_speech,916.746,,,,,,38.38,878.366,,,,693.53,73.0,clean,0,,24,44,drone-pi,aarch64,Raspberry Pi 5 Model B Rev 1.0,true,4
1,qwen2.5-0.5b-instruct-Q4_K_M-warmup,0048,323,,,end_of_speech,315.165,,,,,,122.399,192.766,,,,693.53,71.9,clean,0,,6,30,drone-pi,aarch64,Raspberry Pi 5 Model B Rev 1.0,true,4
1,qwen2.5-0.5b-instruct-Q4_K_M-warmup,0097,324,,,end_of_speech,391.794,,,,,,199.745,192.049,,,,693.53,73.0,clean,0,,6,35,drone-pi,aarch64,Raspberry Pi 5 Model B Rev 1.0,true,4
1,qwen2.5-0.5b-instruct-Q4_K_M-warmup,0127,325,,,end_of_speech,737.981,,,,,,241.776,496.205,,,,693.53,72.5,clean,0,,14,38,drone-pi,aarch64,Raspberry Pi 5 Model B Rev 1.0,true,4
1,qwen2.5-0.5b-instruct-Q4_K_M-warmup,0123,326,,,end_of_speech,762.44,,,,,,38.029,724.411,,,,693.53,72.5,clean,0,,20,39,drone-pi,aarch64,Raspberry Pi 5 Model B Rev 1.0,true,4
1,qwen2.5-0.5b-instruct-Q4_K_M-warmup,0144,327,,,end_of_speech,675.557,,,,,,216.058,459.499,,,,693.53,72.5,clean,0,,13,38,drone-pi,aarch64,Raspberry Pi 5 Model B Rev 1.0,true,4
1,qwen2.5-0.5b-instruct-Q4_K_M-warmup,0057,328,,,end_of_speech,365.494,,,,,,174.629,190.865,,,,693.53,73.0,clean,0,,6,33,drone-pi,aarch64,Raspberry Pi 5 Model B Rev 1.0,true,4
1,qwen2.5-0.5b-instruct-Q4_K_M-warmup,0083,329,,,end_of_speech,884.379,,,,,,272.56,611.819,,,,693.53,73.6,clean,0,,17,40,drone-pi,aarch64,Raspberry Pi 5 Model B Rev 1.0,true,4
1,qwen2.5-0.5b-instruct-Q4_K_M-warmup,0168,330,,,end_of_speech,506.77,,,,,,161.247,345.523,,,,693.53,71.9,clean,0,,10,34,drone-pi,aarch64,Raspberry Pi 5 Model B Rev 1.0,true,4
1,qwen2.5-0.5b-instruct-Q4_K_M-warmup,0134,331,,,end_of_speech,1011.988,,,,,,398.311,613.677,,,,693.53,73.0,clean,0,,17,49,drone-pi,aarch64,Raspberry Pi 5 Model B Rev 1.0,true,4
1,qwen2.5-0.5b-instruct-Q4_K_M-warmup,0128,332,,,end_of_speech,763.34,,,,,,38.249,725.091,,,,693.53,73.0,clean,0,,20,44,drone-pi,aarch64,Raspberry Pi 5 Model B Rev 1.0,true,4
1,qwen2.5-0.5b-instruct-Q4_K_M-warmup,0092,333,,,end_of_speech,810.618,,,,,,200.06,610.558,,,,693.53,71.9,clean,0,,17,36,drone-pi,aarch64,Raspberry Pi 5 Model B Rev 1.0,true,4
1,qwen2.5-0.5b-instruct-Q4_K_M-warmup,0120,334,,,end_of_speech,764.917,,,,,,38.159,726.758,,,,693.53,74.1,clean,0,,20,52,drone-pi,aarch64,Raspberry Pi 5 Model B Rev 1.0,true,4
1,qwen2.5-0.5b-instruct-Q4_K_M-warmup,0059,335,,,end_of_speech,723.997,,,,,,37.937,686.06,,,,693.53,72.5,clean,0,,19,43,drone-pi,aarch64,Raspberry Pi 5 Model B Rev 1.0,true,4
1,qwen2.5-0.5b-instruct-Q4_K_M-warmup,0141,336,,,end_of_speech,728.31,,,,,,38.491,689.819,,,,693.53,73.0,clean,0,,19,49,drone-pi,aarch64,Raspberry Pi 5 Model B Rev 1.0,true,4
1,qwen2.5-0.5b-instruct-Q4_K_M-warmup,0108,337,,,end_of_speech,455.203,,,,,,38.055,417.148,,,,693.53,73.0,clean,0,,12,39,drone-pi,aarch64,Raspberry Pi 5 Model B Rev 1.0,true,4
1,qwen2.5-0.5b-instruct-Q4_K_M-warmup,0159,338,,,end_of_speech,647.435,,,,,,37.937,609.498,,,,693.53,73.0,clean,0,,17,39,drone-pi,aarch64,Raspberry Pi 5 Model B Rev 1.0,true,4
1,qwen2.5-0.5b-instruct-Q4_K_M-warmup,0056,339,,,end_of_speech,646.831,,,,,,38.393,608.438,,,,693.53,72.5,clean,0,,17,41,drone-pi,aarch64,Raspberry Pi 5 Model B Rev 1.0,true,4
1,qwen2.5-0.5b-instruct-Q4_K_M-warmup,0009,340,,,end_of_speech,408.672,,,,,,216.392,192.28,,,,693.53,71.9,clean,0,,6,36,drone-pi,aarch64,Raspberry Pi 5 Model B Rev 1.0,true,4
1,qwen2.5-0.5b-instruct-Q4_K_M-warmup,0038,341,,,end_of_speech,1542.831,,,,,,465.762,1077.069,,,,693.53,72.5,clean,0,,29,54,drone-pi,aarch64,Raspberry Pi 5 Model B Rev 1.0,true,4
1,qwen2.5-0.5b-instruct-Q4_K_M-warmup,0167,342,,,end_of_speech,647.231,,,,,,38.288,608.943,,,,693.53,73.6,clean,0,,17,37,drone-pi,aarch64,Raspberry Pi 5 Model B Rev 1.0,true,4
1,qwen2.5-0.5b-instruct-Q4_K_M-warmup,0114,343,,,end_of_speech,1072.301,,,,,,342.841,729.46,,,,693.53,72.5,clean,0,,20,46,drone-pi,aarch64,Raspberry Pi 5 Model B Rev 1.0,true,4
1,qwen2.5-0.5b-instruct-Q4_K_M-warmup,0145,344,,,end_of_speech,367.093,,,,,,175.11,191.983,,,,693.53,72.5,clean,0,,6,33,drone-pi,aarch64,Raspberry Pi 5 Model B Rev 1.0,true,4
1,qwen2.5-0.5b-instruct-Q4_K_M-warmup,0137,345,,,end_of_speech,620.779,,,,,,200.118,420.661,,,,693.53,72.5,clean,0,,12,36,drone-pi,aarch64,Raspberry Pi 5 Model B Rev 1.0,true,4
1,qwen2.5-0.5b-instruct-Q4_K_M-warmup,0020,346,,,end_of_speech,530.82,,,,,,185.459,345.361,,,,693.53,72.5,clean,0,,10,34,drone-pi,aarch64,Raspberry Pi 5 Model B Rev 1.0,true,4
1,qwen2.5-0.5b-instruct-Q4_K_M-warmup,0080,347,,,end_of_speech,353.896,,,,,,160.584,193.312,,,,693.53,71.9,clean,0,,6,32,drone-pi,aarch64,Raspberry Pi 5 Model B Rev 1.0,true,4
1,qwen2.5-0.5b-instruct-Q4_K_M-warmup,0069,348,,,end_of_speech,646.302,,,,,,185.55,460.752,,,,693.53,71.9,clean,0,,13,34,drone-pi,aarch64,Raspberry Pi 5 Model B Rev 1.0,true,4
1,qwen2.5-0.5b-instruct-Q4_K_M-warmup,0047,349,,,end_of_speech,454.881,,,,,,38.43,416.451,,,,693.53,72.5,clean,0,,12,39,drone-pi,aarch64,Raspberry Pi 5 Model B Rev 1.0,true,4
1,qwen2.5-0.5b-instruct-Q4_K_M-warmup,0050,350,,,end_of_speech,455.771,,,,,,37.991,417.78,,,,693.53,72.5,clean,0,,12,38,drone-pi,aarch64,Raspberry Pi 5 Model B Rev 1.0,true,4
1,qwen2.5-0.5b-instruct-Q4_K_M-warmup,0172,351,,,end_of_speech,648.422,,,,,,38.642,609.78,,,,693.53,71.9,clean,0,,17,41,drone-pi,aarch64,Raspberry Pi 5 Model B Rev 1.0,true,4
1,qwen2.5-0.5b-instruct-Q4_K_M-warmup,0076,352,,,end_of_speech,519.08,,,,,,174.769,344.311,,,,693.53,73.0,clean,0,,10,33,drone-pi,aarch64,Raspberry Pi 5 Model B Rev 1.0,true,4
1,qwen2.5-0.5b-instruct-Q4_K_M-warmup,0180,353,,,end_of_speech,1092.711,,,,,,287.923,804.788,,,,693.53,71.9,clean,0,,22,41,drone-pi,aarch64,Raspberry Pi 5 Model B Rev 1.0,true,4
1,qwen2.5-0.5b-instruct-Q4_K_M-warmup,0064,354,,,end_of_speech,605.827,,,,,,146.846,458.981,,,,693.53,71.9,clean,0,,13,33,drone-pi,aarch64,Raspberry Pi 5 Model B Rev 1.0,true,4
1,qwen2.5-0.5b-instruct-Q4_K_M-warmup,0022,355,,,end_of_speech,646.499,,,,,,38.449,608.05,,,,693.53,73.6,clean,0,,17,34,drone-pi,aarch64,Raspberry Pi 5 Model B Rev 1.0,true,4
1,qwen2.5-0.5b-instruct-Q4_K_M-warmup,0149,356,,,end_of_speech,839.709,,,,,,38.385,801.324,,,,693.53,71.9,clean,0,,22,37,drone-pi,aarch64,Raspberry Pi 5 Model B Rev 1.0,true,4
1,qwen2.5-0.5b-instruct-Q4_K_M-warmup,0169,357,,,end_of_speech,839.596,,,,,,38.204,801.392,,,,693.53,71.9,clean,0,,22,42,drone-pi,aarch64,Raspberry Pi 5 Model B Rev 1.0,true,4
1,qwen2.5-0.5b-instruct-Q4_K_M-warmup,0152,358,,,end_of_speech,637.598,,,,,,216.293,421.305,,,,693.53,73.6,clean,0,,12,38,drone-pi,aarch64,Raspberry Pi 5 Model B Rev 1.0,true,4
1,qwen2.5-0.5b-instruct-Q4_K_M-warmup,0010,359,,,end_of_speech,1071.7,,,,,,38.596,1033.104,,,,693.53,72.5,clean,0,,28,53,drone-pi,aarch64,Raspberry Pi 5 Model B Rev 1.0,true,4
1,qwen2.5-0.5b-instruct-Q4_K_M-warmup,0151,360,,,end_of_speech,531.943,,,,,,37.988,493.955,,,,693.53,74.1,clean,0,,14,37,drone-pi,aarch64,Raspberry Pi 5 Model B Rev 1.0,true,4
1,qwen2.5-0.5b-instruct-Q4_K_M-warmup,0162,361,,,end_of_speech,802.565,,,,,,38.342,764.223,,,,693.53,71.9,clean,0,,21,51,drone-pi,aarch64,Raspberry Pi 5 Model B Rev 1.0,true,4
1,qwen2.5-0.5b-instruct-Q4_K_M-warmup,0182,362,,,end_of_speech,391.011,,,,,,199.907,191.104,,,,693.53,71.4,clean,0,,6,35,drone-pi,aarch64,Raspberry Pi 5 Model B Rev 1.0,true,4
1,qwen2.5-0.5b-instruct-Q4_K_M-warmup,0072,363,,,end_of_speech,583.563,,,,,,160.548,423.015,,,,693.53,73.0,clean,0,,12,32,drone-pi,aarch64,Raspberry Pi 5 Model B Rev 1.0,true,4
1,qwen2.5-0.5b-instruct-Q4_K_M-warmup,0033,364,,,end_of_speech,574.56,,,,,,229.894,344.666,,,,693.55,73.0,clean,0,,10,37,drone-pi,aarch64,Raspberry Pi 5 Model B Rev 1.0,true,4
1,qwen2.5-0.5b-instruct-Q4_K_M-warmup,0116,365,,,end_of_speech,685.475,,,,,,37.78,647.695,,,,693.55,73.6,clean,0,,18,43,drone-pi,aarch64,Raspberry Pi 5 Model B Rev 1.0,true,4
1,qwen2.5-0.5b-instruct-Q4_K_M-warmup,0105,366,,,end_of_speech,724.538,,,,,,38.795,685.743,,,,693.55,71.9,clean,0,,19,39,drone-pi,aarch64,Raspberry Pi 5 Model B Rev 1.0,true,4
1,qwen2.5-0.5b-instruct-Q4_K_M-warmup,0089,367,,,end_of_speech,1071.835,,,,,,38.317,1033.518,,,,693.55,72.5,clean,0,,28,56,drone-pi,aarch64,Raspberry Pi 5 Model B Rev 1.0,true,4
1,qwen2.5-0.5b-instruct-Q4_K_M-warmup,0062,368,,,end_of_speech,454.353,,,,,,38.244,416.109,,,,693.56,71.9,clean,0,,12,36,drone-pi,aarch64,Raspberry Pi 5 Model B Rev 1.0,true,4
1,qwen2.5-0.5b-instruct-Q4_K_M-warmup,0113,369,,,end_of_speech,1072.223,,,,,,38.47,1033.753,,,,693.56,73.6,clean,0,,28,44,drone-pi,aarch64,Raspberry Pi 5 Model B Rev 1.0,true,4
1,qwen2.5-0.5b-instruct-Q4_K_M-warmup,0193,370,,,end_of_speech,1149.893,,,,,,342.557,807.336,,,,693.56,71.9,clean,0,,22,47,drone-pi,aarch64,Raspberry Pi 5 Model B Rev 1.0,true,4
1,qwen2.5-0.5b-instruct-Q4_K_M-warmup,0006,371,,,end_of_speech,352.892,,,,,,160.701,192.191,,,,693.56,72.5,clean,0,,6,32,drone-pi,aarch64,Raspberry Pi 5 Model B Rev 1.0,true,4
1,qwen2.5-0.5b-instruct-Q4_K_M-warmup,0196,372,,,end_of_speech,718.883,,,,,,258.912,459.971,,,,693.56,71.9,clean,0,,13,39,drone-pi,aarch64,Raspberry Pi 5 Model B Rev 1.0,true,4
1,qwen2.5-0.5b-instruct-Q4_K_M-warmup,0186,373,,,end_of_speech,761.812,,,,,,38.068,723.744,,,,693.56,74.1,clean,0,,20,40,drone-pi,aarch64,Raspberry Pi 5 Model B Rev 1.0,true,4
1,qwen2.5-0.5b-instruct-Q4_K_M-warmup,0075,374,,,end_of_speech,996.647,,,,,,38.263,958.384,,,,693.56,71.4,clean,0,,26,53,drone-pi,aarch64,Raspberry Pi 5 Model B Rev 1.0,true,4
1,qwen2.5-0.5b-instruct-Q4_K_M-warmup,0131,375,,,end_of_speech,842.207,,,,,,38.625,803.582,,,,693.56,71.9,clean,0,,22,47,drone-pi,aarch64,Raspberry Pi 5 Model B Rev 1.0,true,4
1,qwen2.5-0.5b-instruct-Q4_K_M-warmup,0121,376,,,end_of_speech,589.181,,,,,,130.136,459.045,,,,693.56,73.0,clean,0,,13,31,drone-pi,aarch64,Raspberry Pi 5 Model B Rev 1.0,true,4
1,qwen2.5-0.5b-instruct-Q4_K_M-warmup,0101,377,,,end_of_speech,925.501,,,,,,272.519,652.982,,,,693.56,72.5,clean,0,,18,40,drone-pi,aarch64,Raspberry Pi 5 Model B Rev 1.0,true,4
1,qwen2.5-0.5b-instruct-Q4_K_M-warmup,0032,378,,,end_of_speech,340.808,,,,,,147.285,193.523,,,,693.56,72.5,clean,0,,6,31,drone-pi,aarch64,Raspberry Pi 5 Model B Rev 1.0,true,4
1,qwen2.5-0.5b-instruct-Q4_K_M-warmup,0018,379,,,end_of_speech,371.148,,,,,,178.867,192.281,,,,693.56,72.5,clean,0,,6,33,drone-pi,aarch64,Raspberry Pi 5 Model B Rev 1.0,true,4
1,qwen2.5-0.5b-instruct-Q4_K_M-warmup,0049,380,,,end_of_speech,1253.472,,,,,,332.264,921.208,,,,693.56,73.6,clean,0,,24,44,drone-pi,aarch64,Raspberry Pi 5 Model B Rev 1.0,true,4
1,qwen2.5-0.5b-instruct-Q4_K_M-warmup,0065,381,,,end_of_speech,1033.914,,,,,,38.255,995.659,,,,693.56,72.5,clean,0,,27,51,drone-pi,aarch64,Raspberry Pi 5 Model B Rev 1.0,true,4
1,qwen2.5-0.5b-instruct-Q4_K_M-warmup,0110,382,,,end_of_speech,918.057,,,,,,38.253,879.804,,,,693.56,68.6,clean,0,,24,44,drone-pi,aarch64,Raspberry Pi 5 Model B Rev 1.0,true,4
1,qwen2.5-0.5b-instruct-Q4_K_M-warmup,0048,383,,,end_of_speech,314.337,,,,,,122.368,191.969,,,,693.56,72.5,clean,0,,6,30,drone-pi,aarch64,Raspberry Pi 5 Model B Rev 1.0,true,4
1,qwen2.5-0.5b-instruct-Q4_K_M-warmup,0097,384,,,end_of_speech,391.389,,,,,,199.803,191.586,,,,693.56,71.9,clean,0,,6,35,drone-pi,aarch64,Raspberry Pi 5 Model B Rev 1.0,true,4
1,qwen2.5-0.5b-instruct-Q4_K_M-warmup,0127,385,,,end_of_speech,738.198,,,,,,241.483,496.715,,,,693.56,71.9,clean,0,,14,38,drone-pi,aarch64,Raspberry Pi 5 Model B Rev 1.0,true,4
1,qwen2.5-0.5b-instruct-Q4_K_M-warmup,0123,386,,,end_of_speech,763.445,,,,,,38.342,725.103,,,,693.56,71.4,clean,0,,20,39,drone-pi,aarch64,Raspberry Pi 5 Model B Rev 1.0,true,4
1,qwen2.5-0.5b-instruct-Q4_K_M-warmup,0144,387,,,end_of_speech,676.562,,,,,,216.515,460.047,,,,693.56,71.4,clean,0,,13,38,drone-pi,aarch64,Raspberry Pi 5 Model B Rev 1.0,true,4
1,qwen2.5-0.5b-instruct-Q4_K_M-warmup,0057,388,,,end_of_speech,366.914,,,,,,174.73,192.184,,,,693.56,73.0,clean,0,,6,33,drone-pi,aarch64,Raspberry Pi 5 Model B Rev 1.0,true,4
1,qwen2.5-0.5b-instruct-Q4_K_M-warmup,0083,389,,,end_of_speech,885.928,,,,,,272.722,613.206,,,,693.56,73.6,clean,0,,17,40,drone-pi,aarch64,Raspberry Pi 5 Model B Rev 1.0,true,4
1,qwen2.5-0.5b-instruct-Q4_K_M-warmup,0168,390,,,end_of_speech,507.357,,,,,,161.039,346.318,,,,693.56,71.9,clean,0,,10,34,drone-pi,aarch64,Raspberry Pi 5 Model B Rev 1.0,true,4
1,qwen2.5-0.5b-instruct-Q4_K_M-warmup,0134,391,,,end_of_speech,1013.694,,,,,,398.387,615.307,,,,693.56,74.1,clean,0,,17,49,drone-pi,aarch64,Raspberry Pi 5 Model B Rev 1.0,true,4
1,qwen2.5-0.5b-instruct-Q4_K_M-warmup,0128,392,,,end_of_speech,764.826,,,,,,38.286,726.54,,,,693.56,73.0,clean,0,,20,44,drone-pi,aarch64,Raspberry Pi 5 Model B Rev 1.0,true,4
1,qwen2.5-0.5b-instruct-Q4_K_M-warmup,0092,393,,,end_of_speech,812.341,,,,,,200.031,612.31,,,,693.56,72.5,clean,0,,17,36,drone-pi,aarch64,Raspberry Pi 5 Model B Rev 1.0,true,4
1,qwen2.5-0.5b-instruct-Q4_K_M-warmup,0120,394,,,end_of_speech,766.022,,,,,,38.282,727.74,,,,693.56,72.5,clean,0,,20,52,drone-pi,aarch64,Raspberry Pi 5 Model B Rev 1.0,true,4
1,qwen2.5-0.5b-instruct-Q4_K_M-warmup,0059,395,,,end_of_speech,725.593,,,,,,38.365,687.228,,,,693.56,72.5,clean,0,,19,43,drone-pi,aarch64,Raspberry Pi 5 Model B Rev 1.0,true,4
1,qwen2.5-0.5b-instruct-Q4_K_M-warmup,0141,396,,,end_of_speech,726.094,,,,,,38.279,687.815,,,,693.56,71.4,clean,0,,19,49,drone-pi,aarch64,Raspberry Pi 5 Model B Rev 1.0,true,4
1,qwen2.5-0.5b-instruct-Q4_K_M-warmup,0108,397,,,end_of_speech,457.006,,,,,,38.418,418.588,,,,693.56,72.5,clean,0,,12,39,drone-pi,aarch64,Raspberry Pi 5 Model B Rev 1.0,true,4
1,qwen2.5-0.5b-instruct-Q4_K_M-warmup,0159,398,,,end_of_speech,648.231,,,,,,38.609,609.622,,,,693.56,72.5,clean,0,,17,39,drone-pi,aarch64,Raspberry Pi 5 Model B Rev 1.0,true,4
1,qwen2.5-0.5b-instruct-Q4_K_M-warmup,0056,399,,,end_of_speech,648.302,,,,,,38.193,610.109,,,,693.56,72.5,clean,0,,17,41,drone-pi,aarch64,Raspberry Pi 5 Model B Rev 1.0,true,4
1,qwen2.5-0.5b-instruct-Q4_K_M-warmup,0009,400,,,end_of_speech,408.748,,,,,,216.432,192.316,,,,693.56,73.6,clean,0,,6,36,drone-pi,aarch64,Raspberry Pi 5 Model B Rev 1.0,true,4
1,qwen2.5-0.5b-instruct-Q4_K_M-warmup,0038,401,,,end_of_speech,1541.743,,,,,,465.92,1075.823,,,,693.56,71.9,clean,0,,29,54,drone-pi,aarch64,Raspberry Pi 5 Model B Rev 1.0,true,4
1,qwen2.5-0.5b-instruct-Q4_K_M-warmup,0167,402,,,end_of_speech,648.45,,,,,,38.428,610.022,,,,693.56,71.4,clean,0,,17,37,drone-pi,aarch64,Raspberry Pi 5 Model B Rev 1.0,true,4
1,qwen2.5-0.5b-instruct-Q4_K_M-warmup,0114,403,,,end_of_speech,1072.606,,,,,,342.71,729.896,,,,693.56,71.9,clean,0,,20,46,drone-pi,aarch64,Raspberry Pi 5 Model B Rev 1.0,true,4
1,qwen2.5-0.5b-instruct-Q4_K_M-warmup,0145,404,,,end_of_speech,366.806,,,,,,174.748,192.058,,,,693.56,73.6,clean,0,,6,33,drone-pi,aarch64,Raspberry Pi 5 Model B Rev 1.0,true,4
1,qwen2.5-0.5b-instruct-Q4_K_M-warmup,0137,405,,,end_of_speech,620.198,,,,,,199.799,420.399,,,,693.56,73.6,clean,0,,12,36,drone-pi,aarch64,Raspberry Pi 5 Model B Rev 1.0,true,4
1,qwen2.5-0.5b-instruct-Q4_K_M-warmup,0020,406,,,end_of_speech,531.174,,,,,,185.731,345.443,,,,693.56,73.6,clean,0,,10,34,drone-pi,aarch64,Raspberry Pi 5 Model B Rev 1.0,true,4
1,qwen2.5-0.5b-instruct-Q4_K_M-warmup,0080,407,,,end_of_speech,355.132,,,,,,160.721,194.411,,,,693.56,73.0,clean,0,,6,32,drone-pi,aarch64,Raspberry Pi 5 Model B Rev 1.0,true,4
1,qwen2.5-0.5b-instruct-Q4_K_M-warmup,0069,408,,,end_of_speech,644.552,,,,,,185.445,459.107,,,,693.56,71.9,clean,0,,13,34,drone-pi,aarch64,Raspberry Pi 5 Model B Rev 1.0,true,4
1,qwen2.5-0.5b-instruct-Q4_K_M-warmup,0047,409,,,end_of_speech,456.468,,,,,,38.403,418.065,,,,693.56,73.6,clean,0,,12,39,drone-pi,aarch64,Raspberry Pi 5 Model B Rev 1.0,true,4
1,qwen2.5-0.5b-instruct-Q4_K_M-warmup,0050,410,,,end_of_speech,455.544,,,,,,38.418,417.126,,,,693.56,72.5,clean,0,,12,38,drone-pi,aarch64,Raspberry Pi 5 Model B Rev 1.0,true,4
1,qwen2.5-0.5b-instruct-Q4_K_M-warmup,0172,411,,,end_of_speech,649.717,,,,,,38.625,611.092,,,,693.56,72.5,clean,0,,17,41,drone-pi,aarch64,Raspberry Pi 5 Model B Rev 1.0,true,4
1,qwen2.5-0.5b-instruct-Q4_K_M-warmup,0076,412,,,end_of_speech,519.987,,,,,,174.665,345.322,,,,693.56,73.6,clean,0,,10,33,drone-pi,aarch64,Raspberry Pi 5 Model B Rev 1.0,true,4
1,qwen2.5-0.5b-instruct-Q4_K_M-warmup,0180,413,,,end_of_speech,1093.212,,,,,,288.038,805.174,,,,693.56,72.5,clean,0,,22,41,drone-pi,aarch64,Raspberry Pi 5 Model B Rev 1.0,true,4
1,qwen2.5-0.5b-instruct-Q4_K_M-warmup,0064,414,,,end_of_speech,608.44,,,,,,146.624,461.816,,,,693.56,71.9,clean,0,,13,33,drone-pi,aarch64,Raspberry Pi 5 Model B Rev 1.0,true,4
1,qwen2.5-0.5b-instruct-Q4_K_M-warmup,0022,415,,,end_of_speech,647.937,,,,,,38.431,609.506,,,,693.56,72.5,clean,0,,17,34,drone-pi,aarch64,Raspberry Pi 5 Model B Rev 1.0,true,4
1,qwen2.5-0.5b-instruct-Q4_K_M-warmup,0149,416,,,end_of_speech,841.061,,,,,,38.633,802.428,,,,693.56,71.9,clean,0,,22,37,drone-pi,aarch64,Raspberry Pi 5 Model B Rev 1.0,true,4
1,qwen2.5-0.5b-instruct-Q4_K_M-warmup,0169,417,,,end_of_speech,840.755,,,,,,38.026,802.729,,,,693.56,73.0,clean,0,,22,42,drone-pi,aarch64,Raspberry Pi 5 Model B Rev 1.0,true,4
1,qwen2.5-0.5b-instruct-Q4_K_M-warmup,0152,418,,,end_of_speech,637.705,,,,,,216.573,421.132,,,,693.56,72.5,clean,0,,12,38,drone-pi,aarch64,Raspberry Pi 5 Model B Rev 1.0,true,4
1,qwen2.5-0.5b-instruct-Q4_K_M-warmup,0010,419,,,end_of_speech,1072.134,,,,,,38.289,1033.845,,,,693.56,71.4,clean,0,,28,53,drone-pi,aarch64,Raspberry Pi 5 Model B Rev 1.0,true,4
1,qwen2.5-0.5b-instruct-Q4_K_M-warmup,0151,420,,,end_of_speech,532.094,,,,,,38.382,493.712,,,,693.56,72.5,clean,0,,14,37,drone-pi,aarch64,Raspberry Pi 5 Model B Rev 1.0,true,4
1,qwen2.5-0.5b-instruct-Q4_K_M-warmup,0162,421,,,end_of_speech,802.323,,,,,,38.262,764.061,,,,693.56,71.4,clean,0,,21,51,drone-pi,aarch64,Raspberry Pi 5 Model B Rev 1.0,true,4
1,qwen2.5-0.5b-instruct-Q4_K_M-warmup,0182,422,,,end_of_speech,392.314,,,,,,200.08,192.234,,,,693.56,72.5,clean,0,,6,35,drone-pi,aarch64,Raspberry Pi 5 Model B Rev 1.0,true,4
1,qwen2.5-0.5b-instruct-Q4_K_M-warmup,0072,423,,,end_of_speech,583.879,,,,,,160.59,423.289,,,,693.56,71.9,clean,0,,12,32,drone-pi,aarch64,Raspberry Pi 5 Model B Rev 1.0,true,4
1,qwen2.5-0.5b-instruct-Q4_K_M-warmup,0033,424,,,end_of_speech,574.689,,,,,,230.207,344.482,,,,693.56,73.0,clean,0,,10,37,drone-pi,aarch64,Raspberry Pi 5 Model B Rev 1.0,true,4
1,qwen2.5-0.5b-instruct-Q4_K_M-warmup,0116,425,,,end_of_speech,687.0,,,,,,38.331,648.669,,,,693.56,73.6,clean,0,,18,43,drone-pi,aarch64,Raspberry Pi 5 Model B Rev 1.0,true,4
1,qwen2.5-0.5b-instruct-Q4_K_M-warmup,0105,426,,,end_of_speech,725.779,,,,,,39.896,685.883,,,,693.56,73.0,clean,0,,19,39,drone-pi,aarch64,Raspberry Pi 5 Model B Rev 1.0,true,4
1,qwen2.5-0.5b-instruct-Q4_K_M-warmup,0089,427,,,end_of_speech,1072.826,,,,,,38.106,1034.72,,,,693.56,74.1,clean,0,,28,56,drone-pi,aarch64,Raspberry Pi 5 Model B Rev 1.0,true,4
1,qwen2.5-0.5b-instruct-Q4_K_M-warmup,0062,428,,,end_of_speech,457.236,,,,,,39.071,418.165,,,,693.56,71.9,clean,0,,12,36,drone-pi,aarch64,Raspberry Pi 5 Model B Rev 1.0,true,4
1,qwen2.5-0.5b-instruct-Q4_K_M-warmup,0113,429,,,end_of_speech,1072.401,,,,,,38.211,1034.19,,,,693.56,71.9,clean,0,,28,44,drone-pi,aarch64,Raspberry Pi 5 Model B Rev 1.0,true,4
1,qwen2.5-0.5b-instruct-Q4_K_M-warmup,0193,430,,,end_of_speech,1149.187,,,,,,342.695,806.492,,,,693.56,73.0,clean,0,,22,47,drone-pi,aarch64,Raspberry Pi 5 Model B Rev 1.0,true,4
1,qwen2.5-0.5b-instruct-Q4_K_M-warmup,0006,431,,,end_of_speech,353.681,,,,,,160.606,193.075,,,,693.56,71.9,clean,0,,6,32,drone-pi,aarch64,Raspberry Pi 5 Model B Rev 1.0,true,4
1,qwen2.5-0.5b-instruct-Q4_K_M-warmup,0196,432,,,end_of_speech,719.263,,,,,,258.721,460.542,,,,693.56,71.4,clean,0,,13,39,drone-pi,aarch64,Raspberry Pi 5 Model B Rev 1.0,true,4
1,qwen2.5-0.5b-instruct-Q4_K_M-warmup,0186,433,,,end_of_speech,763.568,,,,,,38.041,725.527,,,,693.56,73.0,clean,0,,20,40,drone-pi,aarch64,Raspberry Pi 5 Model B Rev 1.0,true,4
1,qwen2.5-0.5b-instruct-Q4_K_M-warmup,0075,434,,,end_of_speech,995.27,,,,,,38.319,956.951,,,,693.56,73.6,clean,0,,26,53,drone-pi,aarch64,Raspberry Pi 5 Model B Rev 1.0,true,4
1,qwen2.5-0.5b-instruct-Q4_K_M-warmup,0131,435,,,end_of_speech,841.169,,,,,,38.648,802.521,,,,693.56,71.9,clean,0,,22,47,drone-pi,aarch64,Raspberry Pi 5 Model B Rev 1.0,true,4
1,qwen2.5-0.5b-instruct-Q4_K_M-warmup,0121,436,,,end_of_speech,589.446,,,,,,130.437,459.009,,,,693.56,74.7,clean,0,,13,31,drone-pi,aarch64,Raspberry Pi 5 Model B Rev 1.0,true,4
1,qwen2.5-0.5b-instruct-Q4_K_M-warmup,0101,437,,,end_of_speech,925.369,,,,,,272.672,652.697,,,,693.56,72.5,clean,0,,18,40,drone-pi,aarch64,Raspberry Pi 5 Model B Rev 1.0,true,4
1,qwen2.5-0.5b-instruct-Q4_K_M-warmup,0032,438,,,end_of_speech,339.403,,,,,,146.654,192.749,,,,693.56,73.0,clean,0,,6,31,drone-pi,aarch64,Raspberry Pi 5 Model B Rev 1.0,true,4
1,qwen2.5-0.5b-instruct-Q4_K_M-warmup,0018,439,,,end_of_speech,366.687,,,,,,174.712,191.975,,,,693.56,71.9,clean,0,,6,33,drone-pi,aarch64,Raspberry Pi 5 Model B Rev 1.0,true,4
1,qwen2.5-0.5b-instruct-Q4_K_M-warmup,0049,440,,,end_of_speech,1213.982,,,,,,329.045,884.937,,,,693.56,73.6,clean,0,,24,44,drone-pi,aarch64,Raspberry Pi 5 Model B Rev 1.0,true,4
1,qwen2.5-0.5b-instruct-Q4_K_M-warmup,0065,441,,,end_of_speech,1032.946,,,,,,38.324,994.622,,,,693.56,73.0,clean,0,,27,51,drone-pi,aarch64,Raspberry Pi 5 Model B Rev 1.0,true,4
1,qwen2.5-0.5b-instruct-Q4_K_M-warmup,0110,442,,,end_of_speech,918.62,,,,,,38.345,880.275,,,,693.56,73.0,clean,0,,24,44,drone-pi,aarch64,Raspberry Pi 5 Model B Rev 1.0,true,4
1,qwen2.5-0.5b-instruct-Q4_K_M-warmup,0048,443,,,end_of_speech,314.707,,,,,,122.411,192.296,,,,693.56,72.5,clean,0,,6,30,drone-pi,aarch64,Raspberry Pi 5 Model B Rev 1.0,true,4
1,qwen2.5-0.5b-instruct-Q4_K_M-warmup,0097,444,,,end_of_speech,392.627,,,,,,199.978,192.649,,,,693.56,74.1,clean,0,,6,35,drone-pi,aarch64,Raspberry Pi 5 Model B Rev 1.0,true,4
1,qwen2.5-0.5b-instruct-Q4_K_M-warmup,0127,445,,,end_of_speech,738.187,,,,,,241.394,496.793,,,,693.56,71.9,clean,0,,14,38,drone-pi,aarch64,Raspberry Pi 5 Model B Rev 1.0,true,4
1,qwen2.5-0.5b-instruct-Q4_K_M-warmup,0123,446,,,end_of_speech,764.742,,,,,,38.493,726.249,,,,693.56,73.0,clean,0,,20,39,drone-pi,aarch64,Raspberry Pi 5 Model B Rev 1.0,true,4
1,qwen2.5-0.5b-instruct-Q4_K_M-warmup,0144,447,,,end_of_speech,675.273,,,,,,216.346,458.927,,,,693.56,73.0,clean,0,,13,38,drone-pi,aarch64,Raspberry Pi 5 Model B Rev 1.0,true,4
1,qwen2.5-0.5b-instruct-Q4_K_M-warmup,0057,448,,,end_of_speech,367.305,,,,,,174.98,192.325,,,,693.56,71.9,clean,0,,6,33,drone-pi,aarch64,Raspberry Pi 5 Model B Rev 1.0,true,4
1,qwen2.5-0.5b-instruct-Q4_K_M-warmup,0083,449,,,end_of_speech,884.895,,,,,,272.518,612.377,,,,693.56,72.5,clean,0,,17,40,drone-pi,aarch64,Raspberry Pi 5 Model B Rev 1.0,true,4
1,qwen2.5-0.5b-instruct-Q4_K_M-warmup,0168,450,,,end_of_speech,507.44,,,,,,160.883,346.557,,,,693.56,73.6,clean,0,,10,34,drone-pi,aarch64,Raspberry Pi 5 Model B Rev 1.0,true,4
1,qwen2.5-0.5b-instruct-Q4_K_M-warmup,0134,451,,,end_of_speech,1013.542,,,,,,398.382,615.16,,,,693.56,73.6,clean,0,,17,49,drone-pi,aarch64,Raspberry Pi 5 Model B Rev 1.0,true,4
1,qwen2.5-0.5b-instruct-Q4_K_M-warmup,0128,452,,,end_of_speech,763.328,,,,,,38.435,724.893,,,,693.56,73.0,clean,0,,20,44,drone-pi,aarch64,Raspberry Pi 5 Model B Rev 1.0,true,4
1,qwen2.5-0.5b-instruct-Q4_K_M-warmup,0092,453,,,end_of_speech,812.486,,,,,,200.147,612.339,,,,693.56,71.9,clean,0,,17,36,drone-pi,aarch64,Raspberry Pi 5 Model B Rev 1.0,true,4
1,qwen2.5-0.5b-instruct-Q4_K_M-warmup,0120,454,,,end_of_speech,765.324,,,,,,38.502,726.822,,,,693.56,73.0,clean,0,,20,52,drone-pi,aarch64,Raspberry Pi 5 Model B Rev 1.0,true,4
1,qwen2.5-0.5b-instruct-Q4_K_M-warmup,0059,455,,,end_of_speech,726.55,,,,,,38.057,688.493,,,,693.56,71.9,clean,0,,19,43,drone-pi,aarch64,Raspberry Pi 5 Model B Rev 1.0,true,4
1,qwen2.5-0.5b-instruct-Q4_K_M-warmup,0141,456,,,end_of_speech,728.321,,,,,,38.332,689.989,,,,693.56,71.9,clean,0,,19,49,drone-pi,aarch64,Raspberry Pi 5 Model B Rev 1.0,true,4
1,qwen2.5-0.5b-instruct-Q4_K_M-warmup,0108,457,,,end_of_speech,456.591,,,,,,38.381,418.21,,,,693.56,73.0,clean,0,,12,39,drone-pi,aarch64,Raspberry Pi 5 Model B Rev 1.0,true,4
1,qwen2.5-0.5b-instruct-Q4_K_M-warmup,0159,458,,,end_of_speech,646.366,,,,,,39.071,607.295,,,,693.56,71.9,clean,0,,17,39,drone-pi,aarch64,Raspberry Pi 5 Model B Rev 1.0,true,4
1,qwen2.5-0.5b-instruct-Q4_K_M-warmup,0056,459,,,end_of_speech,647.884,,,,,,38.143,609.741,,,,693.56,73.0,clean,0,,17,41,drone-pi,aarch64,Raspberry Pi 5 Model B Rev 1.0,true,4
1,qwen2.5-0.5b-instruct-Q4_K_M-warmup,0009,460,,,end_of_speech,409.054,,,,,,216.15,192.904,,,,693.56,72.5,clean,0,,6,36,drone-pi,aarch64,Raspberry Pi 5 Model B Rev 1.0,true,4
1,qwen2.5-0.5b-instruct-Q4_K_M-warmup,0038,461,,,end_of_speech,1541.13,,,,,,465.722,1075.408,,,,693.56,73.0,clean,0,,29,54,drone-pi,aarch64,Raspberry Pi 5 Model B Rev 1.0,true,4
1,qwen2.5-0.5b-instruct-Q4_K_M-warmup,0167,462,,,end_of_speech,645.915,,,,,,38.12,607.795,,,,693.56,73.6,clean,0,,17,37,drone-pi,aarch64,Raspberry Pi 5 Model B Rev 1.0,true,4
1,qwen2.5-0.5b-instruct-Q4_K_M-warmup,0114,463,,,end_of_speech,1150.283,,,,,,343.055,807.228,,,,693.56,73.0,clean,0,,20,46,drone-pi,aarch64,Raspberry Pi 5 Model B Rev 1.0,true,4
1,qwen2.5-0.5b-instruct-Q4_K_M-warmup,0145,464,,,end_of_speech,366.695,,,,,,175.045,191.65,,,,693.58,72.5,clean,0,,6,33,drone-pi,aarch64,Raspberry Pi 5 Model B Rev 1.0,true,4
1,qwen2.5-0.5b-instruct-Q4_K_M-warmup,0137,465,,,end_of_speech,620.522,,,,,,200.32,420.202,,,,693.58,73.6,clean,0,,12,36,drone-pi,aarch64,Raspberry Pi 5 Model B Rev 1.0,true,4
1,qwen2.5-0.5b-instruct-Q4_K_M-warmup,0020,466,,,end_of_speech,531.071,,,,,,185.413,345.658,,,,693.58,74.1,clean,0,,10,34,drone-pi,aarch64,Raspberry Pi 5 Model B Rev 1.0,true,4
1,qwen2.5-0.5b-instruct-Q4_K_M-warmup,0080,467,,,end_of_speech,352.489,,,,,,160.592,191.897,,,,693.58,71.9,clean,0,,6,32,drone-pi,aarch64,Raspberry Pi 5 Model B Rev 1.0,true,4
1,qwen2.5-0.5b-instruct-Q4_K_M-warmup,0069,468,,,end_of_speech,644.348,,,,,,185.376,458.972,,,,693.58,73.0,clean,0,,13,34,drone-pi,aarch64,Raspberry Pi 5 Model B Rev 1.0,true,4
1,qwen2.5-0.5b-instruct-Q4_K_M-warmup,0047,469,,,end_of_speech,456.088,,,,,,38.145,417.943,,,,693.58,73.6,clean,0,,12,39,drone-pi,aarch64,Raspberry Pi 5 Model B Rev 1.0,true,4
1,qwen2.5-0.5b-instruct-Q4_K_M-warmup,0050,470,,,end_of_speech,456.588,,,,,,37.987,418.601,,,,693.58,72.5,clean,0,,12,38,drone-pi,aarch64,Raspberry Pi 5 Model B Rev 1.0,true,4
1,qwen2.5-0.5b-instruct-Q4_K_M-warmup,0172,471,,,end_of_speech,647.702,,,,,,38.665,609.037,,,,693.58,73.0,clean,0,,17,41,drone-pi,aarch64,Raspberry Pi 5 Model B Rev 1.0,true,4
1,qwen2.5-0.5b-instruct-Q4_K_M-warmup,0076,472,,,end_of_speech,519.499,,,,,,175.401,344.098,,,,693.58,73.0,clean,0,,10,33,drone-pi,aarch64,Raspberry Pi 5 Model B Rev 1.0,true,4
1,qwen2.5-0.5b-instruct-Q4_K_M-warmup,0180,473,,,end_of_speech,1090.595,,,,,,288.401,802.194,,,,693.58,74.1,clean,0,,22,41,drone-pi,aarch64,Raspberry Pi 5 Model B Rev 1.0,true,4
1,qwen2.5-0.5b-instruct-Q4_K_M-warmup,0064,474,,,end_of_speech,605.261,,,,,,146.623,458.638,,,,693.58,71.9,clean,0,,13,33,drone-pi,aarch64,Raspberry Pi 5 Model B Rev 1.0,true,4
1,qwen2.5-0.5b-instruct-Q4_K_M-warmup,0022,475,,,end_of_speech,647.413,,,,,,38.318,609.095,,,,693.58,73.6,clean,0,,17,34,drone-pi,aarch64,Raspberry Pi 5 Model B Rev 1.0,true,4
1,qwen2.5-0.5b-instruct-Q4_K_M-warmup,0149,476,,,end_of_speech,839.19,,,,,,38.184,801.006,,,,693.58,71.9,clean,0,,22,37,drone-pi,aarch64,Raspberry Pi 5 Model B Rev 1.0,true,4
1,qwen2.5-0.5b-instruct-Q4_K_M-warmup,0169,477,,,end_of_speech,839.849,,,,,,38.417,801.432,,,,693.58,72.5,clean,0,,22,42,drone-pi,aarch64,Raspberry Pi 5 Model B Rev 1.0,true,4
1,qwen2.5-0.5b-instruct-Q4_K_M-warmup,0152,478,,,end_of_speech,636.071,,,,,,216.237,419.834,,,,693.58,73.0,clean,0,,12,38,drone-pi,aarch64,Raspberry Pi 5 Model B Rev 1.0,true,4
1,qwen2.5-0.5b-instruct-Q4_K_M-warmup,0010,479,,,end_of_speech,1070.96,,,,,,38.214,1032.746,,,,693.58,73.0,clean,0,,28,53,drone-pi,aarch64,Raspberry Pi 5 Model B Rev 1.0,true,4
1,qwen2.5-0.5b-instruct-Q4_K_M-warmup,0151,480,,,end_of_speech,532.224,,,,,,38.395,493.829,,,,693.58,73.6,clean,0,,14,37,drone-pi,aarch64,Raspberry Pi 5 Model B Rev 1.0,true,4
1,qwen2.5-0.5b-instruct-Q4_K_M-warmup,0162,481,,,end_of_speech,802.418,,,,,,38.252,764.166,,,,693.58,71.9,clean,0,,21,51,drone-pi,aarch64,Raspberry Pi 5 Model B Rev 1.0,true,4
1,qwen2.5-0.5b-instruct-Q4_K_M-warmup,0182,482,,,end_of_speech,391.142,,,,,,199.886,191.256,,,,693.58,73.0,clean,0,,6,35,drone-pi,aarch64,Raspberry Pi 5 Model B Rev 1.0,true,4
1,qwen2.5-0.5b-instruct-Q4_K_M-warmup,0072,483,,,end_of_speech,583.365,,,,,,160.849,422.516,,,,693.58,73.6,clean,0,,12,32,drone-pi,aarch64,Raspberry Pi 5 Model B Rev 1.0,true,4
1,qwen2.5-0.5b-instruct-Q4_K_M-warmup,0033,484,,,end_of_speech,573.837,,,,,,230.11,343.727,,,,693.58,72.5,clean,0,,10,37,drone-pi,aarch64,Raspberry Pi 5 Model B Rev 1.0,true,4
1,qwen2.5-0.5b-instruct-Q4_K_M-warmup,0116,485,,,end_of_speech,686.949,,,,,,38.046,648.903,,,,693.58,73.0,clean,0,,18,43,drone-pi,aarch64,Raspberry Pi 5 Model B Rev 1.0,true,4
1,qwen2.5-0.5b-instruct-Q4_K_M-warmup,0105,486,,,end_of_speech,724.432,,,,,,38.332,686.1,,,,693.58,71.9,clean,0,,19,39,drone-pi,aarch64,Raspberry Pi 5 Model B Rev 1.0,true,4
1,qwen2.5-0.5b-instruct-Q4_K_M-warmup,0089,487,,,end_of_speech,1073.14,,,,,,38.551,1034.589,,,,693.58,73.0,clean,0,,28,56,drone-pi,aarch64,Raspberry Pi 5 Model B Rev 1.0,true,4
1,qwen2.5-0.5b-instruct-Q4_K_M-warmup,0062,488,,,end_of_speech,456.51,,,,,,38.64,417.87,,,,693.58,73.6,clean,0,,12,36,drone-pi,aarch64,Raspberry Pi 5 Model B Rev 1.0,true,4
1,qwen2.5-0.5b-instruct-Q4_K_M-warmup,0113,489,,,end_of_speech,1069.345,,,,,,38.381,1030.964,,,,693.58,73.6,clean,0,,28,44,drone-pi,aarch64,Raspberry Pi 5 Model B Rev 1.0,true,4
1,qwen2.5-0.5b-instruct-Q4_K_M-warmup,0193,490,,,end_of_speech,1147.787,,,,,,343.081,804.706,,,,693.58,73.6,clean,0,,22,47,drone-pi,aarch64,Raspberry Pi 5 Model B Rev 1.0,true,4
1,qwen2.5-0.5b-instruct-Q4_K_M-warmup,0006,491,,,end_of_speech,352.968,,,,,,161.097,191.871,,,,693.73,73.0,clean,0,,6,32,drone-pi,aarch64,Raspberry Pi 5 Model B Rev 1.0,true,4
1,qwen2.5-0.5b-instruct-Q4_K_M-warmup,0196,492,,,end_of_speech,717.906,,,,,,258.798,459.108,,,,693.73,73.0,clean,0,,13,39,drone-pi,aarch64,Raspberry Pi 5 Model B Rev 1.0,true,4
1,qwen2.5-0.5b-instruct-Q4_K_M-warmup,0186,493,,,end_of_speech,762.972,,,,,,38.043,724.929,,,,693.73,73.6,clean,0,,20,40,drone-pi,aarch64,Raspberry Pi 5 Model B Rev 1.0,true,4
1,qwen2.5-0.5b-instruct-Q4_K_M-warmup,0075,494,,,end_of_speech,992.705,,,,,,38.176,954.529,,,,693.73,72.5,clean,0,,26,53,drone-pi,aarch64,Raspberry Pi 5 Model B Rev 1.0,true,4
1,qwen2.5-0.5b-instruct-Q4_K_M-warmup,0131,495,,,end_of_speech,841.583,,,,,,38.469,803.114,,,,693.73,71.9,clean,0,,22,47,drone-pi,aarch64,Raspberry Pi 5 Model B Rev 1.0,true,4
1,qwen2.5-0.5b-instruct-Q4_K_M-warmup,0121,496,,,end_of_speech,588.488,,,,,,130.326,458.162,,,,693.73,73.0,clean,0,,13,31,drone-pi,aarch64,Raspberry Pi 5 Model B Rev 1.0,true,4
1,qwen2.5-0.5b-instruct-Q4_K_M-warmup,0101,497,,,end_of_speech,922.475,,,,,,272.393,650.082,,,,693.73,73.0,clean,0,,18,40,drone-pi,aarch64,Raspberry Pi 5 Model B Rev 1.0,true,4
1,qwen2.5-0.5b-instruct-Q4_K_M-warmup,0032,498,,,end_of_speech,339.438,,,,,,146.799,192.639,,,,693.73,71.9,clean,0,,6,31,drone-pi,aarch64,Raspberry Pi 5 Model B Rev 1.0,true,4
1,qwen2.5-0.5b-instruct-Q4_K_M-warmup,0018,499,,,end_of_speech,366.696,,,,,,174.843,191.853,,,,693.73,73.6,clean,0,,6,33,drone-pi,aarch64,Raspberry Pi 5 Model B Rev 1.0,true,4
1,qwen2.5-0.5b-instruct-Q4_K_M-warmup,0049,500,,,end_of_speech,1209.711,,,,,,328.651,881.06,,,,693.73,73.0,clean,0,,24,44,drone-pi,aarch64,Raspberry Pi 5 Model B Rev 1.0,true,4
1,qwen2.5-0.5b-instruct-Q4_K_M-warmup,0065,501,,,end_of_speech,1030.703,,,,,,37.951,992.752,,,,693.73,73.0,clean,0,,27,51,drone-pi,aarch64,Raspberry Pi 5 Model B Rev 1.0,true,4
1,qwen2.5-0.5b-instruct-Q4_K_M-warmup,0110,502,,,end_of_speech,917.299,,,,,,38.635,878.664,,,,693.73,73.0,clean,0,,24,44,drone-pi,aarch64,Raspberry Pi 5 Model B Rev 1.0,true,4
1,qwen2.5-0.5b-instruct-Q4_K_M-warmup,0048,503,,,end_of_speech,314.122,,,,,,121.887,192.235,,,,693.73,74.1,clean,0,,6,30,drone-pi,aarch64,Raspberry Pi 5 Model B Rev 1.0,true,4
1,qwen2.5-0.5b-instruct-Q4_K_M-warmup,0097,504,,,end_of_speech,391.657,,,,,,200.009,191.648,,,,693.73,73.6,clean,0,,6,35,drone-pi,aarch64,Raspberry Pi 5 Model B Rev 1.0,true,4
1,qwen2.5-0.5b-instruct-Q4_K_M-warmup,0127,505,,,end_of_speech,737.001,,,,,,241.241,495.76,,,,693.73,74.1,clean,0,,14,38,drone-pi,aarch64,Raspberry Pi 5 Model B Rev 1.0,true,4
1,qwen2.5-0.5b-instruct-Q4_K_M-warmup,0123,506,,,end_of_speech,762.263,,,,,,38.163,724.1,,,,693.73,73.0,clean,0,,20,39,drone-pi,aarch64,Raspberry Pi 5 Model B Rev 1.0,true,4
1,qwen2.5-0.5b-instruct-Q4_K_M-warmup,0144,507,,,end_of_speech,675.196,,,,,,216.065,459.131,,,,693.73,73.0,clean,0,,13,38,drone-pi,aarch64,Raspberry Pi 5 Model B Rev 1.0,true,4
1,qwen2.5-0.5b-instruct-Q4_K_M-warmup,0057,508,,,end_of_speech,367.185,,,,,,175.264,191.921,,,,693.73,71.9,clean,0,,6,33,drone-pi,aarch64,Raspberry Pi 5 Model B Rev 1.0,true,4
1,qwen2.5-0.5b-instruct-Q4_K_M-warmup,0083,509,,,end_of_speech,885.109,,,,,,272.936,612.173,,,,693.73,72.5,clean,0,,17,40,drone-pi,aarch64,Raspberry Pi 5 Model B Rev 1.0,true,4
1,qwen2.5-0.5b-instruct-Q4_K_M-warmup,0168,510,,,end_of_speech,505.523,,,,,,160.957,344.566,,,,693.73,72.5,clean,0,,10,34,drone-pi,aarch64,Raspberry Pi 5 Model B Rev 1.0,true,4
1,qwen2.5-0.5b-instruct-Q4_K_M-warmup,0134,511,,,end_of_speech,1011.857,,,,,,398.32,613.537,,,,693.73,73.0,clean,0,,17,49,drone-pi,aarch64,Raspberry Pi 5 Model B Rev 1.0,true,4
1,qwen2.5-0.5b-instruct-Q4_K_M-warmup,0128,512,,,end_of_speech,763.878,,,,,,38.287,725.591,,,,693.73,72.5,clean,0,,20,44,drone-pi,aarch64,Raspberry Pi 5 Model B Rev 1.0,true,4
1,qwen2.5-0.5b-instruct-Q4_K_M-warmup,0092,513,,,end_of_speech,811.452,,,,,,200.133,611.319,,,,693.73,73.6,clean,0,,17,36,drone-pi,aarch64,Raspberry Pi 5 Model B Rev 1.0,true,4
1,qwen2.5-0.5b-instruct-Q4_K_M-warmup,0120,514,,,end_of_speech,763.85,,,,,,38.183,725.667,,,,693.73,73.0,clean,0,,20,52,drone-pi,aarch64,Raspberry Pi 5 Model B Rev 1.0,true,4
1,qwen2.5-0.5b-instruct-Q4_K_M-warmup,0059,515,,,end_of_speech,725.722,,,,,,38.396,687.326,,,,693.73,72.5,clean,0,,19,43,drone-pi,aarch64,Raspberry Pi 5 Model B Rev 1.0,true,4
1,qwen2.5-0.5b-instruct-Q4_K_M-warmup,0141,516,,,end_of_speech,727.226,,,,,,38.213,689.013,,,,693.73,72.5,clean,0,,19,49,drone-pi,aarch64,Raspberry Pi 5 Model B Rev 1.0,true,4
1,qwen2.5-0.5b-instruct-Q4_K_M-warmup,0108,517,,,end_of_speech,456.305,,,,,,38.261,418.044,,,,693.73,73.6,clean,0,,12,39,drone-pi,aarch64,Raspberry Pi 5 Model B Rev 1.0,true,4
1,qwen2.5-0.5b-instruct-Q4_K_M-warmup,0159,518,,,end_of_speech,647.168,,,,,,38.227,608.941,,,,693.73,71.9,clean,0,,17,39,drone-pi,aarch64,Raspberry Pi 5 Model B Rev 1.0,true,4
1,qwen2.5-0.5b-instruct-Q4_K_M-warmup,0056,519,,,end_of_speech,647.71,,,,,,38.348,609.362,,,,693.73,73.0,clean,0,,17,41,drone-pi,aarch64,Raspberry Pi 5 Model B Rev 1.0,true,4
1,qwen2.5-0.5b-instruct-Q4_K_M-warmup,0009,520,,,end_of_speech,407.632,,,,,,216.152,191.48,,,,693.73,72.5,clean,0,,6,36,drone-pi,aarch64,Raspberry Pi 5 Model B Rev 1.0,true,4
1,qwen2.5-0.5b-instruct-Q4_K_M-warmup,0038,521,,,end_of_speech,1538.275,,,,,,465.547,1072.728,,,,693.73,73.0,clean,0,,29,54,drone-pi,aarch64,Raspberry Pi 5 Model B Rev 1.0,true,4
1,qwen2.5-0.5b-instruct-Q4_K_M-warmup,0167,522,,,end_of_speech,647.429,,,,,,38.516,608.913,,,,693.73,74.1,clean,0,,17,37,drone-pi,aarch64,Raspberry Pi 5 Model B Rev 1.0,true,4
1,qwen2.5-0.5b-instruct-Q4_K_M-warmup,0114,523,,,end_of_speech,1071.192,,,,,,342.613,728.579,,,,693.73,73.6,clean,0,,20,46,drone-pi,aarch64,Raspberry Pi 5 Model B Rev 1.0,true,4
1,qwen2.5-0.5b-instruct-Q4_K_M-warmup,0145,524,,,end_of_speech,366.149,,,,,,174.946,191.203,,,,693.73,72.5,clean,0,,6,33,drone-pi,aarch64,Raspberry Pi 5 Model B Rev 1.0,true,4
1,qwen2.5-0.5b-instruct-Q4_K_M-warmup,0137,525,,,end_of_speech,620.404,,,,,,200.044,420.36,,,,693.73,72.5,clean,0,,12,36,drone-pi,aarch64,Raspberry Pi 5 Model B Rev 1.0,true,4
1,qwen2.5-0.5b-instruct-Q4_K_M-warmup,0020,526,,,end_of_speech,530.439,,,,,,185.839,344.6,,,,693.73,73.6,clean,0,,10,34,drone-pi,aarch64,Raspberry Pi 5 Model B Rev 1.0,true,4
1,qwen2.5-0.5b-instruct-Q4_K_M-warmup,0080,527,,,end_of_speech,353.05,,,,,,160.56,192.49,,,,693.73,73.0,clean,0,,6,32,drone-pi,aarch64,Raspberry Pi 5 Model B Rev 1.0,true,4
1,qwen2.5-0.5b-instruct-Q4_K_M-warmup,0069,528,,,end_of_speech,645.588,,,,,,185.877,459.711,,,,693.73,72.5,clean,0,,13,34,drone-pi,aarch64,Raspberry Pi 5 Model B Rev 1.0,true,4
1,qwen2.5-0.5b-instruct-Q4_K_M-warmup,0047,529,,,end_of_speech,454.968,,,,,,38.209,416.759,,,,693.73,72.5,clean,0,,12,39,drone-pi,aarch64,Raspberry Pi 5 Model B Rev 1.0,true,4
1,qwen2.5-0.5b-instruct-Q4_K_M-warmup,0050,530,,,end_of_speech,456.506,,,,,,38.311,418.195,,,,693.73,72.5,clean,0,,12,38,drone-pi,aarch64,Raspberry Pi 5 Model B Rev 1.0,true,4
1,qwen2.5-0.5b-instruct-Q4_K_M-warmup,0172,531,,,end_of_speech,647.506,,,,,,38.318,609.188,,,,693.73,71.9,clean,0,,17,41,drone-pi,aarch64,Raspberry Pi 5 Model B Rev 1.0,true,4
1,qwen2.5-0.5b-instruct-Q4_K_M-warmup,0076,532,,,end_of_speech,518.494,,,,,,174.907,343.587,,,,693.73,73.6,clean,0,,10,33,drone-pi,aarch64,Raspberry Pi 5 Model B Rev 1.0,true,4
1,qwen2.5-0.5b-instruct-Q4_K_M-warmup,0180,533,,,end_of_speech,1091.287,,,,,,288.234,803.053,,,,693.73,74.1,clean,0,,22,41,drone-pi,aarch64,Raspberry Pi 5 Model B Rev 1.0,true,4
1,qwen2.5-0.5b-instruct-Q4_K_M-warmup,0064,534,,,end_of_speech,605.0,,,,,,146.576,458.424,,,,693.73,73.6,clean,0,,13,33,drone-pi,aarch64,Raspberry Pi 5 Model B Rev 1.0,true,4
1,qwen2.5-0.5b-instruct-Q4_K_M-warmup,0022,535,,,end_of_speech,647.445,,,,,,38.377,609.068,,,,693.73,73.6,clean,0,,17,34,drone-pi,aarch64,Raspberry Pi 5 Model B Rev 1.0,true,4
1,qwen2.5-0.5b-instruct-Q4_K_M-warmup,0149,536,,,end_of_speech,838.17,,,,,,38.439,799.731,,,,693.73,71.9,clean,0,,22,37,drone-pi,aarch64,Raspberry Pi 5 Model B Rev 1.0,true,4
1,qwen2.5-0.5b-instruct-Q4_K_M-warmup,0169,537,,,end_of_speech,840.101,,,,,,38.24,801.861,,,,693.73,71.9,clean,0,,22,42,drone-pi,aarch64,Raspberry Pi 5 Model B Rev 1.0,true,4
1,qwen2.5-0.5b-instruct-Q4_K_M-warmup,0152,538,,,end_of_speech,635.188,,,,,,215.881,419.307,,,,693.73,72.5,clean,0,,12,38,drone-pi,aarch64,Raspberry Pi 5 Model B Rev 1.0,true,4
1,qwen2.5-0.5b-instruct-Q4_K_M-warmup,0010,539,,,end_of_speech,1070.179,,,,,,38.497,1031.682,,,,693.73,72.5,clean,0,,28,53,drone-pi,aarch64,Raspberry Pi 5 Model B Rev 1.0,true,4
1,qwen2.5-0.5b-instruct-Q4_K_M-warmup,0151,540,,,end_of_speech,533.423,,,,,,38.316,495.107,,,,693.73,73.0,clean,0,,14,37,drone-pi,aarch64,Raspberry Pi 5 Model B Rev 1.0,true,4
1,qwen2.5-0.5b-instruct-Q4_K_M-warmup,0162,541,,,end_of_speech,803.222,,,,,,38.369,764.853,,,,693.73,73.6,clean,0,,21,51,drone-pi,aarch64,Raspberry Pi 5 Model B Rev 1.0,true,4
1,qwen2.5-0.5b-instruct-Q4_K_M-warmup,0182,542,,,end_of_speech,391.499,,,,,,199.729,191.77,,,,693.73,73.6,clean,0,,6,35,drone-pi,aarch64,Raspberry Pi 5 Model B Rev 1.0,true,4
1,qwen2.5-0.5b-instruct-Q4_K_M-warmup,0072,543,,,end_of_speech,582.465,,,,,,160.39,422.075,,,,693.73,72.5,clean,0,,12,32,drone-pi,aarch64,Raspberry Pi 5 Model B Rev 1.0,true,4
1,qwen2.5-0.5b-instruct-Q4_K_M-warmup,0033,544,,,end_of_speech,573.462,,,,,,230.184,343.278,,,,693.73,73.6,clean,0,,10,37,drone-pi,aarch64,Raspberry Pi 5 Model B Rev 1.0,true,4
1,qwen2.5-0.5b-instruct-Q4_K_M-warmup,0116,545,,,end_of_speech,686.636,,,,,,38.408,648.228,,,,693.73,72.5,clean,0,,18,43,drone-pi,aarch64,Raspberry Pi 5 Model B Rev 1.0,true,4
1,qwen2.5-0.5b-instruct-Q4_K_M-warmup,0105,546,,,end_of_speech,723.261,,,,,,38.599,684.662,,,,693.73,71.9,clean,0,,19,39,drone-pi,aarch64,Raspberry Pi 5 Model B Rev 1.0,true,4
1,qwen2.5-0.5b-instruct-Q4_K_M-warmup,0089,547,,,end_of_speech,1072.455,,,,,,38.427,1034.028,,,,693.73,73.0,clean,0,,28,56,drone-pi,aarch64,Raspberry Pi 5 Model B Rev 1.0,true,4
1,qwen2.5-0.5b-instruct-Q4_K_M-warmup,0062,548,,,end_of_speech,456.797,,,,,,38.619,418.178,,,,693.73,73.6,clean,0,,12,36,drone-pi,aarch64,Raspberry Pi 5 Model B Rev 1.0,true,4
1,qwen2.5-0.5b-instruct-Q4_K_M-warmup,0113,549,,,end_of_speech,1129.573,,,,,,38.48,1091.093,,,,693.73,71.9,clean,0,,28,44,drone-pi,aarch64,Raspberry Pi 5 Model B Rev 1.0,true,4
1,qwen2.5-0.5b-instruct-Q4_K_M-warmup,0193,550,,,end_of_speech,1169.207,,,,,,345.194,824.013,,,,693.73,73.0,clean,0,,22,47,drone-pi,aarch64,Raspberry Pi 5 Model B Rev 1.0,true,4
1,qwen2.5-0.5b-instruct-Q4_K_M-warmup,0006,551,,,end_of_speech,352.279,,,,,,160.519,191.76,,,,693.73,73.6,clean,0,,6,32,drone-pi,aarch64,Raspberry Pi 5 Model B Rev 1.0,true,4
1,qwen2.5-0.5b-instruct-Q4_K_M-warmup,0196,552,,,end_of_speech,717.132,,,,,,258.498,458.634,,,,693.73,72.5,clean,0,,13,39,drone-pi,aarch64,Raspberry Pi 5 Model B Rev 1.0,true,4
1,qwen2.5-0.5b-instruct-Q4_K_M-warmup,0186,553,,,end_of_speech,763.45,,,,,,38.277,725.173,,,,693.73,73.6,clean,0,,20,40,drone-pi,aarch64,Raspberry Pi 5 Model B Rev 1.0,true,4
1,qwen2.5-0.5b-instruct-Q4_K_M-warmup,0075,554,,,end_of_speech,994.687,,,,,,38.225,956.462,,,,693.73,72.5,clean,0,,26,53,drone-pi,aarch64,Raspberry Pi 5 Model B Rev 1.0,true,4
1,qwen2.5-0.5b-instruct-Q4_K_M-warmup,0131,555,,,end_of_speech,838.346,,,,,,38.435,799.911,,,,693.73,71.4,clean,0,,22,47,drone-pi,aarch64,Raspberry Pi 5 Model B Rev 1.0,true,4
1,qwen2.5-0.5b-instruct-Q4_K_M-warmup,0121,556,,,end_of_speech,589.359,,,,,,130.284,459.075,,,,693.73,72.5,clean,0,,13,31,drone-pi,aarch64,Raspberry Pi 5 Model B Rev 1.0,true,4
1,qwen2.5-0.5b-instruct-Q4_K_M-warmup,0101,557,,,end_of_speech,922.319,,,,,,272.408,649.911,,,,693.73,72.5,clean,0,,18,40,drone-pi,aarch64,Raspberry Pi 5 Model B Rev 1.0,true,4
1,qwen2.5-0.5b-instruct-Q4_K_M-warmup,0032,558,,,end_of_speech,339.404,,,,,,146.636,192.768,,,,693.73,73.6,clean,0,,6,31,drone-pi,aarch64,Raspberry Pi 5 Model B Rev 1.0,true,4
1,qwen2.5-0.5b-instruct-Q4_K_M-warmup,0018,559,,,end_of_speech,366.923,,,,,,174.749,192.174,,,,693.73,74.1,clean,0,,6,33,drone-pi,aarch64,Raspberry Pi 5 Model B Rev 1.0,true,4
1,qwen2.5-0.5b-instruct-Q4_K_M-warmup,0049,560,,,end_of_speech,1211.09,,,,,,328.127,882.963,,,,693.73,73.0,clean,0,,24,44,drone-pi,aarch64,Raspberry Pi 5 Model B Rev 1.0,true,4
1,qwen2.5-0.5b-instruct-Q4_K_M-warmup,0065,561,,,end_of_speech,1030.836,,,,,,38.268,992.568,,,,693.73,73.6,clean,0,,27,51,drone-pi,aarch64,Raspberry Pi 5 Model B Rev 1.0,true,4
1,qwen2.5-0.5b-instruct-Q4_K_M-warmup,0110,562,,,end_of_speech,916.273,,,,,,38.06,878.213,,,,693.73,72.5,clean,0,,24,44,drone-pi,aarch64,Raspberry Pi 5 Model B Rev 1.0,true,4
1,qwen2.5-0.5b-instruct-Q4_K_M-warmup,0048,563,,,end_of_speech,314.463,,,,,,122.003,192.46,,,,693.73,72.5,clean,0,,6,30,drone-pi,aarch64,Raspberry Pi 5 Model B Rev 1.0,true,4
1,qwen2.5-0.5b-instruct-Q4_K_M-warmup,0097,564,,,end_of_speech,391.113,,,,,,200.095,191.018,,,,693.73,71.9,clean,0,,6,35,drone-pi,aarch64,Raspberry Pi 5 Model B Rev 1.0,true,4
1,qwen2.5-0.5b-instruct-Q4_K_M-warmup,0127,565,,,end_of_speech,737.179,,,,,,241.43,495.749,,,,693.73,73.0,clean,0,,14,38,drone-pi,aarch64,Raspberry Pi 5 Model B Rev 1.0,true,4
1,qwen2.5-0.5b-instruct-Q4_K_M-warmup,0123,566,,,end_of_speech,764.992,,,,,,39.765,725.227,,,,693.73,72.5,clean,0,,20,39,drone-pi,aarch64,Raspberry Pi 5 Model B Rev 1.0,true,4
1,qwen2.5-0.5b-instruct-Q4_K_M-warmup,0144,567,,,end_of_speech,675.24,,,,,,216.314,458.926,,,,693.73,73.6,clean,0,,13,38,drone-pi,aarch64,Raspberry Pi 5 Model B Rev 1.0,true,4
1,qwen2.5-0.5b-instruct-Q4_K_M-warmup,0057,568,,,end_of_speech,366.007,,,,,,174.862,191.145,,,,693.73,73.0,clean,0,,6,33,drone-pi,aarch64,Raspberry Pi 5 Model B Rev 1.0,true,4
1,qwen2.5-0.5b-instruct-Q4_K_M-warmup,0083,569,,,end_of_speech,885.79,,,,,,273.03,612.76,,,,693.73,71.9,clean,0,,17,40,drone-pi,aarch64,Raspberry Pi 5 Model B Rev 1.0,true,4
1,qwen2.5-0.5b-instruct-Q4_K_M-warmup,0168,570,,,end_of_speech,506.153,,,,,,161.063,345.09,,,,693.73,72.5,clean,0,,10,34,drone-pi,aarch64,Raspberry Pi 5 Model B Rev 1.0,true,4
1,qwen2.5-0.5b-instruct-Q4_K_M-warmup,0134,571,,,end_of_speech,1010.875,,,,,,398.55,612.325,,,,693.73,73.6,clean,0,,17,49,drone-pi,aarch64,Raspberry Pi 5 Model B Rev 1.0,true,4
1,qwen2.5-0.5b-instruct-Q4_K_M-warmup,0128,572,,,end_of_speech,762.941,,,,,,38.068,724.873,,,,693.73,74.1,clean,0,,20,44,drone-pi,aarch64,Raspberry Pi 5 Model B Rev 1.0,true,4
1,qwen2.5-0.5b-instruct-Q4_K_M-warmup,0092,573,,,end_of_speech,811.232,,,,,,199.96,611.272,,,,693.73,74.1,clean,0,,17,36,drone-pi,aarch64,Raspberry Pi 5 Model B Rev 1.0,true,4
1,qwen2.5-0.5b-instruct-Q4_K_M-warmup,0120,574,,,end_of_speech,764.461,,,,,,38.177,726.284,,,,693.73,73.6,clean,0,,20,52,drone-pi,aarch64,Raspberry Pi 5 Model B Rev 1.0,true,4
1,qwen2.5-0.5b-instruct-Q4_K_M-warmup,0059,575,,,end_of_speech,724.459,,,,,,38.297,686.162,,,,693.73,73.0,clean,0,,19,43,drone-pi,aarch64,Raspberry Pi 5 Model B Rev 1.0,true,4
1,qwen2.5-0.5b-instruct-Q4_K_M-warmup,0141,576,,,end_of_speech,726.453,,,,,,38.255,688.198,,,,693.73,73.6,clean,0,,19,49,drone-pi,aarch64,Raspberry Pi 5 Model B Rev 1.0,true,4
1,qwen2.5-0.5b-instruct-Q4_K_M-warmup,0108,577,,,end_of_speech,455.353,,,,,,38.438,416.915,,,,693.73,71.4,clean,0,,12,39,drone-pi,aarch64,Raspberry Pi 5 Model B Rev 1.0,true,4
1,qwen2.5-0.5b-instruct-Q4_K_M-warmup,0159,578,,,end_of_speech,647.023,,,,,,38.076,608.947,,,,693.73,73.6,clean,0,,17,39,drone-pi,aarch64,Raspberry Pi 5 Model B Rev 1.0,true,4
1,qwen2.5-0.5b-instruct-Q4_K_M-warmup,0056,579,,,end_of_speech,646.171,,,,,,38.245,607.926,,,,693.73,71.9,clean,0,,17,41,drone-pi,aarch64,Raspberry Pi 5 Model B Rev 1.0,true,4
1,qwen2.5-0.5b-instruct-Q4_K_M-warmup,0009,580,,,end_of_speech,407.77,,,,,,216.184,191.586,,,,693.73,72.5,clean,0,,6,36,drone-pi,aarch64,Raspberry Pi 5 Model B Rev 1.0,true,4
1,qwen2.5-0.5b-instruct-Q4_K_M-warmup,0038,581,,,end_of_speech,1545.976,,,,,,472.572,1073.404,,,,693.73,71.9,clean,0,,29,54,drone-pi,aarch64,Raspberry Pi 5 Model B Rev 1.0,true,4
1,qwen2.5-0.5b-instruct-Q4_K_M-warmup,0167,582,,,end_of_speech,649.065,,,,,,39.286,609.779,,,,693.73,73.6,clean,0,,17,37,drone-pi,aarch64,Raspberry Pi 5 Model B Rev 1.0,true,4
1,qwen2.5-0.5b-instruct-Q4_K_M-warmup,0114,583,,,end_of_speech,1070.18,,,,,,342.319,727.861,,,,693.73,73.0,clean,0,,20,46,drone-pi,aarch64,Raspberry Pi 5 Model B Rev 1.0,true,4
1,qwen2.5-0.5b-instruct-Q4_K_M-warmup,0145,584,,,end_of_speech,366.256,,,,,,174.852,191.404,,,,693.73,71.9,clean,0,,6,33,drone-pi,aarch64,Raspberry Pi 5 Model B Rev 1.0,true,4
1,qwen2.5-0.5b-instruct-Q4_K_M-warmup,0137,585,,,end_of_speech,618.894,,,,,,199.594,419.3,,,,693.73,72.5,clean,0,,12,36,drone-pi,aarch64,Raspberry Pi 5 Model B Rev 1.0,true,4
1,qwen2.5-0.5b-instruct-Q4_K_M-warmup,0020,586,,,end_of_speech,530.427,,,,,,185.461,344.966,,,,693.73,73.0,clean,0,,10,34,drone-pi,aarch64,Raspberry Pi 5 Model B Rev 1.0,true,4
1,qwen2.5-0.5b-instruct-Q4_K_M-warmup,0080,587,,,end_of_speech,353.203,,,,,,160.492,192.711,,,,693.73,73.0,clean,0,,6,32,drone-pi,aarch64,Raspberry Pi 5 Model B Rev 1.0,true,4
1,qwen2.5-0.5b-instruct-Q4_K_M-warmup,0069,588,,,end_of_speech,643.534,,,,,,185.544,457.99,,,,693.73,73.6,clean,0,,13,34,drone-pi,aarch64,Raspberry Pi 5 Model B Rev 1.0,true,4
1,qwen2.5-0.5b-instruct-Q4_K_M-warmup,0047,589,,,end_of_speech,455.052,,,,,,38.004,417.048,,,,693.73,73.0,clean,0,,12,39,drone-pi,aarch64,Raspberry Pi 5 Model B Rev 1.0,true,4
1,qwen2.5-0.5b-instruct-Q4_K_M-warmup,0050,590,,,end_of_speech,455.14,,,,,,38.294,416.846,,,,693.73,74.1,clean,0,,12,38,drone-pi,aarch64,Raspberry Pi 5 Model B Rev 1.0,true,4
1,qwen2.5-0.5b-instruct-Q4_K_M-warmup,0172,591,,,end_of_speech,647.612,,,,,,38.639,608.973,,,,693.73,73.0,clean,0,,17,41,drone-pi,aarch64,Raspberry Pi 5 Model B Rev 1.0,true,4
1,qwen2.5-0.5b-instruct-Q4_K_M-warmup,0076,592,,,end_of_speech,518.748,,,,,,174.804,343.944,,,,693.73,73.0,clean,0,,10,33,drone-pi,aarch64,Raspberry Pi 5 Model B Rev 1.0,true,4
1,qwen2.5-0.5b-instruct-Q4_K_M-warmup,0180,593,,,end_of_speech,1089.874,,,,,,288.103,801.771,,,,693.73,70.3,clean,0,,22,41,drone-pi,aarch64,Raspberry Pi 5 Model B Rev 1.0,true,4
1,qwen2.5-0.5b-instruct-Q4_K_M-warmup,0064,594,,,end_of_speech,604.699,,,,,,146.618,458.081,,,,693.73,71.4,clean,0,,13,33,drone-pi,aarch64,Raspberry Pi 5 Model B Rev 1.0,true,4
1,qwen2.5-0.5b-instruct-Q4_K_M-warmup,0022,595,,,end_of_speech,646.634,,,,,,38.509,608.125,,,,693.73,71.4,clean,0,,17,34,drone-pi,aarch64,Raspberry Pi 5 Model B Rev 1.0,true,4
1,qwen2.5-0.5b-instruct-Q4_K_M-warmup,0149,596,,,end_of_speech,837.681,,,,,,38.433,799.248,,,,693.73,73.0,clean,0,,22,37,drone-pi,aarch64,Raspberry Pi 5 Model B Rev 1.0,true,4
1,qwen2.5-0.5b-instruct-Q4_K_M-warmup,0169,597,,,end_of_speech,838.745,,,,,,38.413,800.332,,,,693.73,72.5,clean,0,,22,42,drone-pi,aarch64,Raspberry Pi 5 Model B Rev 1.0,true,4
1,qwen2.5-0.5b-instruct-Q4_K_M-warmup,0152,598,,,end_of_speech,636.732,,,,,,216.08,420.652,,,,693.73,73.0,clean,0,,12,38,drone-pi,aarch64,Raspberry Pi 5 Model B Rev 1.0,true,4
1,qwen2.5-0.5b-instruct-Q4_K_M-warmup,0010,599,,,end_of_speech,1067.575,,,,,,38.573,1029.002,,,,693.73,72.5,clean,0,,28,53,drone-pi,aarch64,Raspberry Pi 5 Model B Rev 1.0,true,4
1,qwen2.5-0.5b-instruct-Q4_K_M-warmup,0151,600,,,end_of_speech,531.326,,,,,,38.486,492.84,,,,693.73,72.5,clean,0,,14,37,drone-pi,aarch64,Raspberry Pi 5 Model B Rev 1.0,true,4
1,qwen2.5-0.5b-instruct-Q4_K_M-warmup,0162,601,,,end_of_speech,802.172,,,,,,38.543,763.629,,,,693.73,72.5,clean,0,,21,51,drone-pi,aarch64,Raspberry Pi 5 Model B Rev 1.0,true,4
1,qwen2.5-0.5b-instruct-Q4_K_M-warmup,0182,602,,,end_of_speech,391.238,,,,,,200.094,191.144,,,,693.73,72.5,clean,0,,6,35,drone-pi,aarch64,Raspberry Pi 5 Model B Rev 1.0,true,4
1,qwen2.5-0.5b-instruct-Q4_K_M-warmup,0072,603,,,end_of_speech,583.041,,,,,,160.374,422.667,,,,693.73,72.5,clean,0,,12,32,drone-pi,aarch64,Raspberry Pi 5 Model B Rev 1.0,true,4
1,qwen2.5-0.5b-instruct-Q4_K_M-warmup,0033,604,,,end_of_speech,573.695,,,,,,229.835,343.86,,,,693.73,71.4,clean,0,,10,37,drone-pi,aarch64,Raspberry Pi 5 Model B Rev 1.0,true,4
1,qwen2.5-0.5b-instruct-Q4_K_M-warmup,0116,605,,,end_of_speech,685.973,,,,,,38.193,647.78,,,,693.73,73.0,clean,0,,18,43,drone-pi,aarch64,Raspberry Pi 5 Model B Rev 1.0,true,4
1,qwen2.5-0.5b-instruct-Q4_K_M-warmup,0105,606,,,end_of_speech,722.014,,,,,,38.365,683.649,,,,693.73,71.4,clean,0,,19,39,drone-pi,aarch64,Raspberry Pi 5 Model B Rev 1.0,true,4
1,qwen2.5-0.5b-instruct-Q4_K_M-warmup,0089,607,,,end_of_speech,1071.196,,,,,,38.318,1032.878,,,,693.73,70.8,clean,0,,28,56,drone-pi,aarch64,Raspberry Pi 5 Model B Rev 1.0,true,4
1,qwen2.5-0.5b-instruct-Q4_K_M-warmup,0062,608,,,end_of_speech,455.954,,,,,,38.719,417.235,,,,693.73,71.4,clean,0,,12,36,drone-pi,aarch64,Raspberry Pi 5 Model B Rev 1.0,true,4
1,qwen2.5-0.5b-instruct-Q4_K_M-warmup,0113,609,,,end_of_speech,1070.022,,,,,,38.145,1031.877,,,,693.73,71.4,clean,0,,28,44,drone-pi,aarch64,Raspberry Pi 5 Model B Rev 1.0,true,4
1,qwen2.5-0.5b-instruct-Q4_K_M-warmup,0193,610,,,end_of_speech,1146.495,,,,,,342.565,803.93,,,,693.73,73.6,clean,0,,22,47,drone-pi,aarch64,Raspberry Pi 5 Model B Rev 1.0,true,4
1,qwen2.5-0.5b-instruct-Q4_K_M-warmup,0006,611,,,end_of_speech,353.851,,,,,,160.744,193.107,,,,693.73,72.5,clean,0,,6,32,drone-pi,aarch64,Raspberry Pi 5 Model B Rev 1.0,true,4
1,qwen2.5-0.5b-instruct-Q4_K_M-warmup,0196,612,,,end_of_speech,717.057,,,,,,258.456,458.601,,,,693.73,71.4,clean,0,,13,39,drone-pi,aarch64,Raspberry Pi 5 Model B Rev 1.0,true,4
1,qwen2.5-0.5b-instruct-Q4_K_M-warmup,0186,613,,,end_of_speech,762.097,,,,,,38.235,723.862,,,,693.73,73.0,clean,0,,20,40,drone-pi,aarch64,Raspberry Pi 5 Model B Rev 1.0,true,4
1,qwen2.5-0.5b-instruct-Q4_K_M-warmup,0075,614,,,end_of_speech,993.54,,,,,,38.295,955.245,,,,693.73,71.4,clean,0,,26,53,drone-pi,aarch64,Raspberry Pi 5 Model B Rev 1.0,true,4
1,qwen2.5-0.5b-instruct-Q4_K_M-warmup,0131,615,,,end_of_speech,840.773,,,,,,38.465,802.308,,,,693.73,71.4,clean,0,,22,47,drone-pi,aarch64,Raspberry Pi 5 Model B Rev 1.0,true,4
1,qwen2.5-0.5b-instruct-Q4_K_M-warmup,0121,616,,,end_of_speech,588.903,,,,,,130.474,458.429,,,,693.73,71.9,clean,0,,13,31,drone-pi,aarch64,Raspberry Pi 5 Model B Rev 1.0,true,4
1,qwen2.5-0.5b-instruct-Q4_K_M-warmup,0101,617,,,end_of_speech,922.658,,,,,,272.515,650.143,,,,693.75,72.5,clean,0,,18,40,drone-pi,aarch64,Raspberry Pi 5 Model B Rev 1.0,true,4
1,qwen2.5-0.5b-instruct-Q4_K_M-warmup,0032,618,,,end_of_speech,339.469,,,,,,146.651,192.818,,,,693.75,70.8,clean,0,,6,31,drone-pi,aarch64,Raspberry Pi 5 Model B Rev 1.0,true,4
1,qwen2.5-0.5b-instruct-Q4_K_M-warmup,0018,619,,,end_of_speech,366.819,,,,,,174.994,191.825,,,,693.75,72.5,clean,0,,6,33,drone-pi,aarch64,Raspberry Pi 5 Model B Rev 1.0,true,4
1,qwen2.5-0.5b-instruct-Q4_K_M-warmup,0049,620,,,end_of_speech,1210.834,,,,,,328.657,882.177,,,,693.75,72.5,clean,0,,24,44,drone-pi,aarch64,Raspberry Pi 5 Model B Rev 1.0,true,4
1,qwen2.5-0.5b-instruct-Q4_K_M-warmup,0065,621,,,end_of_speech,1031.383,,,,,,38.003,993.38,,,,693.75,70.8,clean,0,,27,51,drone-pi,aarch64,Raspberry Pi 5 Model B Rev 1.0,true,4
1,qwen2.5-0.5b-instruct-Q4_K_M-warmup,0110,622,,,end_of_speech,914.408,,,,,,38.147,876.261,,,,693.75,72.5,clean,0,,24,44,drone-pi,aarch64,Raspberry Pi 5 Model B Rev 1.0,true,4
1,qwen2.5-0.5b-instruct-Q4_K_M-warmup,0048,623,,,end_of_speech,314.653,,,,,,121.914,192.739,,,,693.75,71.9,clean,0,,6,30,drone-pi,aarch64,Raspberry Pi 5 Model B Rev 1.0,true,4
1,qwen2.5-0.5b-instruct-Q4_K_M-warmup,0097,624,,,end_of_speech,391.306,,,,,,199.772,191.534,,,,693.75,71.9,clean,0,,6,35,drone-pi,aarch64,Raspberry Pi 5 Model B Rev 1.0,true,4
1,qwen2.5-0.5b-instruct-Q4_K_M-warmup,0127,625,,,end_of_speech,737.087,,,,,,241.394,495.693,,,,693.75,71.4,clean,0,,14,38,drone-pi,aarch64,Raspberry Pi 5 Model B Rev 1.0,true,4
1,qwen2.5-0.5b-instruct-Q4_K_M-warmup,0123,626,,,end_of_speech,760.541,,,,,,37.925,722.616,,,,693.75,71.9,clean,0,,20,39,drone-pi,aarch64,Raspberry Pi 5 Model B Rev 1.0,true,4
1,qwen2.5-0.5b-instruct-Q4_K_M-warmup,0144,627,,,end_of_speech,674.096,,,,,,216.056,458.04,,,,693.75,70.3,clean,0,,13,38,drone-pi,aarch64,Raspberry Pi 5 Model B Rev 1.0,true,4
1,qwen2.5-0.5b-instruct-Q4_K_M-warmup,0057,628,,,end_of_speech,366.677,,,,,,174.67,192.007,,,,693.75,72.5,clean,0,,6,33,drone-pi,aarch64,Raspberry Pi 5 Model B Rev 1.0,true,4
1,qwen2.5-0.5b-instruct-Q4_K_M-warmup,0083,629,,,end_of_speech,884.518,,,,,,272.648,611.87,,,,693.75,72.5,clean,0,,17,40,drone-pi,aarch64,Raspberry Pi 5 Model B Rev 1.0,true,4
1,qwen2.5-0.5b-instruct-Q4_K_M-warmup,0168,630,,,end_of_speech,506.176,,,,,,161.23,344.946,,,,693.75,70.8,clean,0,,10,34,drone-pi,aarch64,Raspberry Pi 5 Model B Rev 1.0,true,4
1,qwen2.5-0.5b-instruct-Q4_K_M-warmup,0134,631,,,end_of_speech,1011.47,,,,,,398.233,613.237,,,,693.75,72.5,clean,0,,17,49,drone-pi,aarch64,Raspberry Pi 5 Model B Rev 1.0,true,4
1,qwen2.5-0.5b-instruct-Q4_K_M-warmup,0128,632,,,end_of_speech,762.444,,,,,,38.064,724.38,,,,693.75,70.8,clean,0,,20,44,drone-pi,aarch64,Raspberry Pi 5 Model B Rev 1.0,true,4
1,qwen2.5-0.5b-instruct-Q4_K_M-warmup,0092,633,,,end_of_speech,847.47,,,,,,200.508,646.962,,,,693.75,71.9,clean,0,,17,36,drone-pi,aarch64,Raspberry Pi 5 Model B Rev 1.0,true,4
1,qwen2.5-0.5b-instruct-Q4_K_M-warmup,0120,634,,,end_of_speech,800.292,,,,,,40.306,759.986,,,,693.75,71.9,clean,0,,20,52,drone-pi,aarch64,Raspberry Pi 5 Model B Rev 1.0,true,4
1,qwen2.5-0.5b-instruct-Q4_K_M-warmup,0059,635,,,end_of_speech,724.577,,,,,,38.14,686.437,,,,693.75,70.8,clean,0,,19,43,drone-pi,aarch64,Raspberry Pi 5 Model B Rev 1.0,true,4
1,qwen2.5-0.5b-instruct-Q4_K_M-warmup,0141,636,,,end_of_speech,726.746,,,,,,38.155,688.591,,,,693.75,71.9,clean,0,,19,49,drone-pi,aarch64,Raspberry Pi 5 Model B Rev 1.0,true,4
1,qwen2.5-0.5b-instruct-Q4_K_M-warmup,0108,637,,,end_of_speech,456.159,,,,,,38.241,417.918,,,,693.75,71.4,clean,0,,12,39,drone-pi,aarch64,Raspberry Pi 5 Model B Rev 1.0,true,4
1,qwen2.5-0.5b-instruct-Q4_K_M-warmup,0159,638,,,end_of_speech,646.965,,,,,,38.0,608.965,,,,693.75,70.8,clean,0,,17,39,drone-pi,aarch64,Raspberry Pi 5 Model B Rev 1.0,true,4
1,qwen2.5-0.5b-instruct-Q4_K_M-warmup,0056,639,,,end_of_speech,648.733,,,,,,38.235,610.498,,,,693.75,71.4,clean,0,,17,41,drone-pi,aarch64,Raspberry Pi 5 Model B Rev 1.0,true,4
1,qwen2.5-0.5b-instruct-Q4_K_M-warmup,0009,640,,,end_of_speech,407.581,,,,,,216.158,191.423,,,,693.75,71.4,clean,0,,6,36,drone-pi,aarch64,Raspberry Pi 5 Model B Rev 1.0,true,4
1,qwen2.5-0.5b-instruct-Q4_K_M-warmup,0038,641,,,end_of_speech,1538.014,,,,,,465.379,1072.635,,,,693.75,70.8,clean,0,,29,54,drone-pi,aarch64,Raspberry Pi 5 Model B Rev 1.0,true,4
1,qwen2.5-0.5b-instruct-Q4_K_M-warmup,0167,642,,,end_of_speech,647.355,,,,,,38.53,608.825,,,,693.75,70.8,clean,0,,17,37,drone-pi,aarch64,Raspberry Pi 5 Model B Rev 1.0,true,4
1,qwen2.5-0.5b-instruct-Q4_K_M-warmup,0114,643,,,end_of_speech,1070.514,,,,,,342.96,727.554,,,,693.75,71.9,clean,0,,20,46,drone-pi,aarch64,Raspberry Pi 5 Model B Rev 1.0,true,4
1,qwen2.5-0.5b-instruct-Q4_K_M-warmup,0145,644,,,end_of_speech,366.828,,,,,,175.171,191.657,,,,693.75,71.9,clean,0,,6,33,drone-pi,aarch64,Raspberry Pi 5 Model B Rev 1.0,true,4
1,qwen2.5-0.5b-instruct-Q4_K_M-warmup,0137,645,,,end_of_speech,619.903,,,,,,200.196,419.707,,,,693.75,72.5,clean,0,,12,36,drone-pi,aarch64,Raspberry Pi 5 Model B Rev 1.0,true,4
1,qwen2.5-0.5b-instruct-Q4_K_M-warmup,0020,646,,,end_of_speech,530.009,,,,,,185.9,344.109,,,,693.77,70.8,clean,0,,10,34,drone-pi,aarch64,Raspberry Pi 5 Model B Rev 1.0,true,4
1,qwen2.5-0.5b-instruct-Q4_K_M-warmup,0080,647,,,end_of_speech,353.841,,,,,,161.111,192.73,,,,693.77,71.4,clean,0,,6,32,drone-pi,aarch64,Raspberry Pi 5 Model B Rev 1.0,true,4
1,qwen2.5-0.5b-instruct-Q4_K_M-warmup,0069,648,,,end_of_speech,644.442,,,,,,185.642,458.8,,,,693.77,70.8,clean,0,,13,34,drone-pi,aarch64,Raspberry Pi 5 Model B Rev 1.0,true,4
1,qwen2.5-0.5b-instruct-Q4_K_M-warmup,0047,649,,,end_of_speech,454.264,,,,,,37.782,416.482,,,,693.77,70.8,clean,0,,12,39,drone-pi,aarch64,Raspberry Pi 5 Model B Rev 1.0,true,4
1,qwen2.5-0.5b-instruct-Q4_K_M-warmup,0050,650,,,end_of_speech,456.003,,,,,,38.228,417.775,,,,693.77,70.8,clean,0,,12,38,drone-pi,aarch64,Raspberry Pi 5 Model B Rev 1.0,true,4
1,qwen2.5-0.5b-instruct-Q4_K_M-warmup,0172,651,,,end_of_speech,648.542,,,,,,38.435,610.107,,,,693.77,70.8,clean,0,,17,41,drone-pi,aarch64,Raspberry Pi 5 Model B Rev 1.0,true,4
1,qwen2.5-0.5b-instruct-Q4_K_M-warmup,0076,652,,,end_of_speech,519.766,,,,,,175.062,344.704,,,,693.77,71.9,clean,0,,10,33,drone-pi,aarch64,Raspberry Pi 5 Model B Rev 1.0,true,4
1,qwen2.5-0.5b-instruct-Q4_K_M-warmup,0180,653,,,end_of_speech,1090.748,,,,,,288.397,802.351,,,,693.77,73.0,clean,0,,22,41,drone-pi,aarch64,Raspberry Pi 5 Model B Rev 1.0,true,4
1,qwen2.5-0.5b-instruct-Q4_K_M-warmup,0064,654,,,end_of_speech,605.378,,,,,,146.776,458.602,,,,693.77,71.9,clean,0,,13,33,drone-pi,aarch64,Raspberry Pi 5 Model B Rev 1.0,true,4
1,qwen2.5-0.5b-instruct-Q4_K_M-warmup,0022,655,,,end_of_speech,647.749,,,,,,38.244,609.505,,,,693.77,71.9,clean,0,,17,34,drone-pi,aarch64,Raspberry Pi 5 Model B Rev 1.0,true,4
1,qwen2.5-0.5b-instruct-Q4_K_M-warmup,0149,656,,,end_of_speech,839.742,,,,,,38.354,801.388,,,,693.77,70.8,clean,0,,22,37,drone-pi,aarch64,Raspberry Pi 5 Model B Rev 1.0,true,4
1,qwen2.5-0.5b-instruct-Q4_K_M-warmup,0169,657,,,end_of_speech,840.802,,,,,,38.199,802.603,,,,693.77,71.4,clean,0,,22,42,drone-pi,aarch64,Raspberry Pi 5 Model B Rev 1.0,true,4
1,qwen2.5-0.5b-instruct-Q4_K_M-warmup,0152,658,,,end_of_speech,636.821,,,,,,216.279,420.542,,,,693.77,72.5,clean,0,,12,38,drone-pi,aarch64,Raspberry Pi 5 Model B Rev 1.0,true,4
1,qwen2.5-0.5b-instruct-Q4_K_M-warmup,0010,659,,,end_of_speech,1070.383,,,,,,38.153,1032.23,,,,693.77,72.5,clean,0,,28,53,drone-pi,aarch64,Raspberry Pi 5 Model B Rev 1.0,true,4
1,qwen2.5-0.5b-instruct-Q4_K_M-warmup,0151,660,,,end_of_speech,533.377,,,,,,38.48,494.897,,,,693.77,73.0,clean,0,,14,37,drone-pi,aarch64,Raspberry Pi 5 Model B Rev 1.0,true,4
1,qwen2.5-0.5b-instruct-Q4_K_M-warmup,0162,661,,,end_of_speech,802.155,,,,,,38.139,764.016,,,,693.77,70.8,clean,0,,21,51,drone-pi,aarch64,Raspberry Pi 5 Model B Rev 1.0,true,4
1,qwen2.5-0.5b-instruct-Q4_K_M-warmup,0182,662,,,end_of_speech,391.273,,,,,,199.747,191.526,,,,693.77,71.9,clean,0,,6,35,drone-pi,aarch64,Raspberry Pi 5 Model B Rev 1.0,true,4
1,qwen2.5-0.5b-instruct-Q4_K_M-warmup,0072,663,,,end_of_speech,582.689,,,,,,160.544,422.145,,,,693.77,70.8,clean,0,,12,32,drone-pi,aarch64,Raspberry Pi 5 Model B Rev 1.0,true,4
1,qwen2.5-0.5b-instruct-Q4_K_M-warmup,0033,664,,,end_of_speech,573.535,,,,,,229.87,343.665,,,,693.77,72.5,clean,0,,10,37,drone-pi,aarch64,Raspberry Pi 5 Model B Rev 1.0,true,4
1,qwen2.5-0.5b-instruct-Q4_K_M-warmup,0116,665,,,end_of_speech,686.876,,,,,,38.191,648.685,,,,693.77,71.4,clean,0,,18,43,drone-pi,aarch64,Raspberry Pi 5 Model B Rev 1.0,true,4
1,qwen2.5-0.5b-instruct-Q4_K_M-warmup,0105,666,,,end_of_speech,724.683,,,,,,38.499,686.184,,,,693.77,71.9,clean,0,,19,39,drone-pi,aarch64,Raspberry Pi 5 Model B Rev 1.0,true,4
1,qwen2.5-0.5b-instruct-Q4_K_M-warmup,0089,667,,,end_of_speech,1070.941,,,,,,38.277,1032.664,,,,693.77,70.8,clean,0,,28,56,drone-pi,aarch64,Raspberry Pi 5 Model B Rev 1.0,true,4
1,qwen2.5-0.5b-instruct-Q4_K_M-warmup,0062,668,,,end_of_speech,456.127,,,,,,38.347,417.78,,,,693.77,71.4,clean,0,,12,36,drone-pi,aarch64,Raspberry Pi 5 Model B Rev 1.0,true,4
1,qwen2.5-0.5b-instruct-Q4_K_M-warmup,0113,669,,,end_of_speech,1071.615,,,,,,38.239,1033.376,,,,693.77,71.9,clean,0,,28,44,drone-pi,aarch64,Raspberry Pi 5 Model B Rev 1.0,true,4
1,qwen2.5-0.5b-instruct-Q4_K_M-warmup,0193,670,,,end_of_speech,1148.057,,,,,,342.695,805.362,,,,693.77,71.4,clean,0,,22,47,drone-pi,aarch64,Raspberry Pi 5 Model B Rev 1.0,true,4
1,qwen2.5-0.5b-instruct-Q4_K_M-warmup,0006,671,,,end_of_speech,353.513,,,,,,161.159,192.354,,,,693.77,71.9,clean,0,,6,32,drone-pi,aarch64,Raspberry Pi 5 Model B Rev 1.0,true,4
1,qwen2.5-0.5b-instruct-Q4_K_M-warmup,0196,672,,,end_of_speech,717.28,,,,,,258.63,458.65,,,,693.77,71.4,clean,0,,13,39,drone-pi,aarch64,Raspberry Pi 5 Model B Rev 1.0,true,4
1,qwen2.5-0.5b-instruct-Q4_K_M-warmup,0186,673,,,end_of_speech,761.746,,,,,,38.258,723.488,,,,693.77,72.5,clean,0,,20,40,drone-pi,aarch64,Raspberry Pi 5 Model B Rev 1.0,true,4
1,qwen2.5-0.5b-instruct-Q4_K_M-warmup,0075,674,,,end_of_speech,996.604,,,,,,38.175,958.429,,,,693.77,71.4,clean,0,,26,53,drone-pi,aarch64,Raspberry Pi 5 Model B Rev 1.0,true,4
1,qwen2.5-0.5b-instruct-Q4_K_M-warmup,0131,675,,,end_of_speech,840.074,,,,,,38.131,801.943,,,,693.77,71.4,clean,0,,22,47,drone-pi,aarch64,Raspberry Pi 5 Model B Rev 1.0,true,4
1,qwen2.5-0.5b-instruct-Q4_K_M-warmup,0121,676,,,end_of_speech,588.873,,,,,,130.462,458.411,,,,693.77,71.9,clean,0,,13,31,drone-pi,aarch64,Raspberry Pi 5 Model B Rev 1.0,true,4
1,qwen2.5-0.5b-instruct-Q4_K_M-warmup,0101,677,,,end_of_speech,923.215,,,,,,272.641,650.574,,,,693.77,70.8,clean,0,,18,40,drone-pi,aarch64,Raspberry Pi 5 Model B Rev 1.0,true,4
1,qwen2.5-0.5b-instruct-Q4_K_M-warmup,0032,678,,,end_of_speech,339.28,,,,,,146.693,192.587,,,,693.77,71.9,clean,0,,6,31,drone-pi,aarch64,Raspberry Pi 5 Model B Rev 1.0,true,4
1,qwen2.5-0.5b-instruct-Q4_K_M-warmup,0018,679,,,end_of_speech,366.429,,,,,,175.034,191.395,,,,693.77,71.9,clean,0,,6,33,drone-pi,aarch64,Raspberry Pi 5 Model B Rev 1.0,true,4
1,qwen2.5-0.5b-instruct-Q4_K_M-warmup,0049,680,,,end_of_speech,1211.063,,,,,,328.728,882.335,,,,693.77,71.9,clean,0,,24,44,drone-pi,aarch64,Raspberry Pi 5 Model B Rev 1.0,true,4
1,qwen2.5-0.5b-instruct-Q4_K_M-warmup,0065,681,,,end_of_speech,1032.204,,,,,,38.034,994.17,,,,693.77,71.9,clean,0,,27,51,drone-pi,aarch64,Raspberry Pi 5 Model B Rev 1.0,true,4
1,qwen2.5-0.5b-instruct-Q4_K_M-warmup,0110,682,,,end_of_speech,916.308,,,,,,38.179,878.129,,,,693.77,71.4,clean,0,,24,44,drone-pi,aarch64,Raspberry Pi 5 Model B Rev 1.0,true,4
1,qwen2.5-0.5b-instruct-Q4_K_M-warmup,0048,683,,,end_of_speech,314.181,,,,,,122.187,191.994,,,,693.77,73.0,clean,0,,6,30,drone-pi,aarch64,Raspberry Pi 5 Model B Rev 1.0,true,4
1,qwen2.5-0.5b-instruct-Q4_K_M-warmup,0097,684,,,end_of_speech,392.28,,,,,,200.294,191.986,,,,693.77,71.9,clean,0,,6,35,drone-pi,aarch64,Raspberry Pi 5 Model B Rev 1.0,true,4
1,qwen2.5-0.5b-instruct-Q4_K_M-warmup,0127,685,,,end_of_speech,738.837,,,,,,241.603,497.234,,,,693.77,71.9,clean,0,,14,38,drone-pi,aarch64,Raspberry Pi 5 Model B Rev 1.0,true,4
1,qwen2.5-0.5b-instruct-Q4_K_M-warmup,0123,686,,,end_of_speech,762.784,,,,,,38.136,724.648,,,,693.77,72.5,clean,0,,20,39,drone-pi,aarch64,Raspberry Pi 5 Model B Rev 1.0,true,4
1,qwen2.5-0.5b-instruct-Q4_K_M-warmup,0144,687,,,end_of_speech,675.147,,,,,,216.159,458.988,,,,693.77,71.4,clean,0,,13,38,drone-pi,aarch64,Raspberry Pi 5 Model B Rev 1.0,true,4
1,qwen2.5-0.5b-instruct-Q4_K_M-warmup,0057,688,,,end_of_speech,366.607,,,,,,174.666,191.941,,,,693.77,73.0,clean,0,,6,33,drone-pi,aarch64,Raspberry Pi 5 Model B Rev 1.0,true,4
1,qwen2.5-0.5b-instruct-Q4_K_M-warmup,0083,689,,,end_of_speech,884.461,,,,,,272.461,612.0,,,,693.77,72.5,clean,0,,17,40,drone-pi,aarch64,Raspberry Pi 5 Model B Rev 1.0,true,4
1,qwen2.5-0.5b-instruct-Q4_K_M-warmup,0168,690,,,end_of_speech,505.275,,,,,,160.774,344.501,,,,693.77,72.5,clean,0,,10,34,drone-pi,aarch64,Raspberry Pi 5 Model B Rev 1.0,true,4
1,qwen2.5-0.5b-instruct-Q4_K_M-warmup,0134,691,,,end_of_speech,1011.603,,,,,,398.357,613.246,,,,693.77,70.8,clean,0,,17,49,drone-pi,aarch64,Raspberry Pi 5 Model B Rev 1.0,true,4
1,qwen2.5-0.5b-instruct-Q4_K_M-warmup,0128,692,,,end_of_speech,764.631,,,,,,38.167,726.464,,,,693.77,72.5,clean,0,,20,44,drone-pi,aarch64,Raspberry Pi 5 Model B Rev 1.0,true,4
1,qwen2.5-0.5b-instruct-Q4_K_M-warmup,0092,693,,,end_of_speech,811.466,,,,,,200.152,611.314,,,,693.77,73.0,clean,0,,17,36,drone-pi,aarch64,Raspberry Pi 5 Model B Rev 1.0,true,4
1,qwen2.5-0.5b-instruct-Q4_K_M-warmup,0120,694,,,end_of_speech,764.96,,,,,,38.512,726.448,,,,693.77,71.4,clean,0,,20,52,drone-pi,aarch64,Raspberry Pi 5 Model B Rev 1.0,true,4
1,qwen2.5-0.5b-instruct-Q4_K_M-warmup,0059,695,,,end_of_speech,724.782,,,,,,38.353,686.429,,,,693.77,71.9,clean,0,,19,43,drone-pi,aarch64,Raspberry Pi 5 Model B Rev 1.0,true,4
1,qwen2.5-0.5b-instruct-Q4_K_M-warmup,0141,696,,,end_of_speech,726.708,,,,,,38.478,688.23,,,,693.77,71.9,clean,0,,19,49,drone-pi,aarch64,Raspberry Pi 5 Model B Rev 1.0,true,4
1,qwen2.5-0.5b-instruct-Q4_K_M-warmup,0108,697,,,end_of_speech,455.614,,,,,,38.114,417.5,,,,693.77,72.5,clean,0,,12,39,drone-pi,aarch64,Raspberry Pi 5 Model B Rev 1.0,true,4
1,qwen2.5-0.5b-instruct-Q4_K_M-warmup,0159,698,,,end_of_speech,646.703,,,,,,38.24,608.463,,,,693.77,72.5,clean,0,,17,39,drone-pi,aarch64,Raspberry Pi 5 Model B Rev 1.0,true,4
1,qwen2.5-0.5b-instruct-Q4_K_M-warmup,0056,699,,,end_of_speech,648.199,,,,,,38.158,610.041,,,,693.77,72.5,clean,0,,17,41,drone-pi,aarch64,Raspberry Pi 5 Model B Rev 1.0,true,4
1,qwen2.5-0.5b-instruct-Q4_K_M-warmup,0009,700,,,end_of_speech,407.96,,,,,,216.133,191.827,,,,693.77,71.9,clean,0,,6,36,drone-pi,aarch64,Raspberry Pi 5 Model B Rev 1.0,true,4
1,qwen2.5-0.5b-instruct-Q4_K_M-warmup,0038,701,,,end_of_speech,1538.771,,,,,,465.865,1072.906,,,,693.77,71.4,clean,0,,29,54,drone-pi,aarch64,Raspberry Pi 5 Model B Rev 1.0,true,4
1,qwen2.5-0.5b-instruct-Q4_K_M-warmup,0167,702,,,end_of_speech,645.455,,,,,,38.193,607.262,,,,693.77,73.0,clean,0,,17,37,drone-pi,aarch64,Raspberry Pi 5 Model B Rev 1.0,true,4
1,qwen2.5-0.5b-instruct-Q4_K_M-warmup,0114,703,,,end_of_speech,1071.386,,,,,,342.759,728.627,,,,693.77,71.9,clean,0,,20,46,drone-pi,aarch64,Raspberry Pi 5 Model B Rev 1.0,true,4
1,qwen2.5-0.5b-instruct-Q4_K_M-warmup,0145,704,,,end_of_speech,365.958,,,,,,174.804,191.154,,,,693.77,72.5,clean,0,,6,33,drone-pi,aarch64,Raspberry Pi 5 Model B Rev 1.0,true,4
1,qwen2.5-0.5b-instruct-Q4_K_M-warmup,0137,705,,,end_of_speech,618.904,,,,,,200.027,418.877,,,,693.77,71.9,clean,0,,12,36,drone-pi,aarch64,Raspberry Pi 5 Model B Rev 1.0,true,4
1,qwen2.5-0.5b-instruct-Q4_K_M-warmup,0020,706,,,end_of_speech,534.446,,,,,,189.214,345.232,,,,694.12,71.9,clean,0,,10,34,drone-pi,aarch64,Raspberry Pi 5 Model B Rev 1.0,true,4
1,qwen2.5-0.5b-instruct-Q4_K_M-warmup,0080,707,,,end_of_speech,352.422,,,,,,160.504,191.918,,,,694.12,73.0,clean,0,,6,32,drone-pi,aarch64,Raspberry Pi 5 Model B Rev 1.0,true,4
1,qwen2.5-0.5b-instruct-Q4_K_M-warmup,0069,708,,,end_of_speech,643.867,,,,,,185.249,458.618,,,,694.12,71.9,clean,0,,13,34,drone-pi,aarch64,Raspberry Pi 5 Model B Rev 1.0,true,4
1,qwen2.5-0.5b-instruct-Q4_K_M-warmup,0047,709,,,end_of_speech,455.815,,,,,,38.14,417.675,,,,694.12,73.0,clean,0,,12,39,drone-pi,aarch64,Raspberry Pi 5 Model B Rev 1.0,true,4
1,qwen2.5-0.5b-instruct-Q4_K_M-warmup,0050,710,,,end_of_speech,456.363,,,,,,38.233,418.13,,,,694.12,72.5,clean,0,,12,38,drone-pi,aarch64,Raspberry Pi 5 Model B Rev 1.0,true,4
1,qwen2.5-0.5b-instruct-Q4_K_M-warmup,0172,711,,,end_of_speech,648.472,,,,,,38.469,610.003,,,,694.12,73.0,clean,0,,17,41,drone-pi,aarch64,Raspberry Pi 5 Model B Rev 1.0,true,4
1,qwen2.5-0.5b-instruct-Q4_K_M-warmup,0076,712,,,end_of_speech,519.071,,,,,,174.956,344.115,,,,694.12,71.9,clean,0,,10,33,drone-pi,aarch64,Raspberry Pi 5 Model B Rev 1.0,true,4
1,qwen2.5-0.5b-instruct-Q4_K_M-warmup,0180,713,,,end_of_speech,1091.875,,,,,,288.279,803.596,,,,694.12,71.9,clean,0,,22,41,drone-pi,aarch64,Raspberry Pi 5 Model B Rev 1.0,true,4
1,qwen2.5-0.5b-instruct-Q4_K_M-warmup,0064,714,,,end_of_speech,606.252,,,,,,146.676,459.576,,,,694.12,71.4,clean,0,,13,33,drone-pi,aarch64,Raspberry Pi 5 Model B Rev 1.0,true,4
1,qwen2.5-0.5b-instruct-Q4_K_M-warmup,0022,715,,,end_of_speech,648.97,,,,,,38.803,610.167,,,,694.12,73.0,clean,0,,17,34,drone-pi,aarch64,Raspberry Pi 5 Model B Rev 1.0,true,4
1,qwen2.5-0.5b-instruct-Q4_K_M-warmup,0149,716,,,end_of_speech,840.396,,,,,,38.591,801.805,,,,694.12,71.4,clean,0,,22,37,drone-pi,aarch64,Raspberry Pi 5 Model B Rev 1.0,true,4
1,qwen2.5-0.5b-instruct-Q4_K_M-warmup,0169,717,,,end_of_speech,840.205,,,,,,38.384,801.821,,,,694.12,71.4,clean,0,,22,42,drone-pi,aarch64,Raspberry Pi 5 Model B Rev 1.0,true,4
1,qwen2.5-0.5b-instruct-Q4_K_M-warmup,0152,718,,,end_of_speech,636.259,,,,,,216.077,420.182,,,,694.12,71.9,clean,0,,12,38,drone-pi,aarch64,Raspberry Pi 5 Model B Rev 1.0,true,4
1,qwen2.5-0.5b-instruct-Q4_K_M-warmup,0010,719,,,end_of_speech,1070.981,,,,,,38.118,1032.863,,,,694.12,72.5,clean,0,,28,53,drone-pi,aarch64,Raspberry Pi 5 Model B Rev 1.0,true,4
1,qwen2.5-0.5b-instruct-Q4_K_M-warmup,0151,720,,,end_of_speech,533.856,,,,,,38.478,495.378,,,,694.12,71.4,clean,0,,14,37,drone-pi,aarch64,Raspberry Pi 5 Model B Rev 1.0,true,4
1,qwen2.5-0.5b-instruct-Q4_K_M-warmup,0162,721,,,end_of_speech,857.682,,,,,,38.227,819.455,,,,694.12,72.5,clean,0,,21,51,drone-pi,aarch64,Raspberry Pi 5 Model B Rev 1.0,true,4
1,qwen2.5-0.5b-instruct-Q4_K_M-warmup,0182,722,,,end_of_speech,399.306,,,,,,207.388,191.918,,,,694.12,71.4,clean,0,,6,35,drone-pi,aarch64,Raspberry Pi 5 Model B Rev 1.0,true,4
1,qwen2.5-0.5b-instruct-Q4_K_M-warmup,0072,723,,,end_of_speech,589.891,,,,,,167.807,422.084,,,,694.12,71.9,clean,0,,12,32,drone-pi,aarch64,Raspberry Pi 5 Model B Rev 1.0,true,4
1,qwen2.5-0.5b-instruct-Q4_K_M-warmup,0033,724,,,end_of_speech,574.708,,,,,,230.294,344.414,,,,694.12,70.8,clean,0,,10,37,drone-pi,aarch64,Raspberry Pi 5 Model B Rev 1.0,true,4
1,qwen2.5-0.5b-instruct-Q4_K_M-warmup,0116,725,,,end_of_speech,687.128,,,,,,38.089,649.039,,,,694.12,71.4,clean,0,,18,43,drone-pi,aarch64,Raspberry Pi 5 Model B Rev 1.0,true,4
1,qwen2.5-0.5b-instruct-Q4_K_M-warmup,0105,726,,,end_of_speech,723.443,,,,,,38.488,684.955,,,,694.12,72.5,clean,0,,19,39,drone-pi,aarch64,Raspberry Pi 5 Model B Rev 1.0,true,4
1,qwen2.5-0.5b-instruct-Q4_K_M-warmup,0089,727,,,end_of_speech,1070.259,,,,,,38.322,1031.937,,,,694.12,73.0,clean,0,,28,56,drone-pi,aarch64,Raspberry Pi 5 Model B Rev 1.0,true,4
1,qwen2.5-0.5b-instruct-Q4_K_M-warmup,0062,728,,,end_of_speech,456.839,,,,,,38.262,418.577,,,,694.12,71.9,clean,0,,12,36,drone-pi,aarch64,Raspberry Pi 5 Model B Rev 1.0,true,4
1,qwen2.5-0.5b-instruct-Q4_K_M-warmup,0113,729,,,end_of_speech,1071.545,,,,,,38.357,1033.188,,,,694.12,71.9,clean,0,,28,44,drone-pi,aarch64,Raspberry Pi 5 Model B Rev 1.0,true,4
1,qwen2.5-0.5b-instruct-Q4_K_M-warmup,0193,730,,,end_of_speech,1147.752,,,,,,342.749,805.003,,,,694.12,72.5,clean,0,,22,47,drone-pi,aarch64,Raspberry Pi 5 Model B Rev 1.0,true,4
1,qwen2.5-0.5b-instruct-Q4_K_M-warmup,0006,731,,,end_of_speech,353.107,,,,,,160.654,192.453,,,,694.12,72.5,clean,0,,6,32,drone-pi,aarch64,Raspberry Pi 5 Model B Rev 1.0,true,4
1,qwen2.5-0.5b-instruct-Q4_K_M-warmup,0196,732,,,end_of_speech,716.892,,,,,,258.472,458.42,,,,694.12,71.9,clean,0,,13,39,drone-pi,aarch64,Raspberry Pi 5 Model B Rev 1.0,true,4
1,qwen2.5-0.5b-instruct-Q4_K_M-warmup,0186,733,,,end_of_speech,762.288,,,,,,38.151,724.137,,,,694.12,71.9,clean,0,,20,40,drone-pi,aarch64,Raspberry Pi 5 Model B Rev 1.0,true,4
1,qwen2.5-0.5b-instruct-Q4_K_M-warmup,0075,734,,,end_of_speech,994.241,,,,,,38.205,956.036,,,,694.12,72.5,clean,0,,26,53,drone-pi,aarch64,Raspberry Pi 5 Model B Rev 1.0,true,4
1,qwen2.5-0.5b-instruct-Q4_K_M-warmup,0131,735,,,end_of_speech,839.422,,,,,,38.238,801.184,,,,694.12,71.4,clean,0,,22,47,drone-pi,aarch64,Raspberry Pi 5 Model B Rev 1.0,true,4
1,qwen2.5-0.5b-instruct-Q4_K_M-warmup,0121,736,,,end_of_speech,589.096,,,,,,130.618,458.478,,,,694.12,73.0,clean,0,,13,31,drone-pi,aarch64,Raspberry Pi 5 Model B Rev 1.0,true,4
1,qwen2.5-0.5b-instruct-Q4_K_M-warmup,0101,737,,,end_of_speech,922.637,,,,,,272.699,649.938,,,,694.12,72.5,clean,0,,18,40,drone-pi,aarch64,Raspberry Pi 5 Model B Rev 1.0,true,4
1,qwen2.5-0.5b-instruct-Q4_K_M-warmup,0032,738,,,end_of_speech,338.976,,,,,,146.639,192.337,,,,694.12,72.5,clean,0,,6,31,drone-pi,aarch64,Raspberry Pi 5 Model B Rev 1.0,true,4
1,qwen2.5-0.5b-instruct-Q4_K_M-warmup,0018,739,,,end_of_speech,366.996,,,,,,174.927,192.069,,,,694.12,73.0,clean,0,,6,33,drone-pi,aarch64,Raspberry Pi 5 Model B Rev 1.0,true,4
1,qwen2.5-0.5b-instruct-Q4_K_M-warmup,0049,740,,,end_of_speech,1210.837,,,,,,328.34,882.497,,,,694.12,73.0,clean,0,,24,44,drone-pi,aarch64,Raspberry Pi 5 Model B Rev 1.0,true,4
1,qwen2.5-0.5b-instruct-Q4_K_M-warmup,0065,741,,,end_of_speech,1032.816,,,,,,38.096,994.72,,,,694.12,73.0,clean,0,,27,51,drone-pi,aarch64,Raspberry Pi 5 Model B Rev 1.0,true,4
1,qwen2.5-0.5b-instruct-Q4_K_M-warmup,0110,742,,,end_of_speech,916.963,,,,,,38.194,878.769,,,,694.12,71.9,clean,0,,24,44,drone-pi,aarch64,Raspberry Pi 5 Model B Rev 1.0,true,4
1,qwen2.5-0.5b-instruct-Q4_K_M-warmup,0048,743,,,end_of_speech,313.749,,,,,,122.138,191.611,,,,694.12,71.9,clean,0,,6,30,drone-pi,aarch64,Raspberry Pi 5 Model B Rev 1.0,true,4
1,qwen2.5-0.5b-instruct-Q4_K_M-warmup,0097,744,,,end_of_speech,391.652,,,,,,200.048,191.604,,,,694.12,72.5,clean,0,,6,35,drone-pi,aarch64,Raspberry Pi 5 Model B Rev 1.0,true,4
1,qwen2.5-0.5b-instruct-Q4_K_M-warmup,0127,745,,,end_of_speech,738.056,,,,,,241.659,496.397,,,,694.12,71.9,clean,0,,14,38,drone-pi,aarch64,Raspberry Pi 5 Model B Rev 1.0,true,4
1,qwen2.5-0.5b-instruct-Q4_K_M-warmup,0123,746,,,end_of_speech,762.449,,,,,,38.518,723.931,,,,694.12,71.9,clean,0,,20,39,drone-pi,aarch64,Raspberry Pi 5 Model B Rev 1.0,true,4
1,qwen2.5-0.5b-instruct-Q4_K_M-warmup,0144,747,,,end_of_speech,674.783,,,,,,215.952,458.831,,,,694.12,72.5,clean,0,,13,38,drone-pi,aarch64,Raspberry Pi 5 Model B Rev 1.0,true,4
1,qwen2.5-0.5b-instruct-Q4_K_M-warmup,0057,748,,,end_of_speech,366.426,,,,,,174.639,191.787,,,,694.12,72.5,clean,0,,6,33,drone-pi,aarch64,Raspberry Pi 5 Model B Rev 1.0,true,4
1,qwen2.5-0.5b-instruct-Q4_K_M-warmup,0083,749,,,end_of_speech,885.112,,,,,,272.717,612.395,,,,694.12,73.0,clean,0,,17,40,drone-pi,aarch64,Raspberry Pi 5 Model B Rev 1.0,true,4
1,qwen2.5-0.5b-instruct-Q4_K_M-warmup,0168,750,,,end_of_speech,504.925,,,,,,160.506,344.419,,,,694.12,73.0,clean,0,,10,34,drone-pi,aarch64,Raspberry Pi 5 Model B Rev 1.0,true,4
1,qwen2.5-0.5b-instruct-Q4_K_M-warmup,0134,751,,,end_of_speech,1011.579,,,,,,398.297,613.282,,,,694.12,73.6,clean,0,,17,49,drone-pi,aarch64,Raspberry Pi 5 Model B Rev 1.0,true,4
1,qwen2.5-0.5b-instruct-Q4_K_M-warmup,0128,752,,,end_of_speech,763.186,,,,,,38.063,725.123,,,,694.12,71.9,clean,0,,20,44,drone-pi,aarch64,Raspberry Pi 5 Model B Rev 1.0,true,4
1,qwen2.5-0.5b-instruct-Q4_K_M-warmup,0092,753,,,end_of_speech,810.376,,,,,,199.941,610.435,,,,694.12,71.4,clean,0,,17,36,drone-pi,aarch64,Raspberry Pi 5 Model B Rev 1.0,true,4
1,qwen2.5-0.5b-instruct-Q4_K_M-warmup,0120,754,,,end_of_speech,765.256,,,,,,38.271,726.985,,,,694.12,73.0,clean,0,,20,52,drone-pi,aarch64,Raspberry Pi 5 Model B Rev 1.0,true,4
1,qwen2.5-0.5b-instruct-Q4_K_M-warmup,0059,755,,,end_of_speech,725.088,,,,,,38.1,686.988,,,,694.12,71.4,clean,0,,19,43,drone-pi,aarch64,Raspberry Pi 5 Model B Rev 1.0,true,4
1,qwen2.5-0.5b-instruct-Q4_K_M-warmup,0141,756,,,end_of_speech,727.858,,,,,,38.317,689.541,,,,694.12,71.9,clean,0,,19,49,drone-pi,aarch64,Raspberry Pi 5 Model B Rev 1.0,true,4
1,qwen2.5-0.5b-instruct-Q4_K_M-warmup,0108,757,,,end_of_speech,457.069,,,,,,37.983,419.086,,,,694.12,73.6,clean,0,,12,39,drone-pi,aarch64,Raspberry Pi 5 Model B Rev 1.0,true,4
1,qwen2.5-0.5b-instruct-Q4_K_M-warmup,0159,758,,,end_of_speech,647.236,,,,,,38.128,609.108,,,,694.12,73.6,clean,0,,17,39,drone-pi,aarch64,Raspberry Pi 5 Model B Rev 1.0,true,4
1,qwen2.5-0.5b-instruct-Q4_K_M-warmup,0056,759,,,end_of_speech,647.284,,,,,,38.176,609.108,,,,694.12,73.0,clean,0,,17,41,drone-pi,aarch64,Raspberry Pi 5 Model B Rev 1.0,true,4
1,qwen2.5-0.5b-instruct-Q4_K_M-warmup,0009,760,,,end_of_speech,407.636,,,,,,216.343,191.293,,,,694.12,73.0,clean,0,,6,36,drone-pi,aarch64,Raspberry Pi 5 Model B Rev 1.0,true,4
1,qwen2.5-0.5b-instruct-Q4_K_M-warmup,0038,761,,,end_of_speech,1538.767,,,,,,465.862,1072.905,,,,694.12,71.9,clean,0,,29,54,drone-pi,aarch64,Raspberry Pi 5 Model B Rev 1.0,true,4
1,qwen2.5-0.5b-instruct-Q4_K_M-warmup,0167,762,,,end_of_speech,646.371,,,,,,38.568,607.803,,,,694.12,72.5,clean,0,,17,37,drone-pi,aarch64,Raspberry Pi 5 Model B Rev 1.0,true,4
1,qwen2.5-0.5b-instruct-Q4_K_M-warmup,0114,763,,,end_of_speech,1070.258,,,,,,342.645,727.613,,,,694.12,72.5,clean,0,,20,46,drone-pi,aarch64,Raspberry Pi 5 Model B Rev 1.0,true,4
1,qwen2.5-0.5b-instruct-Q4_K_M-warmup,0145,764,,,end_of_speech,365.757,,,,,,174.869,190.888,,,,694.12,73.6,clean,0,,6,33,drone-pi,aarch64,Raspberry Pi 5 Model B Rev 1.0,true,4
1,qwen2.5-0.5b-instruct-Q4_K_M-warmup,0137,765,,,end_of_speech,620.588,,,,,,199.858,420.73,,,,694.12,73.6,clean,0,,12,36,drone-pi,aarch64,Raspberry Pi 5 Model B Rev 1.0,true,4
1,qwen2.5-0.5b-instruct-Q4_K_M-warmup,0020,766,,,end_of_speech,530.46,,,,,,185.693,344.767,,,,694.12,73.6,clean,0,,10,34,drone-pi,aarch64,Raspberry Pi 5 Model B Rev 1.0,true,4
1,qwen2.5-0.5b-instruct-Q4_K_M-warmup,0080,767,,,end_of_speech,352.927,,,,,,160.703,192.224,,,,694.12,72.5,clean,0,,6,32,drone-pi,aarch64,Raspberry Pi 5 Model B Rev 1.0,true,4
1,qwen2.5-0.5b-instruct-Q4_K_M-warmup,0069,768,,,end_of_speech,644.374,,,,,,185.644,458.73,,,,694.12,72.5,clean,0,,13,34,drone-pi,aarch64,Raspberry Pi 5 Model B Rev 1.0,true,4
1,qwen2.5-0.5b-instruct-Q4_K_M-warmup,0047,769,,,end_of_speech,455.832,,,,,,38.072,417.76,,,,694.12,73.0,clean,0,,12,39,drone-pi,aarch64,Raspberry Pi 5 Model B Rev 1.0,true,4
1,qwen2.5-0.5b-instruct-Q4_K_M-warmup,0050,770,,,end_of_speech,456.672,,,,,,38.232,418.44,,,,694.12,73.0,clean,0,,12,38,drone-pi,aarch64,Raspberry Pi 5 Model B Rev 1.0,true,4
1,qwen2.5-0.5b-instruct-Q4_K_M-warmup,0172,771,,,end_of_speech,651.694,,,,,,39.715,611.979,,,,694.12,72.5,clean,0,,17,41,drone-pi,aarch64,Raspberry Pi 5 Model B Rev 1.0,true,4
1,qwen2.5-0.5b-instruct-Q4_K_M-warmup,0076,772,,,end_of_speech,518.662,,,,,,174.661,344.001,,,,694.12,71.9,clean,0,,10,33,drone-pi,aarch64,Raspberry Pi 5 Model B Rev 1.0,true,4
1,qwen2.5-0.5b-instruct-Q4_K_M-warmup,0180,773,,,end_of_speech,1090.793,,,,,,288.144,802.649,,,,694.12,72.5,clean,0,,22,41,drone-pi,aarch64,Raspberry Pi 5 Model B Rev 1.0,true,4
1,qwen2.5-0.5b-instruct-Q4_K_M-warmup,0064,774,,,end_of_speech,606.804,,,,,,146.881,459.923,,,,694.12,73.0,clean,0,,13,33,drone-pi,aarch64,Raspberry Pi 5 Model B Rev 1.0,true,4
1,qwen2.5-0.5b-instruct-Q4_K_M-warmup,0022,775,,,end_of_speech,647.231,,,,,,38.429,608.802,,,,694.12,73.0,clean,0,,17,34,drone-pi,aarch64,Raspberry Pi 5 Model B Rev 1.0,true,4
1,qwen2.5-0.5b-instruct-Q4_K_M-warmup,0149,776,,,end_of_speech,839.757,,,,,,38.34,801.417,,,,694.12,73.6,clean,0,,22,37,drone-pi,aarch64,Raspberry Pi 5 Model B Rev 1.0,true,4
1,qwen2.5-0.5b-instruct-Q4_K_M-warmup,0169,777,,,end_of_speech,839.738,,,,,,38.354,801.384,,,,694.12,69.7,clean,0,,22,42,drone-pi,aarch64,Raspberry Pi 5 Model B Rev 1.0,true,4
1,qwen2.5-0.5b-instruct-Q4_K_M-warmup,0152,778,,,end_of_speech,638.057,,,,,,216.423,421.634,,,,694.12,73.0,clean,0,,12,38,drone-pi,aarch64,Raspberry Pi 5 Model B Rev 1.0,true,4
1,qwen2.5-0.5b-instruct-Q4_K_M-warmup,0010,779,,,end_of_speech,1071.285,,,,,,38.23,1033.055,,,,694.12,72.5,clean,0,,28,53,drone-pi,aarch64,Raspberry Pi 5 Model B Rev 1.0,true,4
1,qwen2.5-0.5b-instruct-Q4_K_M-warmup,0151,780,,,end_of_speech,532.197,,,,,,38.452,493.745,,,,694.12,72.5,clean,0,,14,37,drone-pi,aarch64,Raspberry Pi 5 Model B Rev 1.0,true,4
1,qwen2.5-0.5b-instruct-Q4_K_M-warmup,0162,781,,,end_of_speech,803.121,,,,,,38.275,764.846,,,,694.12,72.5,clean,0,,21,51,drone-pi,aarch64,Raspberry Pi 5 Model B Rev 1.0,true,4
1,qwen2.5-0.5b-instruct-Q4_K_M-warmup,0182,782,,,end_of_speech,391.699,,,,,,199.969,191.73,,,,694.12,72.5,clean,0,,6,35,drone-pi,aarch64,Raspberry Pi 5 Model B Rev 1.0,true,4
1,qwen2.5-0.5b-instruct-Q4_K_M-warmup,0072,783,,,end_of_speech,583.118,,,,,,160.681,422.437,,,,694.12,71.9,clean,0,,12,32,drone-pi,aarch64,Raspberry Pi 5 Model B Rev 1.0,true,4
1,qwen2.5-0.5b-instruct-Q4_K_M-warmup,0033,784,,,end_of_speech,574.537,,,,,,230.465,344.072,,,,694.12,71.9,clean,0,,10,37,drone-pi,aarch64,Raspberry Pi 5 Model B Rev 1.0,true,4
1,qwen2.5-0.5b-instruct-Q4_K_M-warmup,0116,785,,,end_of_speech,687.27,,,,,,37.969,649.301,,,,694.12,73.6,clean,0,,18,43,drone-pi,aarch64,Raspberry Pi 5 Model B Rev 1.0,true,4
1,qwen2.5-0.5b-instruct-Q4_K_M-warmup,0105,786,,,end_of_speech,724.381,,,,,,38.371,686.01,,,,694.12,71.4,clean,0,,19,39,drone-pi,aarch64,Raspberry Pi 5 Model B Rev 1.0,true,4
1,qwen2.5-0.5b-instruct-Q4_K_M-warmup,0089,787,,,end_of_speech,1074.928,,,,,,39.868,1035.06,,,,694.12,71.9,clean,0,,28,56,drone-pi,aarch64,Raspberry Pi 5 Model B Rev 1.0,true,4
1,qwen2.5-0.5b-instruct-Q4_K_M-warmup,0062,788,,,end_of_speech,456.867,,,,,,38.481,418.386,,,,694.12,73.6,clean,0,,12,36,drone-pi,aarch64,Raspberry Pi 5 Model B Rev 1.0,true,4
1,qwen2.5-0.5b-instruct-Q4_K_M-warmup,0113,789,,,end_of_speech,1071.539,,,,,,38.226,1033.313,,,,694.12,72.5,clean,0,,28,44,drone-pi,aarch64,Raspberry Pi 5 Model B Rev 1.0,true,4
1,qwen2.5-0.5b-instruct-Q4_K_M-warmup,0193,790,,,end_of_speech,1148.716,,,,,,343.004,805.712,,,,694.12,71.9,clean,0,,22,47,drone-pi,aarch64,Raspberry Pi 5 Model B Rev 1.0,true,4
1,qwen2.5-0.5b-instruct-Q4_K_M-warmup,0006,791,,,end_of_speech,352.554,,,,,,160.646,191.908,,,,694.12,73.6,clean,0,,6,32,drone-pi,aarch64,Raspberry Pi 5 Model B Rev 1.0,true,4
1,qwen2.5-0.5b-instruct-Q4_K_M-warmup,0196,792,,,end_of_speech,718.672,,,,,,258.448,460.224,,,,694.12,72.5,clean,0,,13,39,drone-pi,aarch64,Raspberry Pi 5 Model B Rev 1.0,true,4
1,qwen2.5-0.5b-instruct-Q4_K_M-warmup,0186,793,,,end_of_speech,763.336,,,,,,38.498,724.838,,,,694.12,72.5,clean,0,,20,40,drone-pi,aarch64,Raspberry Pi 5 Model B Rev 1.0,true,4
1,qwen2.5-0.5b-instruct-Q4_K_M-warmup,0075,794,,,end_of_speech,994.818,,,,,,38.379,956.439,,,,694.12,73.0,clean,0,,26,53,drone-pi,aarch64,Raspberry Pi 5 Model B Rev 1.0,true,4
1,qwen2.5-0.5b-instruct-Q4_K_M-warmup,0131,795,,,end_of_speech,841.103,,,,,,37.997,803.106,,,,694.12,73.6,clean,0,,22,47,drone-pi,aarch64,Raspberry Pi 5 Model B Rev 1.0,true,4
1,qwen2.5-0.5b-instruct-Q4_K_M-warmup,0121,796,,,end_of_speech,588.52,,,,,,130.314,458.206,,,,694.12,73.0,clean,0,,13,31,drone-pi,aarch64,Raspberry Pi 5 Model B Rev 1.0,true,4
1,qwen2.5-0.5b-instruct-Q4_K_M-warmup,0101,797,,,end_of_speech,922.917,,,,,,272.782,650.135,,,,694.12,72.5,clean,0,,18,40,drone-pi,aarch64,Raspberry Pi 5 Model B Rev 1.0,true,4
1,qwen2.5-0.5b-instruct-Q4_K_M-warmup,0032,798,,,end_of_speech,338.731,,,,,,146.503,192.228,,,,694.12,73.6,clean,0,,6,31,drone-pi,aarch64,Raspberry Pi 5 Model B Rev 1.0,true,4
1,qwen2.5-0.5b-instruct-Q4_K_M-warmup,0018,799,,,end_of_speech,367.428,,,,,,175.177,192.251,,,,694.12,73.6,clean,0,,6,33,drone-pi,aarch64,Raspberry Pi 5 Model B Rev 1.0,true,4
1,qwen2.5-0.5b-instruct-Q4_K_M-warmup,0049,800,,,end_of_speech,1211.932,,,,,,328.654,883.278,,,,694.12,72.5,clean,0,,24,44,drone-pi,aarch64,Raspberry Pi 5 Model B Rev 1.0,true,4
1,qwen2.5-0.5b-instruct-Q4_K_M-warmup,0065,801,,,end_of_speech,1031.16,,,,,,37.97,993.19,,,,694.12,73.6,clean,0,,27,51,drone-pi,aarch64,Raspberry Pi 5 Model B Rev 1.0,true,4
1,qwen2.5-0.5b-instruct-Q4_K_M-warmup,0110,802,,,end_of_speech,916.89,,,,,,38.449,878.441,,,,694.12,72.5,clean,0,,24,44,drone-pi,aarch64,Raspberry Pi 5 Model B Rev 1.0,true,4
1,qwen2.5-0.5b-instruct-Q4_K_M-warmup,0048,803,,,end_of_speech,314.215,,,,,,121.947,192.268,,,,694.12,71.9,clean,0,,6,30,drone-pi,aarch64,Raspberry Pi 5 Model B Rev 1.0,true,4
1,qwen2.5-0.5b-instruct-Q4_K_M-warmup,0097,804,,,end_of_speech,392.705,,,,,,200.142,192.563,,,,694.12,73.0,clean,0,,6,35,drone-pi,aarch64,Raspberry Pi 5 Model B Rev 1.0,true,4
1,qwen2.5-0.5b-instruct-Q4_K_M-warmup,0127,805,,,end_of_speech,774.302,,,,,,243.272,531.03,,,,694.12,73.0,clean,0,,14,38,drone-pi,aarch64,Raspberry Pi 5 Model B Rev 1.0,true,4
1,qwen2.5-0.5b-instruct-Q4_K_M-warmup,0123,806,,,end_of_speech,780.3,,,,,,38.356,741.944,,,,694.12,72.5,clean,0,,20,39,drone-pi,aarch64,Raspberry Pi 5 Model B Rev 1.0,true,4
1,qwen2.5-0.5b-instruct-Q4_K_M-warmup,0144,807,,,end_of_speech,675.988,,,,,,216.613,459.375,,,,694.12,71.4,clean,0,,13,38,drone-pi,aarch64,Raspberry Pi 5 Model B Rev 1.0,true,4
1,qwen2.5-0.5b-instruct-Q4_K_M-warmup,0057,808,,,end_of_speech,366.728,,,,,,174.889,191.839,,,,694.12,73.0,clean,0,,6,33,drone-pi,aarch64,Raspberry Pi 5 Model B Rev 1.0,true,4
1,qwen2.5-0.5b-instruct-Q4_K_M-warmup,0083,809,,,end_of_speech,884.945,,,,,,273.076,611.869,,,,694.12,73.6,clean,0,,17,40,drone-pi,aarch64,Raspberry Pi 5 Model B Rev 1.0,true,4
1,qwen2.5-0.5b-instruct-Q4_K_M-warmup,0168,810,,,end_of_speech,505.498,,,,,,160.46,345.038,,,,694.12,72.5,clean,0,,10,34,drone-pi,aarch64,Raspberry Pi 5 Model B Rev 1.0,true,4
1,qwen2.5-0.5b-instruct-Q4_K_M-warmup,0134,811,,,end_of_speech,1012.256,,,,,,398.612,613.644,,,,694.12,71.4,clean,0,,17,49,drone-pi,aarch64,Raspberry Pi 5 Model B Rev 1.0,true,4
1,qwen2.5-0.5b-instruct-Q4_K_M-warmup,0128,812,,,end_of_speech,763.249,,,,,,38.133,725.116,,,,694.12,72.5,clean,0,,20,44,drone-pi,aarch64,Raspberry Pi 5 Model B Rev 1.0,true,4
1,qwen2.5-0.5b-instruct-Q4_K_M-warmup,0092,813,,,end_of_speech,811.672,,,,,,199.967,611.705,,,,694.12,73.6,clean,0,,17,36,drone-pi,aarch64,Raspberry Pi 5 Model B Rev 1.0,true,4
1,qwen2.5-0.5b-instruct-Q4_K_M-warmup,0120,814,,,end_of_speech,764.298,,,,,,38.417,725.881,,,,694.12,72.5,clean,0,,20,52,drone-pi,aarch64,Raspberry Pi 5 Model B Rev 1.0,true,4
1,qwen2.5-0.5b-instruct-Q4_K_M-warmup,0059,815,,,end_of_speech,725.124,,,,,,38.128,686.996,,,,694.12,74.1,clean,0,,19,43,drone-pi,aarch64,Raspberry Pi 5 Model B Rev 1.0,true,4
1,qwen2.5-0.5b-instruct-Q4_K_M-warmup,0141,816,,,end_of_speech,728.144,,,,,,38.733,689.411,,,,694.12,73.6,clean,0,,19,49,drone-pi,aarch64,Raspberry Pi 5 Model B Rev 1.0,true,4
1,qwen2.5-0.5b-instruct-Q4_K_M-warmup,0108,817,,,end_of_speech,455.85,,,,,,38.221,417.629,,,,694.12,73.6,clean,0,,12,39,drone-pi,aarch64,Raspberry Pi 5 Model B Rev 1.0,true,4
1,qwen2.5-0.5b-instruct-Q4_K_M-warmup,0159,818,,,end_of_speech,648.437,,,,,,38.165,610.272,,,,694.12,73.0,clean,0,,17,39,drone-pi,aarch64,Raspberry Pi 5 Model B Rev 1.0,true,4
1,qwen2.5-0.5b-instruct-Q4_K_M,0151,0,,,end_of_speech,532.4,,,,,,38.376,494.024,,,,694.12,73.6,clean,0,,14,37,drone-pi,aarch64,Raspberry Pi 5 Model B Rev 1.0,true,4
1,qwen2.5-0.5b-instruct-Q4_K_M,0162,1,,,end_of_speech,801.873,,,,,,38.039,763.834,,,,694.12,72.5,clean,0,,21,51,drone-pi,aarch64,Raspberry Pi 5 Model B Rev 1.0,true,4
1,qwen2.5-0.5b-instruct-Q4_K_M,0182,2,,,end_of_speech,392.163,,,,,,199.98,192.183,,,,694.12,74.1,clean,0,,6,35,drone-pi,aarch64,Raspberry Pi 5 Model B Rev 1.0,true,4
1,qwen2.5-0.5b-instruct-Q4_K_M,0072,3,,,end_of_speech,582.627,,,,,,160.483,422.144,,,,694.12,72.5,clean,0,,12,32,drone-pi,aarch64,Raspberry Pi 5 Model B Rev 1.0,true,4
1,qwen2.5-0.5b-instruct-Q4_K_M,0033,4,,,end_of_speech,574.553,,,,,,229.893,344.66,,,,694.12,72.5,clean,0,,10,37,drone-pi,aarch64,Raspberry Pi 5 Model B Rev 1.0,true,4
1,qwen2.5-0.5b-instruct-Q4_K_M,0116,5,,,end_of_speech,687.245,,,,,,37.912,649.333,,,,694.12,72.5,clean,0,,18,43,drone-pi,aarch64,Raspberry Pi 5 Model B Rev 1.0,true,4
1,qwen2.5-0.5b-instruct-Q4_K_M,0105,6,,,end_of_speech,724.402,,,,,,38.618,685.784,,,,694.12,73.0,clean,0,,19,39,drone-pi,aarch64,Raspberry Pi 5 Model B Rev 1.0,true,4
1,qwen2.5-0.5b-instruct-Q4_K_M,0089,7,,,end_of_speech,1071.411,,,,,,38.255,1033.156,,,,694.12,72.5,clean,0,,28,56,drone-pi,aarch64,Raspberry Pi 5 Model B Rev 1.0,true,4
1,qwen2.5-0.5b-instruct-Q4_K_M,0062,8,,,end_of_speech,455.952,,,,,,38.266,417.686,,,,694.12,72.5,clean,0,,12,36,drone-pi,aarch64,Raspberry Pi 5 Model B Rev 1.0,true,4
1,qwen2.5-0.5b-instruct-Q4_K_M,0113,9,,,end_of_speech,1072.41,,,,,,38.3,1034.11,,,,694.12,72.5,clean,0,,28,44,drone-pi,aarch64,Raspberry Pi 5 Model B Rev 1.0,true,4
1,qwen2.5-0.5b-instruct-Q4_K_M,0193,10,,,end_of_speech,839.389,,,,,,38.199,801.19,,,,694.12,73.6,clean,0,,22,47,drone-pi,aarch64,Raspberry Pi 5 Model B Rev 1.0,true,4
1,qwen2.5-0.5b-instruct-Q4_K_M,0006,11,,,end_of_speech,353.676,,,,,,160.799,192.877,,,,694.12,73.0,clean,0,,6,32,drone-pi,aarch64,Raspberry Pi 5 Model B Rev 1.0,true,4
1,qwen2.5-0.5b-instruct-Q4_K_M,0196,12,,,end_of_speech,718.974,,,,,,258.739,460.235,,,,694.12,73.0,clean,0,,13,39,drone-pi,aarch64,Raspberry Pi 5 Model B Rev 1.0,true,4
1,qwen2.5-0.5b-instruct-Q4_K_M,0186,13,,,end_of_speech,762.817,,,,,,38.077,724.74,,,,694.12,72.5,clean,0,,20,40,drone-pi,aarch64,Raspberry Pi 5 Model B Rev 1.0,true,4
1,qwen2.5-0.5b-instruct-Q4_K_M,0075,14,,,end_of_speech,995.957,,,,,,38.49,957.467,,,,694.12,73.0,clean,0,,26,53,drone-pi,aarch64,Raspberry Pi 5 Model B Rev 1.0,true,4
1,qwen2.5-0.5b-instruct-Q4_K_M,0131,15,,,end_of_speech,838.398,,,,,,38.286,800.112,,,,694.12,73.6,clean,0,,22,47,drone-pi,aarch64,Raspberry Pi 5 Model B Rev 1.0,true,4
1,qwen2.5-0.5b-instruct-Q4_K_M,0121,16,,,end_of_speech,606.179,,,,,,146.846,459.333,,,,694.12,73.0,clean,0,,13,31,drone-pi,aarch64,Raspberry Pi 5 Model B Rev 1.0,true,4
1,qwen2.5-0.5b-instruct-Q4_K_M,0101,17,,,end_of_speech,923.96,,,,,,273.017,650.943,,,,694.12,73.0,clean,0,,18,40,drone-pi,aarch64,Raspberry Pi 5 Model B Rev 1.0,true,4
1,qwen2.5-0.5b-instruct-Q4_K_M,0032,18,,,end_of_speech,339.731,,,,,,146.823,192.908,,,,694.12,73.6,clean,0,,6,31,drone-pi,aarch64,Raspberry Pi 5 Model B Rev 1.0,true,4
1,qwen2.5-0.5b-instruct-Q4_K_M,0018,19,,,end_of_speech,367.886,,,,,,174.853,193.033,,,,694.12,73.0,clean,0,,6,33,drone-pi,aarch64,Raspberry Pi 5 Model B Rev 1.0,true,4
1,qwen2.5-0.5b-instruct-Q4_K_M,0049,20,,,end_of_speech,1213.073,,,,,,328.825,884.248,,,,694.12,72.5,clean,0,,24,44,drone-pi,aarch64,Raspberry Pi 5 Model B Rev 1.0,true,4
1,qwen2.5-0.5b-instruct-Q4_K_M,0065,21,,,end_of_speech,1032.678,,,,,,38.135,994.543,,,,694.12,72.5,clean,0,,27,51,drone-pi,aarch64,Raspberry Pi 5 Model B Rev 1.0,true,4
1,qwen2.5-0.5b-instruct-Q4_K_M,0110,22,,,end_of_speech,918.26,,,,,,38.368,879.892,,,,694.12,73.0,clean,0,,24,44,drone-pi,aarch64,Raspberry Pi 5 Model B Rev 1.0,true,4
1,qwen2.5-0.5b-instruct-Q4_K_M,0048,23,,,end_of_speech,314.733,,,,,,122.738,191.995,,,,694.12,73.6,clean,0,,6,30,drone-pi,aarch64,Raspberry Pi 5 Model B Rev 1.0,true,4
1,qwen2.5-0.5b-instruct-Q4_K_M,0097,24,,,end_of_speech,391.419,,,,,,199.969,191.45,,,,694.12,73.0,clean,0,,6,35,drone-pi,aarch64,Raspberry Pi 5 Model B Rev 1.0,true,4
1,qwen2.5-0.5b-instruct-Q4_K_M,0127,25,,,end_of_speech,738.548,,,,,,241.689,496.859,,,,694.12,73.0,clean,0,,14,38,drone-pi,aarch64,Raspberry Pi 5 Model B Rev 1.0,true,4
1,qwen2.5-0.5b-instruct-Q4_K_M,0123,26,,,end_of_speech,762.278,,,,,,38.151,724.127,,,,694.12,71.9,clean,0,,20,39,drone-pi,aarch64,Raspberry Pi 5 Model B Rev 1.0,true,4
1,qwen2.5-0.5b-instruct-Q4_K_M,0144,27,,,end_of_speech,493.751,,,,,,38.417,455.334,,,,694.12,73.0,clean,0,,13,38,drone-pi,aarch64,Raspberry Pi 5 Model B Rev 1.0,true,4
1,qwen2.5-0.5b-instruct-Q4_K_M,0057,28,,,end_of_speech,367.03,,,,,,174.56,192.47,,,,694.12,73.6,clean,0,,6,33,drone-pi,aarch64,Raspberry Pi 5 Model B Rev 1.0,true,4
1,qwen2.5-0.5b-instruct-Q4_K_M,0083,29,,,end_of_speech,884.839,,,,,,272.523,612.316,,,,694.12,72.5,clean,0,,17,40,drone-pi,aarch64,Raspberry Pi 5 Model B Rev 1.0,true,4
1,qwen2.5-0.5b-instruct-Q4_K_M,0168,30,,,end_of_speech,505.544,,,,,,160.978,344.566,,,,694.12,71.9,clean,0,,10,34,drone-pi,aarch64,Raspberry Pi 5 Model B Rev 1.0,true,4
1,qwen2.5-0.5b-instruct-Q4_K_M,0134,31,,,end_of_speech,1012.492,,,,,,398.413,614.079,,,,694.12,73.6,clean,0,,17,49,drone-pi,aarch64,Raspberry Pi 5 Model B Rev 1.0,true,4
1,qwen2.5-0.5b-instruct-Q4_K_M,0128,32,,,end_of_speech,763.505,,,,,,37.93,725.575,,,,694.12,73.6,clean,0,,20,44,drone-pi,aarch64,Raspberry Pi 5 Model B Rev 1.0,true,4
1,qwen2.5-0.5b-instruct-Q4_K_M,0092,33,,,end_of_speech,645.837,,,,,,38.329,607.508,,,,694.12,73.6,clean,0,,17,36,drone-pi,aarch64,Raspberry Pi 5 Model B Rev 1.0,true,4
1,qwen2.5-0.5b-instruct-Q4_K_M,0120,34,,,end_of_speech,764.318,,,,,,38.276,726.042,,,,694.12,71.9,clean,0,,20,52,drone-pi,aarch64,Raspberry Pi 5 Model B Rev 1.0,true,4
1,qwen2.5-0.5b-instruct-Q4_K_M,0059,35,,,end_of_speech,724.539,,,,,,38.431,686.108,,,,694.12,72.5,clean,0,,19,43,drone-pi,aarch64,Raspberry Pi 5 Model B Rev 1.0,true,4
1,qwen2.5-0.5b-instruct-Q4_K_M,0141,36,,,end_of_speech,726.23,,,,,,38.415,687.815,,,,694.12,73.6,clean,0,,19,49,drone-pi,aarch64,Raspberry Pi 5 Model B Rev 1.0,true,4
1,qwen2.5-0.5b-instruct-Q4_K_M,0108,37,,,end_of_speech,455.929,,,,,,38.067,417.862,,,,694.12,72.5,clean,0,,12,39,drone-pi,aarch64,Raspberry Pi 5 Model B Rev 1.0,true,4
1,qwen2.5-0.5b-instruct-Q4_K_M,0159,38,,,end_of_speech,646.554,,,,,,38.185,608.369,,,,694.12,72.5,clean,0,,17,39,drone-pi,aarch64,Raspberry Pi 5 Model B Rev 1.0,true,4
1,qwen2.5-0.5b-instruct-Q4_K_M,0056,39,,,end_of_speech,647.683,,,,,,37.961,609.722,,,,694.12,71.9,clean,0,,17,41,drone-pi,aarch64,Raspberry Pi 5 Model B Rev 1.0,true,4
1,qwen2.5-0.5b-instruct-Q4_K_M,0009,40,,,end_of_speech,408.561,,,,,,216.516,192.045,,,,694.12,72.5,clean,0,,6,36,drone-pi,aarch64,Raspberry Pi 5 Model B Rev 1.0,true,4
1,qwen2.5-0.5b-instruct-Q4_K_M,0038,41,,,end_of_speech,1539.262,,,,,,465.615,1073.647,,,,694.12,71.9,clean,0,,29,54,drone-pi,aarch64,Raspberry Pi 5 Model B Rev 1.0,true,4
1,qwen2.5-0.5b-instruct-Q4_K_M,0167,42,,,end_of_speech,646.708,,,,,,38.396,608.312,,,,694.12,71.9,clean,0,,17,37,drone-pi,aarch64,Raspberry Pi 5 Model B Rev 1.0,true,4
1,qwen2.5-0.5b-instruct-Q4_K_M,0114,43,,,end_of_speech,1071.783,,,,,,342.411,729.372,,,,694.12,73.0,clean,0,,20,46,drone-pi,aarch64,Raspberry Pi 5 Model B Rev 1.0,true,4
1,qwen2.5-0.5b-instruct-Q4_K_M,0145,44,,,end_of_speech,366.335,,,,,,174.732,191.603,,,,694.12,73.0,clean,0,,6,33,drone-pi,aarch64,Raspberry Pi 5 Model B Rev 1.0,true,4
1,qwen2.5-0.5b-instruct-Q4_K_M,0137,45,,,end_of_speech,620.17,,,,,,199.828,420.342,,,,694.12,72.5,clean,0,,12,36,drone-pi,aarch64,Raspberry Pi 5 Model B Rev 1.0,true,4
1,qwen2.5-0.5b-instruct-Q4_K_M,0020,46,,,end_of_speech,529.611,,,,,,185.141,344.47,,,,694.12,71.9,clean,0,,10,34,drone-pi,aarch64,Raspberry Pi 5 Model B Rev 1.0,true,4
1,qwen2.5-0.5b-instruct-Q4_K_M,0080,47,,,end_of_speech,353.612,,,,,,160.657,192.955,,,,694.12,72.5,clean,0,,6,32,drone-pi,aarch64,Raspberry Pi 5 Model B Rev 1.0,true,4
1,qwen2.5-0.5b-instruct-Q4_K_M,0069,48,,,end_of_speech,645.186,,,,,,185.477,459.709,,,,694.12,71.9,clean,0,,13,34,drone-pi,aarch64,Raspberry Pi 5 Model B Rev 1.0,true,4
1,qwen2.5-0.5b-instruct-Q4_K_M,0047,49,,,end_of_speech,456.374,,,,,,38.33,418.044,,,,694.12,71.9,clean,0,,12,39,drone-pi,aarch64,Raspberry Pi 5 Model B Rev 1.0,true,4
1,qwen2.5-0.5b-instruct-Q4_K_M,0050,50,,,end_of_speech,454.717,,,,,,37.924,416.793,,,,694.12,71.9,clean,0,,12,38,drone-pi,aarch64,Raspberry Pi 5 Model B Rev 1.0,true,4
1,qwen2.5-0.5b-instruct-Q4_K_M,0172,51,,,end_of_speech,647.022,,,,,,38.43,608.592,,,,694.12,72.5,clean,0,,17,41,drone-pi,aarch64,Raspberry Pi 5 Model B Rev 1.0,true,4
1,qwen2.5-0.5b-instruct-Q4_K_M,0076,52,,,end_of_speech,520.465,,,,,,174.984,345.481,,,,694.12,72.5,clean,0,,10,33,drone-pi,aarch64,Raspberry Pi 5 Model B Rev 1.0,true,4
1,qwen2.5-0.5b-instruct-Q4_K_M,0180,53,,,end_of_speech,1090.882,,,,,,287.816,803.066,,,,694.12,71.9,clean,0,,22,41,drone-pi,aarch64,Raspberry Pi 5 Model B Rev 1.0,true,4
1,qwen2.5-0.5b-instruct-Q4_K_M,0064,54,,,end_of_speech,607.395,,,,,,146.827,460.568,,,,694.12,73.0,clean,0,,13,33,drone-pi,aarch64,Raspberry Pi 5 Model B Rev 1.0,true,4
1,qwen2.5-0.5b-instruct-Q4_K_M,0022,55,,,end_of_speech,646.046,,,,,,38.007,608.039,,,,694.12,73.0,clean,0,,17,34,drone-pi,aarch64,Raspberry Pi 5 Model B Rev 1.0,true,4
1,qwen2.5-0.5b-instruct-Q4_K_M,0149,56,,,end_of_speech,838.574,,,,,,38.19,800.384,,,,694.12,71.4,clean,0,,22,37,drone-pi,aarch64,Raspberry Pi 5 Model B Rev 1.0,true,4
1,qwen2.5-0.5b-instruct-Q4_K_M,0169,57,,,end_of_speech,839.805,,,,,,38.395,801.41,,,,694.12,71.4,clean,0,,22,42,drone-pi,aarch64,Raspberry Pi 5 Model B Rev 1.0,true,4
1,qwen2.5-0.5b-instruct-Q4_K_M,0152,58,,,end_of_speech,636.859,,,,,,216.212,420.647,,,,694.12,71.4,clean,0,,12,38,drone-pi,aarch64,Raspberry Pi 5 Model B Rev 1.0,true,4
1,qwen2.5-0.5b-instruct-Q4_K_M,0010,59,,,end_of_speech,1072.258,,,,,,38.134,1034.124,,,,694.12,70.8,clean,0,,28,53,drone-pi,aarch64,Raspberry Pi 5 Model B Rev 1.0,true,4
1,smollm2-360m-instruct-Q4_K_M-warmup,0151,0,,,end_of_speech,890.356,,,,,,489.117,401.239,,,,439.03,70.8,clean,0,,17,38,drone-pi,aarch64,Raspberry Pi 5 Model B Rev 1.0,true,4
1,smollm2-360m-instruct-Q4_K_M-warmup,0162,1,,,end_of_speech,959.084,,,,,,393.609,565.475,,,,441.31,71.4,clean,0,,23,52,drone-pi,aarch64,Raspberry Pi 5 Model B Rev 1.0,true,4
1,smollm2-360m-instruct-Q4_K_M-warmup,0182,2,,,end_of_speech,345.855,,,,,,189.871,155.984,,,,444.31,71.4,clean,0,,7,36,drone-pi,aarch64,Raspberry Pi 5 Model B Rev 1.0,true,4
1,smollm2-360m-instruct-Q4_K_M-warmup,0072,3,,,end_of_speech,463.869,,,,,,152.674,311.195,,,,444.38,71.9,clean,0,,13,33,drone-pi,aarch64,Raspberry Pi 5 Model B Rev 1.0,true,4
1,smollm2-360m-instruct-Q4_K_M-warmup,0033,4,,,end_of_speech,500.627,,,,,,214.627,286.0,,,,446.17,72.5,clean,0,,12,38,drone-pi,aarch64,Raspberry Pi 5 Model B Rev 1.0,true,4
1,smollm2-360m-instruct-Q4_K_M-warmup,0116,5,,,end_of_speech,657.206,,,,,,291.93,365.276,,,,448.12,71.4,clean,0,,15,44,drone-pi,aarch64,Raspberry Pi 5 Model B Rev 1.0,true,4
1,smollm2-360m-instruct-Q4_K_M-warmup,0105,6,,,end_of_speech,839.875,,,,,,241.442,598.433,,,,450.42,72.5,clean,0,,24,40,drone-pi,aarch64,Raspberry Pi 5 Model B Rev 1.0,true,4
1,smollm2-360m-instruct-Q4_K_M-warmup,0089,7,,,end_of_speech,1364.447,,,,,,445.565,918.882,,,,452.91,72.5,clean,0,,36,58,drone-pi,aarch64,Raspberry Pi 5 Model B Rev 1.0,true,4
1,smollm2-360m-instruct-Q4_K_M-warmup,0062,8,,,end_of_speech,566.199,,,,,,203.256,362.943,,,,456.56,73.0,clean,0,,15,37,drone-pi,aarch64,Raspberry Pi 5 Model B Rev 1.0,true,4
1,smollm2-360m-instruct-Q4_K_M-warmup,0113,9,,,end_of_speech,1216.29,,,,,,328.759,887.531,,,,466.64,71.9,clean,0,,34,47,drone-pi,aarch64,Raspberry Pi 5 Model B Rev 1.0,true,4
1,smollm2-360m-instruct-Q4_K_M-warmup,0193,10,,,end_of_speech,979.294,,,,,,355.208,624.086,,,,466.64,71.9,clean,0,,24,48,drone-pi,aarch64,Raspberry Pi 5 Model B Rev 1.0,true,4
1,smollm2-360m-instruct-Q4_K_M-warmup,0006,11,,,end_of_speech,308.166,,,,,,152.582,155.584,,,,466.64,71.9,clean,0,,7,33,drone-pi,aarch64,Raspberry Pi 5 Model B Rev 1.0,true,4
1,smollm2-360m-instruct-Q4_K_M-warmup,0196,12,,,end_of_speech,630.671,,,,,,241.271,389.4,,,,466.66,73.0,clean,0,,16,40,drone-pi,aarch64,Raspberry Pi 5 Model B Rev 1.0,true,4
1,smollm2-360m-instruct-Q4_K_M-warmup,0186,13,,,end_of_speech,852.778,,,,,,255.527,597.251,,,,468.81,72.5,clean,0,,24,41,drone-pi,aarch64,Raspberry Pi 5 Model B Rev 1.0,true,4
1,smollm2-360m-instruct-Q4_K_M-warmup,0075,14,,,end_of_speech,1151.776,,,,,,418.48,733.296,,,,471.34,71.9,clean,0,,29,54,drone-pi,aarch64,Raspberry Pi 5 Model B Rev 1.0,true,4
1,smollm2-360m-instruct-Q4_K_M-warmup,0131,15,,,end_of_speech,943.94,,,,,,342.791,601.149,,,,474.56,72.5,clean,0,,24,48,drone-pi,aarch64,Raspberry Pi 5 Model B Rev 1.0,true,4
1,smollm2-360m-instruct-Q4_K_M-warmup,0121,16,,,end_of_speech,475.45,,,,,,139.974,335.476,,,,477.34,73.0,clean,0,,14,32,drone-pi,aarch64,Raspberry Pi 5 Model B Rev 1.0,true,4
1,smollm2-360m-instruct-Q4_K_M-warmup,0101,17,,,end_of_speech,748.535,,,,,,255.349,493.186,,,,479.09,73.0,clean,0,,20,41,drone-pi,aarch64,Raspberry Pi 5 Model B Rev 1.0,true,4
1,smollm2-360m-instruct-Q4_K_M-warmup,0032,18,,,end_of_speech,295.311,,,,,,139.941,155.37,,,,481.45,73.0,clean,0,,7,32,drone-pi,aarch64,Raspberry Pi 5 Model B Rev 1.0,true,4
1,smollm2-360m-instruct-Q4_K_M-warmup,0018,19,,,end_of_speech,331.706,,,,,,175.929,155.777,,,,481.45,72.5,clean,0,,7,35,drone-pi,aarch64,Raspberry Pi 5 Model B Rev 1.0,true,4
1,smollm2-360m-instruct-Q4_K_M-warmup,0049,20,,,end_of_speech,969.663,,,,,,291.609,678.054,,,,481.47,72.5,clean,0,,27,44,drone-pi,aarch64,Raspberry Pi 5 Model B Rev 1.0,true,4
1,smollm2-360m-instruct-Q4_K_M-warmup,0065,21,,,end_of_speech,1153.593,,,,,,394.489,759.104,,,,484.22,73.0,clean,0,,30,52,drone-pi,aarch64,Raspberry Pi 5 Model B Rev 1.0,true,4
1,smollm2-360m-instruct-Q4_K_M-warmup,0110,22,,,end_of_speech,983.896,,,,,,305.366,678.53,,,,487.39,72.5,clean,0,,27,45,drone-pi,aarch64,Raspberry Pi 5 Model B Rev 1.0,true,4
1,smollm2-360m-instruct-Q4_K_M-warmup,0048,23,,,end_of_speech,320.7,,,,,,140.002,180.698,,,,490.19,72.5,clean,0,,8,32,drone-pi,aarch64,Raspberry Pi 5 Model B Rev 1.0,true,4
1,smollm2-360m-instruct-Q4_K_M-warmup,0097,24,,,end_of_speech,370.449,,,,,,214.669,155.78,,,,490.19,72.5,clean,0,,7,38,drone-pi,aarch64,Raspberry Pi 5 Model B Rev 1.0,true,4
1,smollm2-360m-instruct-Q4_K_M-warmup,0127,25,,,end_of_speech,643.63,,,,,,227.884,415.746,,,,490.19,74.1,clean,0,,17,39,drone-pi,aarch64,Raspberry Pi 5 Model B Rev 1.0,true,4
1,smollm2-360m-instruct-Q4_K_M-warmup,0123,26,,,end_of_speech,839.012,,,,,,241.554,597.458,,,,492.34,73.6,clean,0,,24,40,drone-pi,aarch64,Raspberry Pi 5 Model B Rev 1.0,true,4
1,smollm2-360m-instruct-Q4_K_M-warmup,0144,27,,,end_of_speech,565.654,,,,,,228.326,337.328,,,,494.81,73.6,clean,0,,14,39,drone-pi,aarch64,Raspberry Pi 5 Model B Rev 1.0,true,4
1,smollm2-360m-instruct-Q4_K_M-warmup,0057,28,,,end_of_speech,308.1,,,,,,152.799,155.301,,,,496.86,73.6,clean,0,,7,33,drone-pi,aarch64,Raspberry Pi 5 Model B Rev 1.0,true,4
1,smollm2-360m-instruct-Q4_K_M-warmup,0083,29,,,end_of_speech,719.936,,,,,,278.496,441.44,,,,496.86,72.5,clean,0,,18,43,drone-pi,aarch64,Raspberry Pi 5 Model B Rev 1.0,true,4
1,smollm2-360m-instruct-Q4_K_M-warmup,0168,30,,,end_of_speech,437.922,,,,,,152.81,285.112,,,,497.11,74.1,clean,0,,12,35,drone-pi,aarch64,Raspberry Pi 5 Model B Rev 1.0,true,4
1,smollm2-360m-instruct-Q4_K_M-warmup,0134,31,,,end_of_speech,824.797,,,,,,380.841,443.956,,,,498.92,73.6,clean,0,,18,51,drone-pi,aarch64,Raspberry Pi 5 Model B Rev 1.0,true,4
1,smollm2-360m-instruct-Q4_K_M-warmup,0128,32,,,end_of_speech,878.018,,,,,,305.266,572.752,,,,501.59,72.5,clean,0,,23,45,drone-pi,aarch64,Raspberry Pi 5 Model B Rev 1.0,true,4
1,smollm2-360m-instruct-Q4_K_M-warmup,0092,33,,,end_of_speech,631.271,,,,,,189.783,441.488,,,,501.94,73.0,clean,0,,18,37,drone-pi,aarch64,Raspberry Pi 5 Model B Rev 1.0,true,4
1,smollm2-360m-instruct-Q4_K_M-warmup,0120,34,,,end_of_speech,983.921,,,,,,408.155,575.766,,,,504.05,73.0,clean,0,,23,53,drone-pi,aarch64,Raspberry Pi 5 Model B Rev 1.0,true,4
1,smollm2-360m-instruct-Q4_K_M-warmup,0059,35,,,end_of_speech,812.046,,,,,,291.613,520.433,,,,506.98,73.0,clean,0,,21,44,drone-pi,aarch64,Raspberry Pi 5 Model B Rev 1.0,true,4
1,smollm2-360m-instruct-Q4_K_M-warmup,0141,36,,,end_of_speech,1029.211,,,,,,367.812,661.399,,,,514.06,72.5,clean,0,,26,50,drone-pi,aarch64,Raspberry Pi 5 Model B Rev 1.0,true,4
1,smollm2-360m-instruct-Q4_K_M-warmup,0108,37,,,end_of_speech,592.289,,,,,,255.409,336.88,,,,514.06,72.5,clean,0,,14,41,drone-pi,aarch64,Raspberry Pi 5 Model B Rev 1.0,true,4
1,smollm2-360m-instruct-Q4_K_M-warmup,0159,38,,,end_of_speech,708.891,,,,,,241.398,467.493,,,,514.58,74.1,clean,0,,19,40,drone-pi,aarch64,Raspberry Pi 5 Model B Rev 1.0,true,4
1,smollm2-360m-instruct-Q4_K_M-warmup,0056,39,,,end_of_speech,706.243,,,,,,264.553,441.69,,,,516.84,72.5,clean,0,,18,42,drone-pi,aarch64,Raspberry Pi 5 Model B Rev 1.0,true,4
1,smollm2-360m-instruct-Q4_K_M-warmup,0009,40,,,end_of_speech,358.714,,,,,,202.942,155.772,,,,519.16,73.0,clean,0,,7,37,drone-pi,aarch64,Raspberry Pi 5 Model B Rev 1.0,true,4
1,smollm2-360m-instruct-Q4_K_M-warmup,0038,41,,,end_of_speech,1259.041,,,,,,445.148,813.893,,,,519.17,73.0,clean,0,,32,56,drone-pi,aarch64,Raspberry Pi 5 Model B Rev 1.0,true,4
1,smollm2-360m-instruct-Q4_K_M-warmup,0167,42,,,end_of_speech,644.214,,,,,,203.168,441.046,,,,522.58,72.5,clean,0,,18,37,drone-pi,aarch64,Raspberry Pi 5 Model B Rev 1.0,true,4
1,smollm2-360m-instruct-Q4_K_M-warmup,0114,43,,,end_of_speech,878.656,,,,,,305.599,573.057,,,,524.69,74.1,clean,0,,23,46,drone-pi,aarch64,Raspberry Pi 5 Model B Rev 1.0,true,4
1,smollm2-360m-instruct-Q4_K_M-warmup,0145,44,,,end_of_speech,334.432,,,,,,152.922,181.51,,,,527.36,72.5,clean,0,,8,34,drone-pi,aarch64,Raspberry Pi 5 Model B Rev 1.0,true,4
1,smollm2-360m-instruct-Q4_K_M-warmup,0137,45,,,end_of_speech,345.732,,,,,,189.753,155.979,,,,527.38,73.6,clean,0,,7,37,drone-pi,aarch64,Raspberry Pi 5 Model B Rev 1.0,true,4
1,smollm2-360m-instruct-Q4_K_M-warmup,0020,46,,,end_of_speech,474.385,,,,,,189.502,284.883,,,,527.38,73.6,clean,0,,12,36,drone-pi,aarch64,Raspberry Pi 5 Model B Rev 1.0,true,4
1,smollm2-360m-instruct-Q4_K_M-warmup,0080,47,,,end_of_speech,308.233,,,,,,152.732,155.501,,,,527.38,73.0,clean,0,,7,33,drone-pi,aarch64,Raspberry Pi 5 Model B Rev 1.0,true,4
1,smollm2-360m-instruct-Q4_K_M-warmup,0069,48,,,end_of_speech,526.418,,,,,,189.536,336.882,,,,527.38,74.1,clean,0,,14,36,drone-pi,aarch64,Raspberry Pi 5 Model B Rev 1.0,true,4
1,smollm2-360m-instruct-Q4_K_M-warmup,0047,49,,,end_of_speech,552.377,,,,,,241.352,311.025,,,,529.28,73.6,clean,0,,13,40,drone-pi,aarch64,Raspberry Pi 5 Model B Rev 1.0,true,4
1,smollm2-360m-instruct-Q4_K_M-warmup,0050,50,,,end_of_speech,565.193,,,,,,228.07,337.123,,,,531.31,72.5,clean,0,,14,39,drone-pi,aarch64,Raspberry Pi 5 Model B Rev 1.0,true,4
1,smollm2-360m-instruct-Q4_K_M-warmup,0172,51,,,end_of_speech,697.013,,,,,,255.304,441.709,,,,533.36,69.7,clean,0,,18,41,drone-pi,aarch64,Raspberry Pi 5 Model B Rev 1.0,true,4
1,smollm2-360m-instruct-Q4_K_M-warmup,0076,52,,,end_of_speech,473.397,,,,,,162.825,310.572,,,,535.64,73.0,clean,0,,13,34,drone-pi,aarch64,Raspberry Pi 5 Model B Rev 1.0,true,4
1,smollm2-360m-instruct-Q4_K_M-warmup,0180,53,,,end_of_speech,888.903,,,,,,264.518,624.385,,,,537.44,74.1,clean,0,,25,42,drone-pi,aarch64,Raspberry Pi 5 Model B Rev 1.0,true,4
1,smollm2-360m-instruct-Q4_K_M-warmup,0064,54,,,end_of_speech,476.683,,,,,,140.216,336.467,,,,537.98,73.6,clean,0,,14,34,drone-pi,aarch64,Raspberry Pi 5 Model B Rev 1.0,true,4
1,smollm2-360m-instruct-Q4_K_M-warmup,0022,55,,,end_of_speech,602.804,,,,,,162.942,439.862,,,,539.81,73.0,clean,0,,18,34,drone-pi,aarch64,Raspberry Pi 5 Model B Rev 1.0,true,4
1,smollm2-360m-instruct-Q4_K_M-warmup,0149,56,,,end_of_speech,811.341,,,,,,214.573,596.768,,,,541.81,74.1,clean,0,,24,38,drone-pi,aarch64,Raspberry Pi 5 Model B Rev 1.0,true,4
1,smollm2-360m-instruct-Q4_K_M-warmup,0169,57,,,end_of_speech,889.68,,,,,,265.035,624.645,,,,542.28,74.1,clean,0,,25,44,drone-pi,aarch64,Raspberry Pi 5 Model B Rev 1.0,true,4
1,smollm2-360m-instruct-Q4_K_M-warmup,0152,58,,,end_of_speech,514.541,,,,,,203.662,310.879,,,,544.95,72.5,clean,0,,13,39,drone-pi,aarch64,Raspberry Pi 5 Model B Rev 1.0,true,4
1,smollm2-360m-instruct-Q4_K_M-warmup,0010,59,,,end_of_speech,1195.289,,,,,,408.919,786.37,,,,544.95,73.6,clean,0,,31,55,drone-pi,aarch64,Raspberry Pi 5 Model B Rev 1.0,true,4
1,smollm2-360m-instruct-Q4_K_M-warmup,0151,60,,,end_of_speech,592.553,,,,,,176.571,415.982,,,,546.12,72.5,clean,0,,17,38,drone-pi,aarch64,Raspberry Pi 5 Model B Rev 1.0,true,4
1,smollm2-360m-instruct-Q4_K_M-warmup,0162,61,,,end_of_speech,599.945,,,,,,26.779,573.166,,,,546.12,73.0,clean,0,,23,52,drone-pi,aarch64,Raspberry Pi 5 Model B Rev 1.0,true,4
1,smollm2-360m-instruct-Q4_K_M-warmup,0182,62,,,end_of_speech,345.693,,,,,,189.762,155.931,,,,548.22,73.6,clean,0,,7,36,drone-pi,aarch64,Raspberry Pi 5 Model B Rev 1.0,true,4
1,smollm2-360m-instruct-Q4_K_M-warmup,0072,63,,,end_of_speech,463.289,,,,,,152.569,310.72,,,,548.22,73.6,clean,0,,13,33,drone-pi,aarch64,Raspberry Pi 5 Model B Rev 1.0,true,4
1,smollm2-360m-instruct-Q4_K_M-warmup,0033,64,,,end_of_speech,475.352,,,,,,189.844,285.508,,,,548.23,73.0,clean,0,,12,38,drone-pi,aarch64,Raspberry Pi 5 Model B Rev 1.0,true,4
1,smollm2-360m-instruct-Q4_K_M-warmup,0116,65,,,end_of_speech,656.299,,,,,,291.666,364.633,,,,548.23,74.1,clean,0,,15,44,drone-pi,aarch64,Raspberry Pi 5 Model B Rev 1.0,true,4
1,smollm2-360m-instruct-Q4_K_M-warmup,0105,66,,,end_of_speech,623.167,,,,,,26.447,596.72,,,,548.23,74.1,clean,0,,24,40,drone-pi,aarch64,Raspberry Pi 5 Model B Rev 1.0,true,4
1,smollm2-360m-instruct-Q4_K_M-warmup,0089,67,,,end_of_speech,945.354,,,,,,26.789,918.565,,,,548.05,73.0,clean,0,,36,58,drone-pi,aarch64,Raspberry Pi 5 Model B Rev 1.0,true,4
1,smollm2-360m-instruct-Q4_K_M-warmup,0062,68,,,end_of_speech,389.967,,,,,,26.492,363.475,,,,548.5,74.1,clean,0,,15,37,drone-pi,aarch64,Raspberry Pi 5 Model B Rev 1.0,true,4
1,smollm2-360m-instruct-Q4_K_M-warmup,0113,69,,,end_of_speech,896.536,,,,,,26.559,869.977,,,,552.02,74.7,clean,0,,34,47,drone-pi,aarch64,Raspberry Pi 5 Model B Rev 1.0,true,4
1,smollm2-360m-instruct-Q4_K_M-warmup,0193,70,,,end_of_speech,915.737,,,,,,315.508,600.229,,,,552.02,73.6,clean,0,,24,48,drone-pi,aarch64,Raspberry Pi 5 Model B Rev 1.0,true,4
1,smollm2-360m-instruct-Q4_K_M-warmup,0006,71,,,end_of_speech,308.241,,,,,,152.558,155.683,,,,550.22,74.1,clean,0,,7,33,drone-pi,aarch64,Raspberry Pi 5 Model B Rev 1.0,true,4
1,smollm2-360m-instruct-Q4_K_M-warmup,0196,72,,,end_of_speech,630.37,,,,,,241.356,389.014,,,,550.22,73.6,clean,0,,16,40,drone-pi,aarch64,Raspberry Pi 5 Model B Rev 1.0,true,4
1,smollm2-360m-instruct-Q4_K_M-warmup,0186,73,,,end_of_speech,622.893,,,,,,25.936,596.957,,,,550.22,74.1,clean,0,,24,41,drone-pi,aarch64,Raspberry Pi 5 Model B Rev 1.0,true,4
1,smollm2-360m-instruct-Q4_K_M-warmup,0075,74,,,end_of_speech,758.314,,,,,,26.614,731.7,,,,547.7,73.0,clean,0,,29,54,drone-pi,aarch64,Raspberry Pi 5 Model B Rev 1.0,true,4
1,smollm2-360m-instruct-Q4_K_M-warmup,0131,75,,,end_of_speech,625.805,,,,,,26.679,599.126,,,,547.41,73.6,clean,0,,24,48,drone-pi,aarch64,Raspberry Pi 5 Model B Rev 1.0,true,4
1,smollm2-360m-instruct-Q4_K_M-warmup,0121,76,,,end_of_speech,476.494,,,,,,139.933,336.561,,,,550.19,73.6,clean,0,,14,32,drone-pi,aarch64,Raspberry Pi 5 Model B Rev 1.0,true,4
1,smollm2-360m-instruct-Q4_K_M-warmup,0101,77,,,end_of_speech,519.189,,,,,,26.515,492.674,,,,550.19,74.1,clean,0,,20,41,drone-pi,aarch64,Raspberry Pi 5 Model B Rev 1.0,true,4
1,smollm2-360m-instruct-Q4_K_M-warmup,0032,78,,,end_of_speech,295.038,,,,,,139.987,155.051,,,,551.94,73.0,clean,0,,7,32,drone-pi,aarch64,Raspberry Pi 5 Model B Rev 1.0,true,4
1,smollm2-360m-instruct-Q4_K_M-warmup,0018,79,,,end_of_speech,332.136,,,,,,176.216,155.92,,,,551.94,74.1,clean,0,,7,35,drone-pi,aarch64,Raspberry Pi 5 Model B Rev 1.0,true,4
1,smollm2-360m-instruct-Q4_K_M-warmup,0049,80,,,end_of_speech,969.521,,,,,,291.465,678.056,,,,551.94,72.5,clean,0,,27,44,drone-pi,aarch64,Raspberry Pi 5 Model B Rev 1.0,true,4
1,smollm2-360m-instruct-Q4_K_M-warmup,0065,81,,,end_of_speech,783.062,,,,,,26.149,756.913,,,,551.94,73.0,clean,0,,30,52,drone-pi,aarch64,Raspberry Pi 5 Model B Rev 1.0,true,4
1,smollm2-360m-instruct-Q4_K_M-warmup,0110,82,,,end_of_speech,702.865,,,,,,26.663,676.202,,,,549.14,73.0,clean,0,,27,45,drone-pi,aarch64,Raspberry Pi 5 Model B Rev 1.0,true,4
1,smollm2-360m-instruct-Q4_K_M-warmup,0048,83,,,end_of_speech,293.205,,,,,,112.576,180.629,,,,549.56,69.7,clean,0,,8,32,drone-pi,aarch64,Raspberry Pi 5 Model B Rev 1.0,true,4
1,smollm2-360m-instruct-Q4_K_M-warmup,0097,84,,,end_of_speech,369.886,,,,,,214.386,155.5,,,,549.56,73.0,clean,0,,7,38,drone-pi,aarch64,Raspberry Pi 5 Model B Rev 1.0,true,4
1,smollm2-360m-instruct-Q4_K_M-warmup,0127,85,,,end_of_speech,643.013,,,,,,228.174,414.839,,,,549.56,73.0,clean,0,,17,39,drone-pi,aarch64,Raspberry Pi 5 Model B Rev 1.0,true,4
1,smollm2-360m-instruct-Q4_K_M-warmup,0123,86,,,end_of_speech,622.198,,,,,,26.679,595.519,,,,549.56,73.0,clean,0,,24,40,drone-pi,aarch64,Raspberry Pi 5 Model B Rev 1.0,true,4
1,smollm2-360m-instruct-Q4_K_M-warmup,0144,87,,,end_of_speech,540.372,,,,,,203.686,336.686,,,,551.7,73.0,clean,0,,14,39,drone-pi,aarch64,Raspberry Pi 5 Model B Rev 1.0,true,4
1,smollm2-360m-instruct-Q4_K_M-warmup,0057,88,,,end_of_speech,308.105,,,,,,152.686,155.419,,,,553.73,74.1,clean,0,,7,33,drone-pi,aarch64,Raspberry Pi 5 Model B Rev 1.0,true,4
1,smollm2-360m-instruct-Q4_K_M-warmup,0083,89,,,end_of_speech,720.44,,,,,,278.567,441.873,,,,553.73,73.6,clean,0,,18,43,drone-pi,aarch64,Raspberry Pi 5 Model B Rev 1.0,true,4
1,smollm2-360m-instruct-Q4_K_M-warmup,0168,90,,,end_of_speech,437.667,,,,,,152.89,284.777,,,,556.08,72.5,clean,0,,12,35,drone-pi,aarch64,Raspberry Pi 5 Model B Rev 1.0,true,4
1,smollm2-360m-instruct-Q4_K_M-warmup,0134,91,,,end_of_speech,469.532,,,,,,26.573,442.959,,,,556.08,73.0,clean,0,,18,51,drone-pi,aarch64,Raspberry Pi 5 Model B Rev 1.0,true,4
1,smollm2-360m-instruct-Q4_K_M-warmup,0128,92,,,end_of_speech,598.696,,,,,,26.499,572.197,,,,553.44,73.6,clean,0,,23,45,drone-pi,aarch64,Raspberry Pi 5 Model B Rev 1.0,true,4
1,smollm2-360m-instruct-Q4_K_M-warmup,0092,93,,,end_of_speech,630.536,,,,,,189.746,440.79,,,,553.44,74.1,clean,0,,18,37,drone-pi,aarch64,Raspberry Pi 5 Model B Rev 1.0,true,4
1,smollm2-360m-instruct-Q4_K_M-warmup,0120,94,,,end_of_speech,600.747,,,,,,26.656,574.091,,,,553.39,73.0,clean,0,,23,53,drone-pi,aarch64,Raspberry Pi 5 Model B Rev 1.0,true,4
1,smollm2-360m-instruct-Q4_K_M-warmup,0059,95,,,end_of_speech,545.667,,,,,,26.564,519.103,,,,550.86,74.1,clean,0,,21,44,drone-pi,aarch64,Raspberry Pi 5 Model B Rev 1.0,true,4
1,smollm2-360m-instruct-Q4_K_M-warmup,0141,96,,,end_of_speech,679.645,,,,,,26.717,652.928,,,,553.38,74.7,clean,0,,26,50,drone-pi,aarch64,Raspberry Pi 5 Model B Rev 1.0,true,4
1,smollm2-360m-instruct-Q4_K_M-warmup,0108,97,,,end_of_speech,362.43,,,,,,26.379,336.051,,,,553.38,71.9,clean,0,,14,41,drone-pi,aarch64,Raspberry Pi 5 Model B Rev 1.0,true,4
1,smollm2-360m-instruct-Q4_K_M-warmup,0159,98,,,end_of_speech,492.603,,,,,,26.249,466.354,,,,553.39,70.8,clean,0,,19,40,drone-pi,aarch64,Raspberry Pi 5 Model B Rev 1.0,true,4
1,smollm2-360m-instruct-Q4_K_M-warmup,0056,99,,,end_of_speech,471.035,,,,,,28.108,442.927,,,,553.39,73.6,clean,0,,18,42,drone-pi,aarch64,Raspberry Pi 5 Model B Rev 1.0,true,4
1,smollm2-360m-instruct-Q4_K_M-warmup,0009,100,,,end_of_speech,358.798,,,,,,203.089,155.709,,,,553.39,73.6,clean,0,,7,37,drone-pi,aarch64,Raspberry Pi 5 Model B Rev 1.0,true,4
1,smollm2-360m-instruct-Q4_K_M-warmup,0038,101,,,end_of_speech,1258.479,,,,,,445.048,813.431,,,,553.39,74.1,clean,0,,32,56,drone-pi,aarch64,Raspberry Pi 5 Model B Rev 1.0,true,4
1,smollm2-360m-instruct-Q4_K_M-warmup,0167,102,,,end_of_speech,466.363,,,,,,26.326,440.037,,,,556.8,74.1,clean,0,,18,37,drone-pi,aarch64,Raspberry Pi 5 Model B Rev 1.0,true,4
1,smollm2-360m-instruct-Q4_K_M-warmup,0114,103,,,end_of_speech,879.138,,,,,,292.129,587.009,,,,556.8,73.6,clean,0,,23,46,drone-pi,aarch64,Raspberry Pi 5 Model B Rev 1.0,true,4
1,smollm2-360m-instruct-Q4_K_M-warmup,0145,104,,,end_of_speech,348.817,,,,,,160.653,188.164,,,,559.45,73.0,clean,0,,8,34,drone-pi,aarch64,Raspberry Pi 5 Model B Rev 1.0,true,4
1,smollm2-360m-instruct-Q4_K_M-warmup,0137,105,,,end_of_speech,356.729,,,,,,194.585,162.144,,,,559.45,73.6,clean,0,,7,37,drone-pi,aarch64,Raspberry Pi 5 Model B Rev 1.0,true,4
1,smollm2-360m-instruct-Q4_K_M-warmup,0020,106,,,end_of_speech,474.384,,,,,,189.587,284.797,,,,559.45,73.6,clean,0,,12,36,drone-pi,aarch64,Raspberry Pi 5 Model B Rev 1.0,true,4
1,smollm2-360m-instruct-Q4_K_M-warmup,0080,107,,,end_of_speech,308.593,,,,,,152.694,155.899,,,,559.45,72.5,clean,0,,7,33,drone-pi,aarch64,Raspberry Pi 5 Model B Rev 1.0,true,4
1,smollm2-360m-instruct-Q4_K_M-warmup,0069,108,,,end_of_speech,527.329,,,,,,189.661,337.668,,,,559.45,74.1,clean,0,,14,36,drone-pi,aarch64,Raspberry Pi 5 Model B Rev 1.0,true,4
1,smollm2-360m-instruct-Q4_K_M-warmup,0047,109,,,end_of_speech,336.52,,,,,,25.858,310.662,,,,559.45,73.6,clean,0,,13,40,drone-pi,aarch64,Raspberry Pi 5 Model B Rev 1.0,true,4
1,smollm2-360m-instruct-Q4_K_M-warmup,0050,110,,,end_of_speech,361.944,,,,,,26.333,335.611,,,,559.45,74.7,clean,0,,14,39,drone-pi,aarch64,Raspberry Pi 5 Model B Rev 1.0,true,4
1,smollm2-360m-instruct-Q4_K_M-warmup,0172,111,,,end_of_speech,467.953,,,,,,26.401,441.552,,,,559.45,72.5,clean,0,,18,41,drone-pi,aarch64,Raspberry Pi 5 Model B Rev 1.0,true,4
1,smollm2-360m-instruct-Q4_K_M-warmup,0076,112,,,end_of_speech,335.835,,,,,,26.338,309.497,,,,559.45,72.5,clean,0,,13,34,drone-pi,aarch64,Raspberry Pi 5 Model B Rev 1.0,true,4
1,smollm2-360m-instruct-Q4_K_M-warmup,0180,113,,,end_of_speech,650.57,,,,,,26.467,624.103,,,,559.45,73.6,clean,0,,25,42,drone-pi,aarch64,Raspberry Pi 5 Model B Rev 1.0,true,4
1,smollm2-360m-instruct-Q4_K_M-warmup,0064,114,,,end_of_speech,476.187,,,,,,140.119,336.068,,,,559.44,74.1,clean,0,,14,34,drone-pi,aarch64,Raspberry Pi 5 Model B Rev 1.0,true,4
1,smollm2-360m-instruct-Q4_K_M-warmup,0022,115,,,end_of_speech,465.5,,,,,,26.295,439.205,,,,559.44,73.0,clean,0,,18,34,drone-pi,aarch64,Raspberry Pi 5 Model B Rev 1.0,true,4
1,smollm2-360m-instruct-Q4_K_M-warmup,0149,116,,,end_of_speech,623.392,,,,,,26.372,597.02,,,,559.44,73.0,clean,0,,24,38,drone-pi,aarch64,Raspberry Pi 5 Model B Rev 1.0,true,4
1,smollm2-360m-instruct-Q4_K_M-warmup,0169,117,,,end_of_speech,650.585,,,,,,26.512,624.073,,,,557.05,72.5,clean,0,,25,44,drone-pi,aarch64,Raspberry Pi 5 Model B Rev 1.0,true,4
1,smollm2-360m-instruct-Q4_K_M-warmup,0152,118,,,end_of_speech,336.857,,,,,,26.407,310.45,,,,559.42,72.5,clean,0,,13,39,drone-pi,aarch64,Raspberry Pi 5 Model B Rev 1.0,true,4
1,smollm2-360m-instruct-Q4_K_M-warmup,0010,119,,,end_of_speech,811.959,,,,,,26.607,785.352,,,,559.42,74.1,clean,0,,31,55,drone-pi,aarch64,Raspberry Pi 5 Model B Rev 1.0,true,4
1,smollm2-360m-instruct-Q4_K_M-warmup,0151,120,,,end_of_speech,604.528,,,,,,189.892,414.636,,,,559.41,74.1,clean,0,,17,38,drone-pi,aarch64,Raspberry Pi 5 Model B Rev 1.0,true,4
1,smollm2-360m-instruct-Q4_K_M-warmup,0162,121,,,end_of_speech,600.026,,,,,,26.543,573.483,,,,559.41,73.0,clean,0,,23,52,drone-pi,aarch64,Raspberry Pi 5 Model B Rev 1.0,true,4
1,smollm2-360m-instruct-Q4_K_M-warmup,0182,122,,,end_of_speech,345.449,,,,,,189.699,155.75,,,,559.41,73.0,clean,0,,7,36,drone-pi,aarch64,Raspberry Pi 5 Model B Rev 1.0,true,4
1,smollm2-360m-instruct-Q4_K_M-warmup,0072,123,,,end_of_speech,463.469,,,,,,152.791,310.678,,,,559.41,74.1,clean,0,,13,33,drone-pi,aarch64,Raspberry Pi 5 Model B Rev 1.0,true,4
1,smollm2-360m-instruct-Q4_K_M-warmup,0033,124,,,end_of_speech,474.976,,,,,,189.84,285.136,,,,559.41,74.1,clean,0,,12,38,drone-pi,aarch64,Raspberry Pi 5 Model B Rev 1.0,true,4
1,smollm2-360m-instruct-Q4_K_M-warmup,0116,125,,,end_of_speech,655.673,,,,,,291.639,364.034,,,,559.41,73.6,clean,0,,15,44,drone-pi,aarch64,Raspberry Pi 5 Model B Rev 1.0,true,4
1,smollm2-360m-instruct-Q4_K_M-warmup,0105,126,,,end_of_speech,622.903,,,,,,26.632,596.271,,,,561.67,73.6,clean,0,,24,40,drone-pi,aarch64,Raspberry Pi 5 Model B Rev 1.0,true,4
1,smollm2-360m-instruct-Q4_K_M-warmup,0089,127,,,end_of_speech,944.73,,,,,,26.758,917.972,,,,561.67,72.5,clean,0,,36,58,drone-pi,aarch64,Raspberry Pi 5 Model B Rev 1.0,true,4
1,smollm2-360m-instruct-Q4_K_M-warmup,0062,128,,,end_of_speech,387.715,,,,,,26.213,361.502,,,,561.67,72.5,clean,0,,15,37,drone-pi,aarch64,Raspberry Pi 5 Model B Rev 1.0,true,4
1,smollm2-360m-instruct-Q4_K_M-warmup,0113,129,,,end_of_speech,896.071,,,,,,26.538,869.533,,,,561.69,73.6,clean,0,,34,47,drone-pi,aarch64,Raspberry Pi 5 Model B Rev 1.0,true,4
1,smollm2-360m-instruct-Q4_K_M-warmup,0193,130,,,end_of_speech,625.731,,,,,,26.483,599.248,,,,561.69,73.0,clean,0,,24,48,drone-pi,aarch64,Raspberry Pi 5 Model B Rev 1.0,true,4
1,smollm2-360m-instruct-Q4_K_M-warmup,0006,131,,,end_of_speech,309.061,,,,,,152.765,156.296,,,,561.69,74.1,clean,0,,7,33,drone-pi,aarch64,Raspberry Pi 5 Model B Rev 1.0,true,4
1,smollm2-360m-instruct-Q4_K_M-warmup,0196,132,,,end_of_speech,630.985,,,,,,241.41,389.575,,,,561.69,72.5,clean,0,,16,40,drone-pi,aarch64,Raspberry Pi 5 Model B Rev 1.0,true,4
1,smollm2-360m-instruct-Q4_K_M-warmup,0186,133,,,end_of_speech,622.988,,,,,,26.143,596.845,,,,561.69,73.0,clean,0,,24,41,drone-pi,aarch64,Raspberry Pi 5 Model B Rev 1.0,true,4
1,smollm2-360m-instruct-Q4_K_M-warmup,0075,134,,,end_of_speech,758.273,,,,,,26.625,731.648,,,,561.69,73.0,clean,0,,29,54,drone-pi,aarch64,Raspberry Pi 5 Model B Rev 1.0,true,4
1,smollm2-360m-instruct-Q4_K_M-warmup,0131,135,,,end_of_speech,624.91,,,,,,26.484,598.426,,,,561.69,72.5,clean,0,,24,48,drone-pi,aarch64,Raspberry Pi 5 Model B Rev 1.0,true,4
1,smollm2-360m-instruct-Q4_K_M-warmup,0121,136,,,end_of_speech,476.115,,,,,,139.931,336.184,,,,561.69,72.5,clean,0,,14,32,drone-pi,aarch64,Raspberry Pi 5 Model B Rev 1.0,true,4
1,smollm2-360m-instruct-Q4_K_M-warmup,0101,137,,,end_of_speech,518.013,,,,,,26.101,491.912,,,,561.69,74.1,clean,0,,20,41,drone-pi,aarch64,Raspberry Pi 5 Model B Rev 1.0,true,4
1,smollm2-360m-instruct-Q4_K_M-warmup,0032,138,,,end_of_speech,295.41,,,,,,139.973,155.437,,,,561.69,73.6,clean,0,,7,32,drone-pi,aarch64,Raspberry Pi 5 Model B Rev 1.0,true,4
1,smollm2-360m-instruct-Q4_K_M-warmup,0018,139,,,end_of_speech,331.561,,,,,,176.068,155.493,,,,561.69,73.6,clean,0,,7,35,drone-pi,aarch64,Raspberry Pi 5 Model B Rev 1.0,true,4
1,smollm2-360m-instruct-Q4_K_M-warmup,0049,140,,,end_of_speech,968.561,,,,,,291.432,677.129,,,,561.69,73.6,clean,0,,27,44,drone-pi,aarch64,Raspberry Pi 5 Model B Rev 1.0,true,4
1,smollm2-360m-instruct-Q4_K_M-warmup,0065,141,,,end_of_speech,783.345,,,,,,26.078,757.267,,,,561.69,72.5,clean,0,,30,52,drone-pi,aarch64,Raspberry Pi 5 Model B Rev 1.0,true,4
1,smollm2-360m-instruct-Q4_K_M-warmup,0110,142,,,end_of_speech,702.031,,,,,,26.338,675.693,,,,561.69,73.6,clean,0,,27,45,drone-pi,aarch64,Raspberry Pi 5 Model B Rev 1.0,true,4
1,smollm2-360m-instruct-Q4_K_M-warmup,0048,143,,,end_of_speech,293.222,,,,,,112.563,180.659,,,,561.69,73.0,clean,0,,8,32,drone-pi,aarch64,Raspberry Pi 5 Model B Rev 1.0,true,4
1,smollm2-360m-instruct-Q4_K_M-warmup,0097,144,,,end_of_speech,370.277,,,,,,214.452,155.825,,,,561.69,73.0,clean,0,,7,38,drone-pi,aarch64,Raspberry Pi 5 Model B Rev 1.0,true,4
1,smollm2-360m-instruct-Q4_K_M-warmup,0127,145,,,end_of_speech,643.427,,,,,,227.974,415.453,,,,561.69,73.6,clean,0,,17,39,drone-pi,aarch64,Raspberry Pi 5 Model B Rev 1.0,true,4
1,smollm2-360m-instruct-Q4_K_M-warmup,0123,146,,,end_of_speech,622.471,,,,,,25.925,596.546,,,,561.69,73.6,clean,0,,24,40,drone-pi,aarch64,Raspberry Pi 5 Model B Rev 1.0,true,4
1,smollm2-360m-instruct-Q4_K_M-warmup,0144,147,,,end_of_speech,540.452,,,,,,203.573,336.879,,,,561.69,73.6,clean,0,,14,39,drone-pi,aarch64,Raspberry Pi 5 Model B Rev 1.0,true,4
1,smollm2-360m-instruct-Q4_K_M-warmup,0057,148,,,end_of_speech,308.304,,,,,,152.734,155.57,,,,561.69,73.6,clean,0,,7,33,drone-pi,aarch64,Raspberry Pi 5 Model B Rev 1.0,true,4
1,smollm2-360m-instruct-Q4_K_M-warmup,0083,149,,,end_of_speech,720.533,,,,,,278.621,441.912,,,,561.69,74.1,clean,0,,18,43,drone-pi,aarch64,Raspberry Pi 5 Model B Rev 1.0,true,4
1,smollm2-360m-instruct-Q4_K_M-warmup,0168,150,,,end_of_speech,437.357,,,,,,152.896,284.461,,,,561.69,74.1,clean,0,,12,35,drone-pi,aarch64,Raspberry Pi 5 Model B Rev 1.0,true,4
1,smollm2-360m-instruct-Q4_K_M-warmup,0134,151,,,end_of_speech,469.792,,,,,,26.631,443.161,,,,561.69,74.1,clean,0,,18,51,drone-pi,aarch64,Raspberry Pi 5 Model B Rev 1.0,true,4
1,smollm2-360m-instruct-Q4_K_M-warmup,0128,152,,,end_of_speech,598.347,,,,,,26.406,571.941,,,,561.69,73.0,clean,0,,23,45,drone-pi,aarch64,Raspberry Pi 5 Model B Rev 1.0,true,4
1,smollm2-360m-instruct-Q4_K_M-warmup,0092,153,,,end_of_speech,466.607,,,,,,26.305,440.302,,,,561.69,72.5,clean,0,,18,37,drone-pi,aarch64,Raspberry Pi 5 Model B Rev 1.0,true,4
1,smollm2-360m-instruct-Q4_K_M-warmup,0120,154,,,end_of_speech,599.858,,,,,,26.573,573.285,,,,561.69,71.9,clean,0,,23,53,drone-pi,aarch64,Raspberry Pi 5 Model B Rev 1.0,true,4
1,smollm2-360m-instruct-Q4_K_M-warmup,0059,155,,,end_of_speech,545.264,,,,,,26.382,518.882,,,,561.69,71.9,clean,0,,21,44,drone-pi,aarch64,Raspberry Pi 5 Model B Rev 1.0,true,4
1,smollm2-360m-instruct-Q4_K_M-warmup,0141,156,,,end_of_speech,678.826,,,,,,26.569,652.257,,,,561.69,74.1,clean,0,,26,50,drone-pi,aarch64,Raspberry Pi 5 Model B Rev 1.0,true,4
1,smollm2-360m-instruct-Q4_K_M-warmup,0108,157,,,end_of_speech,362.315,,,,,,26.421,335.894,,,,561.69,72.5,clean,0,,14,41,drone-pi,aarch64,Raspberry Pi 5 Model B Rev 1.0,true,4
1,smollm2-360m-instruct-Q4_K_M-warmup,0159,158,,,end_of_speech,492.952,,,,,,26.374,466.578,,,,561.69,73.6,clean,0,,19,40,drone-pi,aarch64,Raspberry Pi 5 Model B Rev 1.0,true,4
1,smollm2-360m-instruct-Q4_K_M-warmup,0056,159,,,end_of_speech,466.899,,,,,,26.35,440.549,,,,561.69,71.9,clean,0,,18,42,drone-pi,aarch64,Raspberry Pi 5 Model B Rev 1.0,true,4
1,smollm2-360m-instruct-Q4_K_M-warmup,0009,160,,,end_of_speech,358.641,,,,,,202.987,155.654,,,,561.69,72.5,clean,0,,7,37,drone-pi,aarch64,Raspberry Pi 5 Model B Rev 1.0,true,4
1,smollm2-360m-instruct-Q4_K_M-warmup,0038,161,,,end_of_speech,1258.306,,,,,,445.343,812.963,,,,561.69,73.6,clean,0,,32,56,drone-pi,aarch64,Raspberry Pi 5 Model B Rev 1.0,true,4
1,smollm2-360m-instruct-Q4_K_M-warmup,0167,162,,,end_of_speech,465.561,,,,,,25.887,439.674,,,,561.69,72.5,clean,0,,18,37,drone-pi,aarch64,Raspberry Pi 5 Model B Rev 1.0,true,4
1,smollm2-360m-instruct-Q4_K_M-warmup,0114,163,,,end_of_speech,597.909,,,,,,26.289,571.62,,,,561.69,73.0,clean,0,,23,46,drone-pi,aarch64,Raspberry Pi 5 Model B Rev 1.0,true,4
1,smollm2-360m-instruct-Q4_K_M-warmup,0145,164,,,end_of_speech,334.26,,,,,,152.822,181.438,,,,561.69,73.6,clean,0,,8,34,drone-pi,aarch64,Raspberry Pi 5 Model B Rev 1.0,true,4
1,smollm2-360m-instruct-Q4_K_M-warmup,0137,165,,,end_of_speech,345.636,,,,,,189.764,155.872,,,,561.69,73.0,clean,0,,7,37,drone-pi,aarch64,Raspberry Pi 5 Model B Rev 1.0,true,4
1,smollm2-360m-instruct-Q4_K_M-warmup,0020,166,,,end_of_speech,474.024,,,,,,189.565,284.459,,,,561.69,74.1,clean,0,,12,36,drone-pi,aarch64,Raspberry Pi 5 Model B Rev 1.0,true,4
1,smollm2-360m-instruct-Q4_K_M-warmup,0080,167,,,end_of_speech,308.089,,,,,,152.584,155.505,,,,561.69,72.5,clean,0,,7,33,drone-pi,aarch64,Raspberry Pi 5 Model B Rev 1.0,true,4
1,smollm2-360m-instruct-Q4_K_M-warmup,0069,168,,,end_of_speech,526.519,,,,,,189.619,336.9,,,,561.69,73.6,clean,0,,14,36,drone-pi,aarch64,Raspberry Pi 5 Model B Rev 1.0,true,4
1,smollm2-360m-instruct-Q4_K_M-warmup,0047,169,,,end_of_speech,336.081,,,,,,25.957,310.124,,,,561.69,72.5,clean,0,,13,40,drone-pi,aarch64,Raspberry Pi 5 Model B Rev 1.0,true,4
1,smollm2-360m-instruct-Q4_K_M-warmup,0050,170,,,end_of_speech,362.157,,,,,,26.243,335.914,,,,561.69,72.5,clean,0,,14,39,drone-pi,aarch64,Raspberry Pi 5 Model B Rev 1.0,true,4
1,smollm2-360m-instruct-Q4_K_M-warmup,0172,171,,,end_of_speech,467.037,,,,,,26.371,440.666,,,,561.69,71.9,clean,0,,18,41,drone-pi,aarch64,Raspberry Pi 5 Model B Rev 1.0,true,4
1,smollm2-360m-instruct-Q4_K_M-warmup,0076,172,,,end_of_speech,335.517,,,,,,26.208,309.309,,,,561.69,73.6,clean,0,,13,34,drone-pi,aarch64,Raspberry Pi 5 Model B Rev 1.0,true,4
1,smollm2-360m-instruct-Q4_K_M-warmup,0180,173,,,end_of_speech,649.552,,,,,,26.36,623.192,,,,561.69,73.0,clean,0,,25,42,drone-pi,aarch64,Raspberry Pi 5 Model B Rev 1.0,true,4
1,smollm2-360m-instruct-Q4_K_M-warmup,0064,174,,,end_of_speech,475.933,,,,,,140.18,335.753,,,,561.69,72.5,clean,0,,14,34,drone-pi,aarch64,Raspberry Pi 5 Model B Rev 1.0,true,4
1,smollm2-360m-instruct-Q4_K_M-warmup,0022,175,,,end_of_speech,465.208,,,,,,26.302,438.906,,,,561.69,73.0,clean,0,,18,34,drone-pi,aarch64,Raspberry Pi 5 Model B Rev 1.0,true,4
1,smollm2-360m-instruct-Q4_K_M-warmup,0149,176,,,end_of_speech,623.807,,,,,,26.422,597.385,,,,561.69,71.9,clean,0,,24,38,drone-pi,aarch64,Raspberry Pi 5 Model B Rev 1.0,true,4
1,smollm2-360m-instruct-Q4_K_M-warmup,0169,177,,,end_of_speech,650.733,,,,,,26.521,624.212,,,,561.69,72.5,clean,0,,25,44,drone-pi,aarch64,Raspberry Pi 5 Model B Rev 1.0,true,4
1,smollm2-360m-instruct-Q4_K_M-warmup,0152,178,,,end_of_speech,336.684,,,,,,26.395,310.289,,,,561.69,73.0,clean,0,,13,39,drone-pi,aarch64,Raspberry Pi 5 Model B Rev 1.0,true,4
1,smollm2-360m-instruct-Q4_K_M-warmup,0010,179,,,end_of_speech,811.197,,,,,,26.556,784.641,,,,561.69,73.0,clean,0,,31,55,drone-pi,aarch64,Raspberry Pi 5 Model B Rev 1.0,true,4
1,smollm2-360m-instruct-Q4_K_M-warmup,0151,180,,,end_of_speech,439.757,,,,,,26.283,413.474,,,,561.69,73.6,clean,0,,17,38,drone-pi,aarch64,Raspberry Pi 5 Model B Rev 1.0,true,4
1,smollm2-360m-instruct-Q4_K_M-warmup,0162,181,,,end_of_speech,600.159,,,,,,26.385,573.774,,,,561.69,71.9,clean,0,,23,52,drone-pi,aarch64,Raspberry Pi 5 Model B Rev 1.0,true,4
1,smollm2-360m-instruct-Q4_K_M-warmup,0182,182,,,end_of_speech,345.468,,,,,,189.758,155.71,,,,561.69,74.1,clean,0,,7,36,drone-pi,aarch64,Raspberry Pi 5 Model B Rev 1.0,true,4
1,smollm2-360m-instruct-Q4_K_M-warmup,0072,183,,,end_of_speech,463.288,,,,,,152.703,310.585,,,,561.69,72.5,clean,0,,13,33,drone-pi,aarch64,Raspberry Pi 5 Model B Rev 1.0,true,4
1,smollm2-360m-instruct-Q4_K_M-warmup,0033,184,,,end_of_speech,310.726,,,,,,25.981,284.745,,,,561.69,73.0,clean,0,,12,38,drone-pi,aarch64,Raspberry Pi 5 Model B Rev 1.0,true,4
1,smollm2-360m-instruct-Q4_K_M-warmup,0116,185,,,end_of_speech,388.634,,,,,,26.451,362.183,,,,561.69,71.9,clean,0,,15,44,drone-pi,aarch64,Raspberry Pi 5 Model B Rev 1.0,true,4
1,smollm2-360m-instruct-Q4_K_M-warmup,0105,186,,,end_of_speech,623.032,,,,,,26.198,596.834,,,,561.69,71.4,clean,0,,24,40,drone-pi,aarch64,Raspberry Pi 5 Model B Rev 1.0,true,4
1,smollm2-360m-instruct-Q4_K_M-warmup,0089,187,,,end_of_speech,945.58,,,,,,26.713,918.867,,,,561.69,73.6,clean,0,,36,58,drone-pi,aarch64,Raspberry Pi 5 Model B Rev 1.0,true,4
1,smollm2-360m-instruct-Q4_K_M-warmup,0062,188,,,end_of_speech,388.258,,,,,,26.32,361.938,,,,561.69,72.5,clean,0,,15,37,drone-pi,aarch64,Raspberry Pi 5 Model B Rev 1.0,true,4
1,smollm2-360m-instruct-Q4_K_M-warmup,0113,189,,,end_of_speech,895.6,,,,,,26.422,869.178,,,,561.69,72.5,clean,0,,34,47,drone-pi,aarch64,Raspberry Pi 5 Model B Rev 1.0,true,4
1,smollm2-360m-instruct-Q4_K_M-warmup,0193,190,,,end_of_speech,625.192,,,,,,26.411,598.781,,,,561.69,73.0,clean,0,,24,48,drone-pi,aarch64,Raspberry Pi 5 Model B Rev 1.0,true,4
1,smollm2-360m-instruct-Q4_K_M-warmup,0006,191,,,end_of_speech,308.616,,,,,,152.747,155.869,,,,561.69,73.0,clean,0,,7,33,drone-pi,aarch64,Raspberry Pi 5 Model B Rev 1.0,true,4
1,smollm2-360m-instruct-Q4_K_M-warmup,0196,192,,,end_of_speech,631.149,,,,,,241.347,389.802,,,,561.69,73.6,clean,0,,16,40,drone-pi,aarch64,Raspberry Pi 5 Model B Rev 1.0,true,4
1,smollm2-360m-instruct-Q4_K_M-warmup,0186,193,,,end_of_speech,623.467,,,,,,25.956,597.511,,,,561.69,72.5,clean,0,,24,41,drone-pi,aarch64,Raspberry Pi 5 Model B Rev 1.0,true,4
1,smollm2-360m-instruct-Q4_K_M-warmup,0075,194,,,end_of_speech,758.609,,,,,,26.575,732.034,,,,561.69,73.0,clean,0,,29,54,drone-pi,aarch64,Raspberry Pi 5 Model B Rev 1.0,true,4
1,smollm2-360m-instruct-Q4_K_M-warmup,0131,195,,,end_of_speech,625.49,,,,,,26.5,598.99,,,,561.69,73.6,clean,0,,24,48,drone-pi,aarch64,Raspberry Pi 5 Model B Rev 1.0,true,4
1,smollm2-360m-instruct-Q4_K_M-warmup,0121,196,,,end_of_speech,475.448,,,,,,139.888,335.56,,,,561.69,73.0,clean,0,,14,32,drone-pi,aarch64,Raspberry Pi 5 Model B Rev 1.0,true,4
1,smollm2-360m-instruct-Q4_K_M-warmup,0101,197,,,end_of_speech,518.433,,,,,,26.537,491.896,,,,561.69,72.5,clean,0,,20,41,drone-pi,aarch64,Raspberry Pi 5 Model B Rev 1.0,true,4
1,smollm2-360m-instruct-Q4_K_M-warmup,0032,198,,,end_of_speech,295.367,,,,,,139.951,155.416,,,,561.69,71.9,clean,0,,7,32,drone-pi,aarch64,Raspberry Pi 5 Model B Rev 1.0,true,4
1,smollm2-360m-instruct-Q4_K_M-warmup,0018,199,,,end_of_speech,332.08,,,,,,176.077,156.003,,,,561.69,72.5,clean,0,,7,35,drone-pi,aarch64,Raspberry Pi 5 Model B Rev 1.0,true,4
1,smollm2-360m-instruct-Q4_K_M-warmup,0049,200,,,end_of_speech,969.829,,,,,,291.55,678.279,,,,561.69,72.5,clean,0,,27,44,drone-pi,aarch64,Raspberry Pi 5 Model B Rev 1.0,true,4
1,smollm2-360m-instruct-Q4_K_M-warmup,0065,201,,,end_of_speech,783.859,,,,,,26.219,757.64,,,,561.69,73.0,clean,0,,30,52,drone-pi,aarch64,Raspberry Pi 5 Model B Rev 1.0,true,4
1,smollm2-360m-instruct-Q4_K_M-warmup,0110,202,,,end_of_speech,702.506,,,,,,26.467,676.039,,,,561.69,71.9,clean,0,,27,45,drone-pi,aarch64,Raspberry Pi 5 Model B Rev 1.0,true,4
1,smollm2-360m-instruct-Q4_K_M-warmup,0048,203,,,end_of_speech,293.497,,,,,,112.601,180.896,,,,561.69,71.9,clean,0,,8,32,drone-pi,aarch64,Raspberry Pi 5 Model B Rev 1.0,true,4
1,smollm2-360m-instruct-Q4_K_M-warmup,0097,204,,,end_of_speech,370.36,,,,,,214.408,155.952,,,,561.69,74.1,clean,0,,7,38,drone-pi,aarch64,Raspberry Pi 5 Model B Rev 1.0,true,4
1,smollm2-360m-instruct-Q4_K_M-warmup,0127,205,,,end_of_speech,642.662,,,,,,227.923,414.739,,,,561.69,73.0,clean,0,,17,39,drone-pi,aarch64,Raspberry Pi 5 Model B Rev 1.0,true,4
1,smollm2-360m-instruct-Q4_K_M-warmup,0123,206,,,end_of_speech,622.795,,,,,,26.378,596.417,,,,561.69,71.4,clean,0,,24,40,drone-pi,aarch64,Raspberry Pi 5 Model B Rev 1.0,true,4
1,smollm2-360m-instruct-Q4_K_M-warmup,0144,207,,,end_of_speech,540.823,,,,,,203.531,337.292,,,,561.69,73.6,clean,0,,14,39,drone-pi,aarch64,Raspberry Pi 5 Model B Rev 1.0,true,4
1,smollm2-360m-instruct-Q4_K_M-warmup,0057,208,,,end_of_speech,308.462,,,,,,152.86,155.602,,,,561.7,71.9,clean,0,,7,33,drone-pi,aarch64,Raspberry Pi 5 Model B Rev 1.0,true,4
1,smollm2-360m-instruct-Q4_K_M-warmup,0083,209,,,end_of_speech,721.022,,,,,,278.702,442.32,,,,561.7,73.6,clean,0,,18,43,drone-pi,aarch64,Raspberry Pi 5 Model B Rev 1.0,true,4
1,smollm2-360m-instruct-Q4_K_M-warmup,0168,210,,,end_of_speech,310.436,,,,,,26.572,283.864,,,,563.81,73.0,clean,0,,12,35,drone-pi,aarch64,Raspberry Pi 5 Model B Rev 1.0,true,4
1,smollm2-360m-instruct-Q4_K_M-warmup,0134,211,,,end_of_speech,469.148,,,,,,26.491,442.657,,,,563.81,71.9,clean,0,,18,51,drone-pi,aarch64,Raspberry Pi 5 Model B Rev 1.0,true,4
1,smollm2-360m-instruct-Q4_K_M-warmup,0128,212,,,end_of_speech,598.32,,,,,,26.397,571.923,,,,563.81,73.0,clean,0,,23,45,drone-pi,aarch64,Raspberry Pi 5 Model B Rev 1.0,true,4
1,smollm2-360m-instruct-Q4_K_M-warmup,0092,213,,,end_of_speech,466.572,,,,,,26.353,440.219,,,,563.81,73.0,clean,0,,18,37,drone-pi,aarch64,Raspberry Pi 5 Model B Rev 1.0,true,4
1,smollm2-360m-instruct-Q4_K_M-warmup,0120,214,,,end_of_speech,600.575,,,,,,26.767,573.808,,,,563.81,73.6,clean,0,,23,53,drone-pi,aarch64,Raspberry Pi 5 Model B Rev 1.0,true,4
1,smollm2-360m-instruct-Q4_K_M-warmup,0059,215,,,end_of_speech,558.659,,,,,,26.361,532.298,,,,563.81,71.9,clean,0,,21,44,drone-pi,aarch64,Raspberry Pi 5 Model B Rev 1.0,true,4
1,smollm2-360m-instruct-Q4_K_M-warmup,0141,216,,,end_of_speech,765.656,,,,,,26.53,739.126,,,,563.81,71.9,clean,0,,26,50,drone-pi,aarch64,Raspberry Pi 5 Model B Rev 1.0,true,4
1,smollm2-360m-instruct-Q4_K_M-warmup,0108,217,,,end_of_speech,366.905,,,,,,28.363,338.542,,,,563.81,72.5,clean,0,,14,41,drone-pi,aarch64,Raspberry Pi 5 Model B Rev 1.0,true,4
1,smollm2-360m-instruct-Q4_K_M-warmup,0159,218,,,end_of_speech,492.419,,,,,,26.303,466.116,,,,563.81,71.4,clean,0,,19,40,drone-pi,aarch64,Raspberry Pi 5 Model B Rev 1.0,true,4
1,smollm2-360m-instruct-Q4_K_M-warmup,0056,219,,,end_of_speech,467.516,,,,,,26.471,441.045,,,,563.83,71.9,clean,0,,18,42,drone-pi,aarch64,Raspberry Pi 5 Model B Rev 1.0,true,4
1,smollm2-360m-instruct-Q4_K_M-warmup,0009,220,,,end_of_speech,357.948,,,,,,202.844,155.104,,,,563.83,71.9,clean,0,,7,37,drone-pi,aarch64,Raspberry Pi 5 Model B Rev 1.0,true,4
1,smollm2-360m-instruct-Q4_K_M-warmup,0038,221,,,end_of_speech,1256.936,,,,,,445.056,811.88,,,,563.83,73.6,clean,0,,32,56,drone-pi,aarch64,Raspberry Pi 5 Model B Rev 1.0,true,4
1,smollm2-360m-instruct-Q4_K_M-warmup,0167,222,,,end_of_speech,465.036,,,,,,25.885,439.151,,,,563.83,71.9,clean,0,,18,37,drone-pi,aarch64,Raspberry Pi 5 Model B Rev 1.0,true,4
1,smollm2-360m-instruct-Q4_K_M-warmup,0114,223,,,end_of_speech,597.839,,,,,,26.54,571.299,,,,563.83,73.6,clean,0,,23,46,drone-pi,aarch64,Raspberry Pi 5 Model B Rev 1.0,true,4
1,smollm2-360m-instruct-Q4_K_M-warmup,0145,224,,,end_of_speech,333.826,,,,,,152.655,181.171,,,,563.83,73.0,clean,0,,8,34,drone-pi,aarch64,Raspberry Pi 5 Model B Rev 1.0,true,4
1,smollm2-360m-instruct-Q4_K_M-warmup,0137,225,,,end_of_speech,345.358,,,,,,189.664,155.694,,,,563.83,72.5,clean,0,,7,37,drone-pi,aarch64,Raspberry Pi 5 Model B Rev 1.0,true,4
1,smollm2-360m-instruct-Q4_K_M-warmup,0020,226,,,end_of_speech,474.741,,,,,,189.719,285.022,,,,563.83,72.5,clean,0,,12,36,drone-pi,aarch64,Raspberry Pi 5 Model B Rev 1.0,true,4
1,smollm2-360m-instruct-Q4_K_M-warmup,0080,227,,,end_of_speech,307.552,,,,,,152.52,155.032,,,,563.83,73.0,clean,0,,7,33,drone-pi,aarch64,Raspberry Pi 5 Model B Rev 1.0,true,4
1,smollm2-360m-instruct-Q4_K_M-warmup,0069,228,,,end_of_speech,525.978,,,,,,189.568,336.41,,,,563.83,73.0,clean,0,,14,36,drone-pi,aarch64,Raspberry Pi 5 Model B Rev 1.0,true,4
1,smollm2-360m-instruct-Q4_K_M-warmup,0047,229,,,end_of_speech,335.967,,,,,,26.026,309.941,,,,563.83,71.9,clean,0,,13,40,drone-pi,aarch64,Raspberry Pi 5 Model B Rev 1.0,true,4
1,smollm2-360m-instruct-Q4_K_M-warmup,0050,230,,,end_of_speech,361.838,,,,,,26.404,335.434,,,,563.83,71.9,clean,0,,14,39,drone-pi,aarch64,Raspberry Pi 5 Model B Rev 1.0,true,4
1,smollm2-360m-instruct-Q4_K_M-warmup,0172,231,,,end_of_speech,467.062,,,,,,26.358,440.704,,,,563.83,72.5,clean,0,,18,41,drone-pi,aarch64,Raspberry Pi 5 Model B Rev 1.0,true,4
1,smollm2-360m-instruct-Q4_K_M-warmup,0076,232,,,end_of_speech,335.304,,,,,,26.198,309.106,,,,563.83,72.5,clean,0,,13,34,drone-pi,aarch64,Raspberry Pi 5 Model B Rev 1.0,true,4
1,smollm2-360m-instruct-Q4_K_M-warmup,0180,233,,,end_of_speech,649.582,,,,,,26.411,623.171,,,,563.83,73.0,clean,0,,25,42,drone-pi,aarch64,Raspberry Pi 5 Model B Rev 1.0,true,4
1,smollm2-360m-instruct-Q4_K_M-warmup,0064,234,,,end_of_speech,475.76,,,,,,140.147,335.613,,,,563.83,71.4,clean,0,,14,34,drone-pi,aarch64,Raspberry Pi 5 Model B Rev 1.0,true,4
1,smollm2-360m-instruct-Q4_K_M-warmup,0022,235,,,end_of_speech,465.288,,,,,,26.155,439.133,,,,563.83,73.0,clean,0,,18,34,drone-pi,aarch64,Raspberry Pi 5 Model B Rev 1.0,true,4
1,smollm2-360m-instruct-Q4_K_M-warmup,0149,236,,,end_of_speech,622.087,,,,,,26.338,595.749,,,,563.83,72.5,clean,0,,24,38,drone-pi,aarch64,Raspberry Pi 5 Model B Rev 1.0,true,4
1,smollm2-360m-instruct-Q4_K_M-warmup,0169,237,,,end_of_speech,649.902,,,,,,26.626,623.276,,,,563.83,71.9,clean,0,,25,44,drone-pi,aarch64,Raspberry Pi 5 Model B Rev 1.0,true,4
1,smollm2-360m-instruct-Q4_K_M-warmup,0152,238,,,end_of_speech,336.499,,,,,,26.285,310.214,,,,563.83,73.0,clean,0,,13,39,drone-pi,aarch64,Raspberry Pi 5 Model B Rev 1.0,true,4
1,smollm2-360m-instruct-Q4_K_M-warmup,0010,239,,,end_of_speech,811.417,,,,,,26.596,784.821,,,,563.83,72.5,clean,0,,31,55,drone-pi,aarch64,Raspberry Pi 5 Model B Rev 1.0,true,4
1,smollm2-360m-instruct-Q4_K_M-warmup,0151,240,,,end_of_speech,440.044,,,,,,26.247,413.797,,,,563.83,72.5,clean,0,,17,38,drone-pi,aarch64,Raspberry Pi 5 Model B Rev 1.0,true,4
1,smollm2-360m-instruct-Q4_K_M-warmup,0162,241,,,end_of_speech,599.13,,,,,,26.596,572.534,,,,563.83,73.6,clean,0,,23,52,drone-pi,aarch64,Raspberry Pi 5 Model B Rev 1.0,true,4
1,smollm2-360m-instruct-Q4_K_M-warmup,0182,242,,,end_of_speech,351.137,,,,,,195.861,155.276,,,,563.83,71.9,clean,0,,7,36,drone-pi,aarch64,Raspberry Pi 5 Model B Rev 1.0,true,4
1,smollm2-360m-instruct-Q4_K_M-warmup,0072,243,,,end_of_speech,462.907,,,,,,152.667,310.24,,,,563.83,71.9,clean,0,,13,33,drone-pi,aarch64,Raspberry Pi 5 Model B Rev 1.0,true,4
1,smollm2-360m-instruct-Q4_K_M-warmup,0033,244,,,end_of_speech,310.449,,,,,,25.875,284.574,,,,563.83,71.9,clean,0,,12,38,drone-pi,aarch64,Raspberry Pi 5 Model B Rev 1.0,true,4
1,smollm2-360m-instruct-Q4_K_M-warmup,0116,245,,,end_of_speech,388.858,,,,,,26.364,362.494,,,,563.83,73.6,clean,0,,15,44,drone-pi,aarch64,Raspberry Pi 5 Model B Rev 1.0,true,4
1,smollm2-360m-instruct-Q4_K_M-warmup,0105,246,,,end_of_speech,622.32,,,,,,26.394,595.926,,,,563.83,71.9,clean,0,,24,40,drone-pi,aarch64,Raspberry Pi 5 Model B Rev 1.0,true,4
1,smollm2-360m-instruct-Q4_K_M-warmup,0089,247,,,end_of_speech,944.868,,,,,,26.689,918.179,,,,563.83,73.0,clean,0,,36,58,drone-pi,aarch64,Raspberry Pi 5 Model B Rev 1.0,true,4
1,smollm2-360m-instruct-Q4_K_M-warmup,0062,248,,,end_of_speech,387.099,,,,,,26.379,360.72,,,,563.83,72.5,clean,0,,15,37,drone-pi,aarch64,Raspberry Pi 5 Model B Rev 1.0,true,4
1,smollm2-360m-instruct-Q4_K_M-warmup,0113,249,,,end_of_speech,893.929,,,,,,26.398,867.531,,,,563.83,71.4,clean,0,,34,47,drone-pi,aarch64,Raspberry Pi 5 Model B Rev 1.0,true,4
1,smollm2-360m-instruct-Q4_K_M-warmup,0193,250,,,end_of_speech,624.363,,,,,,26.603,597.76,,,,563.83,73.0,clean,0,,24,48,drone-pi,aarch64,Raspberry Pi 5 Model B Rev 1.0,true,4
1,smollm2-360m-instruct-Q4_K_M-warmup,0006,251,,,end_of_speech,308.234,,,,,,152.606,155.628,,,,563.83,73.6,clean,0,,7,33,drone-pi,aarch64,Raspberry Pi 5 Model B Rev 1.0,true,4
1,smollm2-360m-instruct-Q4_K_M-warmup,0196,252,,,end_of_speech,630.275,,,,,,241.252,389.023,,,,563.83,71.9,clean,0,,16,40,drone-pi,aarch64,Raspberry Pi 5 Model B Rev 1.0,true,4
1,smollm2-360m-instruct-Q4_K_M-warmup,0186,253,,,end_of_speech,622.882,,,,,,25.835,597.047,,,,563.83,72.5,clean,0,,24,41,drone-pi,aarch64,Raspberry Pi 5 Model B Rev 1.0,true,4
1,smollm2-360m-instruct-Q4_K_M-warmup,0075,254,,,end_of_speech,758.239,,,,,,26.614,731.625,,,,563.83,73.6,clean,0,,29,54,drone-pi,aarch64,Raspberry Pi 5 Model B Rev 1.0,true,4
1,smollm2-360m-instruct-Q4_K_M-warmup,0131,255,,,end_of_speech,624.159,,,,,,26.599,597.56,,,,563.83,72.5,clean,0,,24,48,drone-pi,aarch64,Raspberry Pi 5 Model B Rev 1.0,true,4
1,smollm2-360m-instruct-Q4_K_M-warmup,0121,256,,,end_of_speech,475.07,,,,,,139.839,335.231,,,,563.83,71.9,clean,0,,14,32,drone-pi,aarch64,Raspberry Pi 5 Model B Rev 1.0,true,4
1,smollm2-360m-instruct-Q4_K_M-warmup,0101,257,,,end_of_speech,518.229,,,,,,26.354,491.875,,,,563.83,72.5,clean,0,,20,41,drone-pi,aarch64,Raspberry Pi 5 Model B Rev 1.0,true,4
1,smollm2-360m-instruct-Q4_K_M-warmup,0032,258,,,end_of_speech,295.079,,,,,,139.935,155.144,,,,563.83,71.9,clean,0,,7,32,drone-pi,aarch64,Raspberry Pi 5 Model B Rev 1.0,true,4
1,smollm2-360m-instruct-Q4_K_M-warmup,0018,259,,,end_of_speech,331.321,,,,,,176.0,155.321,,,,563.83,73.6,clean,0,,7,35,drone-pi,aarch64,Raspberry Pi 5 Model B Rev 1.0,true,4
1,smollm2-360m-instruct-Q4_K_M-warmup,0049,260,,,end_of_speech,968.757,,,,,,291.614,677.143,,,,563.83,71.4,clean,0,,27,44,drone-pi,aarch64,Raspberry Pi 5 Model B Rev 1.0,true,4
1,smollm2-360m-instruct-Q4_K_M-warmup,0065,261,,,end_of_speech,783.075,,,,,,26.231,756.844,,,,563.83,72.5,clean,0,,30,52,drone-pi,aarch64,Raspberry Pi 5 Model B Rev 1.0,true,4
1,smollm2-360m-instruct-Q4_K_M-warmup,0110,262,,,end_of_speech,701.92,,,,,,26.33,675.59,,,,563.83,73.0,clean,0,,27,45,drone-pi,aarch64,Raspberry Pi 5 Model B Rev 1.0,true,4
1,smollm2-360m-instruct-Q4_K_M-warmup,0048,263,,,end_of_speech,293.319,,,,,,112.453,180.866,,,,563.83,72.5,clean,0,,8,32,drone-pi,aarch64,Raspberry Pi 5 Model B Rev 1.0,true,4
1,smollm2-360m-instruct-Q4_K_M-warmup,0097,264,,,end_of_speech,370.371,,,,,,214.554,155.817,,,,563.83,73.0,clean,0,,7,38,drone-pi,aarch64,Raspberry Pi 5 Model B Rev 1.0,true,4
1,smollm2-360m-instruct-Q4_K_M-warmup,0127,265,,,end_of_speech,643.105,,,,,,227.997,415.108,,,,563.83,73.0,clean,0,,17,39,drone-pi,aarch64,Raspberry Pi 5 Model B Rev 1.0,true,4
1,smollm2-360m-instruct-Q4_K_M-warmup,0123,266,,,end_of_speech,621.827,,,,,,25.999,595.828,,,,563.83,72.5,clean,0,,24,40,drone-pi,aarch64,Raspberry Pi 5 Model B Rev 1.0,true,4
1,smollm2-360m-instruct-Q4_K_M-warmup,0144,267,,,end_of_speech,540.049,,,,,,203.28,336.769,,,,563.83,72.5,clean,0,,14,39,drone-pi,aarch64,Raspberry Pi 5 Model B Rev 1.0,true,4
1,smollm2-360m-instruct-Q4_K_M-warmup,0057,268,,,end_of_speech,308.106,,,,,,152.678,155.428,,,,563.83,73.0,clean,0,,7,33,drone-pi,aarch64,Raspberry Pi 5 Model B Rev 1.0,true,4
1,smollm2-360m-instruct-Q4_K_M-warmup,0083,269,,,end_of_speech,719.522,,,,,,278.556,440.966,,,,563.83,73.6,clean,0,,18,43,drone-pi,aarch64,Raspberry Pi 5 Model B Rev 1.0,true,4
1,smollm2-360m-instruct-Q4_K_M-warmup,0168,270,,,end_of_speech,309.784,,,,,,26.201,283.583,,,,563.83,72.5,clean,0,,12,35,drone-pi,aarch64,Raspberry Pi 5 Model B Rev 1.0,true,4
1,smollm2-360m-instruct-Q4_K_M-warmup,0134,271,,,end_of_speech,468.844,,,,,,26.645,442.199,,,,563.83,71.9,clean,0,,18,51,drone-pi,aarch64,Raspberry Pi 5 Model B Rev 1.0,true,4
1,smollm2-360m-instruct-Q4_K_M-warmup,0128,272,,,end_of_speech,597.008,,,,,,26.663,570.345,,,,563.83,73.0,clean,0,,23,45,drone-pi,aarch64,Raspberry Pi 5 Model B Rev 1.0,true,4
1,smollm2-360m-instruct-Q4_K_M-warmup,0092,273,,,end_of_speech,465.459,,,,,,26.372,439.087,,,,563.83,73.0,clean,0,,18,37,drone-pi,aarch64,Raspberry Pi 5 Model B Rev 1.0,true,4
1,smollm2-360m-instruct-Q4_K_M-warmup,0120,274,,,end_of_speech,599.844,,,,,,26.442,573.402,,,,563.83,71.9,clean,0,,23,53,drone-pi,aarch64,Raspberry Pi 5 Model B Rev 1.0,true,4
1,smollm2-360m-instruct-Q4_K_M-warmup,0059,275,,,end_of_speech,544.279,,,,,,26.471,517.808,,,,563.83,71.9,clean,0,,21,44,drone-pi,aarch64,Raspberry Pi 5 Model B Rev 1.0,true,4
1,smollm2-360m-instruct-Q4_K_M-warmup,0141,276,,,end_of_speech,678.37,,,,,,26.503,651.867,,,,563.83,72.5,clean,0,,26,50,drone-pi,aarch64,Raspberry Pi 5 Model B Rev 1.0,true,4
1,smollm2-360m-instruct-Q4_K_M-warmup,0108,277,,,end_of_speech,362.363,,,,,,26.372,335.991,,,,563.84,71.9,clean,0,,14,41,drone-pi,aarch64,Raspberry Pi 5 Model B Rev 1.0,true,4
1,smollm2-360m-instruct-Q4_K_M-warmup,0159,278,,,end_of_speech,491.244,,,,,,26.376,464.868,,,,563.84,74.1,clean,0,,19,40,drone-pi,aarch64,Raspberry Pi 5 Model B Rev 1.0,true,4
1,smollm2-360m-instruct-Q4_K_M-warmup,0056,279,,,end_of_speech,466.516,,,,,,26.403,440.113,,,,563.84,73.6,clean,0,,18,42,drone-pi,aarch64,Raspberry Pi 5 Model B Rev 1.0,true,4
1,smollm2-360m-instruct-Q4_K_M-warmup,0009,280,,,end_of_speech,358.303,,,,,,203.001,155.302,,,,563.84,73.6,clean,0,,7,37,drone-pi,aarch64,Raspberry Pi 5 Model B Rev 1.0,true,4
1,smollm2-360m-instruct-Q4_K_M-warmup,0038,281,,,end_of_speech,1258.156,,,,,,445.418,812.738,,,,563.84,71.9,clean,0,,32,56,drone-pi,aarch64,Raspberry Pi 5 Model B Rev 1.0,true,4
1,smollm2-360m-instruct-Q4_K_M-warmup,0167,282,,,end_of_speech,465.777,,,,,,25.926,439.851,,,,563.84,73.0,clean,0,,18,37,drone-pi,aarch64,Raspberry Pi 5 Model B Rev 1.0,true,4
1,smollm2-360m-instruct-Q4_K_M-warmup,0114,283,,,end_of_speech,597.836,,,,,,26.539,571.297,,,,563.84,72.5,clean,0,,23,46,drone-pi,aarch64,Raspberry Pi 5 Model B Rev 1.0,true,4
1,smollm2-360m-instruct-Q4_K_M-warmup,0145,284,,,end_of_speech,335.011,,,,,,152.953,182.058,,,,563.84,73.0,clean,0,,8,34,drone-pi,aarch64,Raspberry Pi 5 Model B Rev 1.0,true,4
1,smollm2-360m-instruct-Q4_K_M-warmup,0137,285,,,end_of_speech,345.486,,,,,,189.744,155.742,,,,563.84,74.1,clean,0,,7,37,drone-pi,aarch64,Raspberry Pi 5 Model B Rev 1.0,true,4
1,smollm2-360m-instruct-Q4_K_M-warmup,0020,286,,,end_of_speech,474.516,,,,,,189.542,284.974,,,,563.84,72.5,clean,0,,12,36,drone-pi,aarch64,Raspberry Pi 5 Model B Rev 1.0,true,4
1,smollm2-360m-instruct-Q4_K_M-warmup,0080,287,,,end_of_speech,307.888,,,,,,152.529,155.359,,,,563.84,73.6,clean,0,,7,33,drone-pi,aarch64,Raspberry Pi 5 Model B Rev 1.0,true,4
1,smollm2-360m-instruct-Q4_K_M-warmup,0069,288,,,end_of_speech,525.943,,,,,,189.625,336.318,,,,563.84,73.6,clean,0,,14,36,drone-pi,aarch64,Raspberry Pi 5 Model B Rev 1.0,true,4
1,smollm2-360m-instruct-Q4_K_M-warmup,0047,289,,,end_of_speech,335.738,,,,,,25.928,309.81,,,,563.84,71.9,clean,0,,13,40,drone-pi,aarch64,Raspberry Pi 5 Model B Rev 1.0,true,4
1,smollm2-360m-instruct-Q4_K_M-warmup,0050,290,,,end_of_speech,361.985,,,,,,26.419,335.566,,,,563.84,73.0,clean,0,,14,39,drone-pi,aarch64,Raspberry Pi 5 Model B Rev 1.0,true,4
1,smollm2-360m-instruct-Q4_K_M-warmup,0172,291,,,end_of_speech,466.47,,,,,,26.31,440.16,,,,563.84,73.0,clean,0,,18,41,drone-pi,aarch64,Raspberry Pi 5 Model B Rev 1.0,true,4
1,smollm2-360m-instruct-Q4_K_M-warmup,0076,292,,,end_of_speech,334.982,,,,,,26.204,308.778,,,,563.84,73.6,clean,0,,13,34,drone-pi,aarch64,Raspberry Pi 5 Model B Rev 1.0,true,4
1,smollm2-360m-instruct-Q4_K_M-warmup,0180,293,,,end_of_speech,648.986,,,,,,26.354,622.632,,,,563.84,71.9,clean,0,,25,42,drone-pi,aarch64,Raspberry Pi 5 Model B Rev 1.0,true,4
1,smollm2-360m-instruct-Q4_K_M-warmup,0064,294,,,end_of_speech,475.647,,,,,,140.13,335.517,,,,563.84,74.1,clean,0,,14,34,drone-pi,aarch64,Raspberry Pi 5 Model B Rev 1.0,true,4
1,smollm2-360m-instruct-Q4_K_M-warmup,0022,295,,,end_of_speech,464.833,,,,,,26.153,438.68,,,,563.84,73.0,clean,0,,18,34,drone-pi,aarch64,Raspberry Pi 5 Model B Rev 1.0,true,4
1,smollm2-360m-instruct-Q4_K_M-warmup,0149,296,,,end_of_speech,621.833,,,,,,26.281,595.552,,,,563.84,73.6,clean,0,,24,38,drone-pi,aarch64,Raspberry Pi 5 Model B Rev 1.0,true,4
1,smollm2-360m-instruct-Q4_K_M-warmup,0169,297,,,end_of_speech,650.45,,,,,,26.434,624.016,,,,563.84,71.9,clean,0,,25,44,drone-pi,aarch64,Raspberry Pi 5 Model B Rev 1.0,true,4
1,smollm2-360m-instruct-Q4_K_M-warmup,0152,298,,,end_of_speech,336.085,,,,,,26.319,309.766,,,,563.84,71.9,clean,0,,13,39,drone-pi,aarch64,Raspberry Pi 5 Model B Rev 1.0,true,4
1,smollm2-360m-instruct-Q4_K_M-warmup,0010,299,,,end_of_speech,811.33,,,,,,26.71,784.62,,,,563.84,72.5,clean,0,,31,55,drone-pi,aarch64,Raspberry Pi 5 Model B Rev 1.0,true,4
1,smollm2-360m-instruct-Q4_K_M-warmup,0151,300,,,end_of_speech,440.244,,,,,,26.47,413.774,,,,559.47,71.9,clean,0,,17,38,drone-pi,aarch64,Raspberry Pi 5 Model B Rev 1.0,true,4
1,smollm2-360m-instruct-Q4_K_M-warmup,0162,301,,,end_of_speech,599.388,,,,,,26.497,572.891,,,,559.47,73.0,clean,0,,23,52,drone-pi,aarch64,Raspberry Pi 5 Model B Rev 1.0,true,4
1,smollm2-360m-instruct-Q4_K_M-warmup,0182,302,,,end_of_speech,345.534,,,,,,189.714,155.82,,,,559.47,73.0,clean,0,,7,36,drone-pi,aarch64,Raspberry Pi 5 Model B Rev 1.0,true,4
1,smollm2-360m-instruct-Q4_K_M-warmup,0072,303,,,end_of_speech,462.489,,,,,,152.617,309.872,,,,559.47,73.6,clean,0,,13,33,drone-pi,aarch64,Raspberry Pi 5 Model B Rev 1.0,true,4
1,smollm2-360m-instruct-Q4_K_M-warmup,0033,304,,,end_of_speech,309.684,,,,,,25.859,283.825,,,,559.47,73.6,clean,0,,12,38,drone-pi,aarch64,Raspberry Pi 5 Model B Rev 1.0,true,4
1,smollm2-360m-instruct-Q4_K_M-warmup,0116,305,,,end_of_speech,388.911,,,,,,26.402,362.509,,,,559.47,74.1,clean,0,,15,44,drone-pi,aarch64,Raspberry Pi 5 Model B Rev 1.0,true,4
1,smollm2-360m-instruct-Q4_K_M-warmup,0105,306,,,end_of_speech,622.295,,,,,,26.262,596.033,,,,559.47,73.6,clean,0,,24,40,drone-pi,aarch64,Raspberry Pi 5 Model B Rev 1.0,true,4
1,smollm2-360m-instruct-Q4_K_M-warmup,0089,307,,,end_of_speech,943.934,,,,,,26.626,917.308,,,,559.47,72.5,clean,0,,36,58,drone-pi,aarch64,Raspberry Pi 5 Model B Rev 1.0,true,4
1,smollm2-360m-instruct-Q4_K_M-warmup,0062,308,,,end_of_speech,387.573,,,,,,26.278,361.295,,,,559.47,73.6,clean,0,,15,37,drone-pi,aarch64,Raspberry Pi 5 Model B Rev 1.0,true,4
1,smollm2-360m-instruct-Q4_K_M-warmup,0113,309,,,end_of_speech,894.729,,,,,,26.391,868.338,,,,562.48,73.6,clean,0,,34,47,drone-pi,aarch64,Raspberry Pi 5 Model B Rev 1.0,true,4
1,smollm2-360m-instruct-Q4_K_M-warmup,0193,310,,,end_of_speech,624.331,,,,,,26.424,597.907,,,,562.48,74.1,clean,0,,24,48,drone-pi,aarch64,Raspberry Pi 5 Model B Rev 1.0,true,4
1,smollm2-360m-instruct-Q4_K_M-warmup,0006,311,,,end_of_speech,308.325,,,,,,152.766,155.559,,,,562.48,71.9,clean,0,,7,33,drone-pi,aarch64,Raspberry Pi 5 Model B Rev 1.0,true,4
1,smollm2-360m-instruct-Q4_K_M-warmup,0196,312,,,end_of_speech,630.108,,,,,,241.274,388.834,,,,562.48,72.5,clean,0,,16,40,drone-pi,aarch64,Raspberry Pi 5 Model B Rev 1.0,true,4
1,smollm2-360m-instruct-Q4_K_M-warmup,0186,313,,,end_of_speech,623.559,,,,,,26.109,597.45,,,,562.48,71.4,clean,0,,24,41,drone-pi,aarch64,Raspberry Pi 5 Model B Rev 1.0,true,4
1,smollm2-360m-instruct-Q4_K_M-warmup,0075,314,,,end_of_speech,757.681,,,,,,26.535,731.146,,,,562.48,72.5,clean,0,,29,54,drone-pi,aarch64,Raspberry Pi 5 Model B Rev 1.0,true,4
1,smollm2-360m-instruct-Q4_K_M-warmup,0131,315,,,end_of_speech,624.646,,,,,,26.609,598.037,,,,562.48,73.6,clean,0,,24,48,drone-pi,aarch64,Raspberry Pi 5 Model B Rev 1.0,true,4
1,smollm2-360m-instruct-Q4_K_M-warmup,0121,316,,,end_of_speech,475.075,,,,,,140.0,335.075,,,,562.48,72.5,clean,0,,14,32,drone-pi,aarch64,Raspberry Pi 5 Model B Rev 1.0,true,4
1,smollm2-360m-instruct-Q4_K_M-warmup,0101,317,,,end_of_speech,517.961,,,,,,26.381,491.58,,,,562.48,73.6,clean,0,,20,41,drone-pi,aarch64,Raspberry Pi 5 Model B Rev 1.0,true,4
1,smollm2-360m-instruct-Q4_K_M-warmup,0032,318,,,end_of_speech,295.27,,,,,,140.024,155.246,,,,562.48,73.6,clean,0,,7,32,drone-pi,aarch64,Raspberry Pi 5 Model B Rev 1.0,true,4
1,smollm2-360m-instruct-Q4_K_M-warmup,0018,319,,,end_of_speech,331.555,,,,,,176.148,155.407,,,,562.48,73.0,clean,0,,7,35,drone-pi,aarch64,Raspberry Pi 5 Model B Rev 1.0,true,4
1,smollm2-360m-instruct-Q4_K_M-warmup,0049,320,,,end_of_speech,968.504,,,,,,291.431,677.073,,,,562.48,71.9,clean,0,,27,44,drone-pi,aarch64,Raspberry Pi 5 Model B Rev 1.0,true,4
1,smollm2-360m-instruct-Q4_K_M-warmup,0065,321,,,end_of_speech,783.314,,,,,,26.179,757.135,,,,562.48,72.5,clean,0,,30,52,drone-pi,aarch64,Raspberry Pi 5 Model B Rev 1.0,true,4
1,smollm2-360m-instruct-Q4_K_M-warmup,0110,322,,,end_of_speech,701.955,,,,,,26.434,675.521,,,,562.48,71.4,clean,0,,27,45,drone-pi,aarch64,Raspberry Pi 5 Model B Rev 1.0,true,4
1,smollm2-360m-instruct-Q4_K_M-warmup,0048,323,,,end_of_speech,293.052,,,,,,112.518,180.534,,,,562.48,72.5,clean,0,,8,32,drone-pi,aarch64,Raspberry Pi 5 Model B Rev 1.0,true,4
1,smollm2-360m-instruct-Q4_K_M-warmup,0097,324,,,end_of_speech,369.914,,,,,,214.403,155.511,,,,562.48,73.6,clean,0,,7,38,drone-pi,aarch64,Raspberry Pi 5 Model B Rev 1.0,true,4
1,smollm2-360m-instruct-Q4_K_M-warmup,0127,325,,,end_of_speech,642.621,,,,,,227.979,414.642,,,,562.48,72.5,clean,0,,17,39,drone-pi,aarch64,Raspberry Pi 5 Model B Rev 1.0,true,4
1,smollm2-360m-instruct-Q4_K_M-warmup,0123,326,,,end_of_speech,622.007,,,,,,25.923,596.084,,,,562.48,72.5,clean,0,,24,40,drone-pi,aarch64,Raspberry Pi 5 Model B Rev 1.0,true,4
1,smollm2-360m-instruct-Q4_K_M-warmup,0144,327,,,end_of_speech,555.081,,,,,,203.283,351.798,,,,562.48,71.9,clean,0,,14,39,drone-pi,aarch64,Raspberry Pi 5 Model B Rev 1.0,true,4
1,smollm2-360m-instruct-Q4_K_M-warmup,0057,328,,,end_of_speech,312.321,,,,,,156.893,155.428,,,,562.48,72.5,clean,0,,7,33,drone-pi,aarch64,Raspberry Pi 5 Model B Rev 1.0,true,4
1,smollm2-360m-instruct-Q4_K_M-warmup,0083,329,,,end_of_speech,749.24,,,,,,281.94,467.3,,,,562.48,73.6,clean,0,,18,43,drone-pi,aarch64,Raspberry Pi 5 Model B Rev 1.0,true,4
1,smollm2-360m-instruct-Q4_K_M-warmup,0168,330,,,end_of_speech,310.28,,,,,,26.248,284.032,,,,562.48,73.0,clean,0,,12,35,drone-pi,aarch64,Raspberry Pi 5 Model B Rev 1.0,true,4
1,smollm2-360m-instruct-Q4_K_M-warmup,0134,331,,,end_of_speech,468.666,,,,,,26.531,442.135,,,,562.48,72.5,clean,0,,18,51,drone-pi,aarch64,Raspberry Pi 5 Model B Rev 1.0,true,4
1,smollm2-360m-instruct-Q4_K_M-warmup,0128,332,,,end_of_speech,597.734,,,,,,26.448,571.286,,,,562.48,73.0,clean,0,,23,45,drone-pi,aarch64,Raspberry Pi 5 Model B Rev 1.0,true,4
1,smollm2-360m-instruct-Q4_K_M-warmup,0092,333,,,end_of_speech,465.757,,,,,,26.273,439.484,,,,562.48,71.9,clean,0,,18,37,drone-pi,aarch64,Raspberry Pi 5 Model B Rev 1.0,true,4
1,smollm2-360m-instruct-Q4_K_M-warmup,0120,334,,,end_of_speech,599.699,,,,,,26.6,573.099,,,,562.48,71.9,clean,0,,23,53,drone-pi,aarch64,Raspberry Pi 5 Model B Rev 1.0,true,4
1,smollm2-360m-instruct-Q4_K_M-warmup,0059,335,,,end_of_speech,544.847,,,,,,26.315,518.532,,,,562.48,73.6,clean,0,,21,44,drone-pi,aarch64,Raspberry Pi 5 Model B Rev 1.0,true,4
1,smollm2-360m-instruct-Q4_K_M-warmup,0141,336,,,end_of_speech,678.287,,,,,,26.472,651.815,,,,562.48,73.6,clean,0,,26,50,drone-pi,aarch64,Raspberry Pi 5 Model B Rev 1.0,true,4
1,smollm2-360m-instruct-Q4_K_M-warmup,0108,337,,,end_of_speech,362.214,,,,,,26.32,335.894,,,,562.48,74.1,clean,0,,14,41,drone-pi,aarch64,Raspberry Pi 5 Model B Rev 1.0,true,4
1,smollm2-360m-instruct-Q4_K_M-warmup,0159,338,,,end_of_speech,492.236,,,,,,26.309,465.927,,,,562.48,71.9,clean,0,,19,40,drone-pi,aarch64,Raspberry Pi 5 Model B Rev 1.0,true,4
1,smollm2-360m-instruct-Q4_K_M-warmup,0056,339,,,end_of_speech,467.012,,,,,,26.291,440.721,,,,562.48,73.6,clean,0,,18,42,drone-pi,aarch64,Raspberry Pi 5 Model B Rev 1.0,true,4
1,smollm2-360m-instruct-Q4_K_M-warmup,0009,340,,,end_of_speech,358.647,,,,,,203.286,155.361,,,,562.48,72.5,clean,0,,7,37,drone-pi,aarch64,Raspberry Pi 5 Model B Rev 1.0,true,4
1,smollm2-360m-instruct-Q4_K_M-warmup,0038,341,,,end_of_speech,1257.835,,,,,,445.012,812.823,,,,562.48,72.5,clean,0,,32,56,drone-pi,aarch64,Raspberry Pi 5 Model B Rev 1.0,true,4
1,smollm2-360m-instruct-Q4_K_M-warmup,0167,342,,,end_of_speech,465.514,,,,,,25.889,439.625,,,,562.48,71.9,clean,0,,18,37,drone-pi,aarch64,Raspberry Pi 5 Model B Rev 1.0,true,4
1,smollm2-360m-instruct-Q4_K_M-warmup,0114,343,,,end_of_speech,597.977,,,,,,26.443,571.534,,,,562.48,72.5,clean,0,,23,46,drone-pi,aarch64,Raspberry Pi 5 Model B Rev 1.0,true,4
1,smollm2-360m-instruct-Q4_K_M-warmup,0145,344,,,end_of_speech,334.178,,,,,,152.816,181.362,,,,562.48,72.5,clean,0,,8,34,drone-pi,aarch64,Raspberry Pi 5 Model B Rev 1.0,true,4
1,smollm2-360m-instruct-Q4_K_M-warmup,0137,345,,,end_of_speech,345.82,,,,,,189.626,156.194,,,,562.48,73.6,clean,0,,7,37,drone-pi,aarch64,Raspberry Pi 5 Model B Rev 1.0,true,4
1,smollm2-360m-instruct-Q4_K_M-warmup,0020,346,,,end_of_speech,473.84,,,,,,189.534,284.306,,,,562.48,72.5,clean,0,,12,36,drone-pi,aarch64,Raspberry Pi 5 Model B Rev 1.0,true,4
1,smollm2-360m-instruct-Q4_K_M-warmup,0080,347,,,end_of_speech,307.871,,,,,,152.669,155.202,,,,562.48,73.6,clean,0,,7,33,drone-pi,aarch64,Raspberry Pi 5 Model B Rev 1.0,true,4
1,smollm2-360m-instruct-Q4_K_M-warmup,0069,348,,,end_of_speech,526.127,,,,,,189.645,336.482,,,,562.48,72.5,clean,0,,14,36,drone-pi,aarch64,Raspberry Pi 5 Model B Rev 1.0,true,4
1,smollm2-360m-instruct-Q4_K_M-warmup,0047,349,,,end_of_speech,335.687,,,,,,25.928,309.759,,,,562.48,72.5,clean,0,,13,40,drone-pi,aarch64,Raspberry Pi 5 Model B Rev 1.0,true,4
1,smollm2-360m-instruct-Q4_K_M-warmup,0050,350,,,end_of_speech,362.088,,,,,,26.294,335.794,,,,562.48,73.6,clean,0,,14,39,drone-pi,aarch64,Raspberry Pi 5 Model B Rev 1.0,true,4
1,smollm2-360m-instruct-Q4_K_M-warmup,0172,351,,,end_of_speech,467.138,,,,,,26.336,440.802,,,,562.48,72.5,clean,0,,18,41,drone-pi,aarch64,Raspberry Pi 5 Model B Rev 1.0,true,4
1,smollm2-360m-instruct-Q4_K_M-warmup,0076,352,,,end_of_speech,335.21,,,,,,26.16,309.05,,,,562.5,73.6,clean,0,,13,34,drone-pi,aarch64,Raspberry Pi 5 Model B Rev 1.0,true,4
1,smollm2-360m-instruct-Q4_K_M-warmup,0180,353,,,end_of_speech,649.95,,,,,,26.66,623.29,,,,562.5,71.9,clean,0,,25,42,drone-pi,aarch64,Raspberry Pi 5 Model B Rev 1.0,true,4
1,smollm2-360m-instruct-Q4_K_M-warmup,0064,354,,,end_of_speech,475.848,,,,,,140.041,335.807,,,,562.5,73.0,clean,0,,14,34,drone-pi,aarch64,Raspberry Pi 5 Model B Rev 1.0,true,4
1,smollm2-360m-instruct-Q4_K_M-warmup,0022,355,,,end_of_speech,465.187,,,,,,26.275,438.912,,,,562.5,72.5,clean,0,,18,34,drone-pi,aarch64,Raspberry Pi 5 Model B Rev 1.0,true,4
1,smollm2-360m-instruct-Q4_K_M-warmup,0149,356,,,end_of_speech,622.399,,,,,,26.406,595.993,,,,562.5,71.9,clean,0,,24,38,drone-pi,aarch64,Raspberry Pi 5 Model B Rev 1.0,true,4
1,smollm2-360m-instruct-Q4_K_M-warmup,0169,357,,,end_of_speech,650.533,,,,,,26.489,624.044,,,,562.5,73.6,clean,0,,25,44,drone-pi,aarch64,Raspberry Pi 5 Model B Rev 1.0,true,4
1,smollm2-360m-instruct-Q4_K_M-warmup,0152,358,,,end_of_speech,336.183,,,,,,26.265,309.918,,,,562.52,72.5,clean,0,,13,39,drone-pi,aarch64,Raspberry Pi 5 Model B Rev 1.0,true,4
1,smollm2-360m-instruct-Q4_K_M-warmup,0010,359,,,end_of_speech,810.658,,,,,,26.49,784.168,,,,562.52,72.5,clean,0,,31,55,drone-pi,aarch64,Raspberry Pi 5 Model B Rev 1.0,true,4
1,smollm2-360m-instruct-Q4_K_M-warmup,0151,360,,,end_of_speech,439.81,,,,,,26.566,413.244,,,,559.5,70.8,clean,0,,17,38,drone-pi,aarch64,Raspberry Pi 5 Model B Rev 1.0,true,4
1,smollm2-360m-instruct-Q4_K_M-warmup,0162,361,,,end_of_speech,599.538,,,,,,26.649,572.889,,,,559.5,72.5,clean,0,,23,52,drone-pi,aarch64,Raspberry Pi 5 Model B Rev 1.0,true,4
1,smollm2-360m-instruct-Q4_K_M-warmup,0182,362,,,end_of_speech,345.146,,,,,,189.483,155.663,,,,559.5,71.9,clean,0,,7,36,drone-pi,aarch64,Raspberry Pi 5 Model B Rev 1.0,true,4
1,smollm2-360m-instruct-Q4_K_M-warmup,0072,363,,,end_of_speech,463.026,,,,,,152.786,310.24,,,,559.5,72.5,clean,0,,13,33,drone-pi,aarch64,Raspberry Pi 5 Model B Rev 1.0,true,4
1,smollm2-360m-instruct-Q4_K_M-warmup,0033,364,,,end_of_speech,310.268,,,,,,25.899,284.369,,,,559.5,73.6,clean,0,,12,38,drone-pi,aarch64,Raspberry Pi 5 Model B Rev 1.0,true,4
1,smollm2-360m-instruct-Q4_K_M-warmup,0116,365,,,end_of_speech,388.506,,,,,,26.353,362.153,,,,559.5,73.0,clean,0,,15,44,drone-pi,aarch64,Raspberry Pi 5 Model B Rev 1.0,true,4
1,smollm2-360m-instruct-Q4_K_M-warmup,0105,366,,,end_of_speech,622.471,,,,,,26.339,596.132,,,,559.5,74.7,clean,0,,24,40,drone-pi,aarch64,Raspberry Pi 5 Model B Rev 1.0,true,4
1,smollm2-360m-instruct-Q4_K_M-warmup,0089,367,,,end_of_speech,944.126,,,,,,26.726,917.4,,,,559.5,71.9,clean,0,,36,58,drone-pi,aarch64,Raspberry Pi 5 Model B Rev 1.0,true,4
1,smollm2-360m-instruct-Q4_K_M-warmup,0062,368,,,end_of_speech,387.602,,,,,,26.248,361.354,,,,559.5,71.9,clean,0,,15,37,drone-pi,aarch64,Raspberry Pi 5 Model B Rev 1.0,true,4
1,smollm2-360m-instruct-Q4_K_M-warmup,0113,369,,,end_of_speech,895.609,,,,,,26.571,869.038,,,,562.52,71.9,clean,0,,34,47,drone-pi,aarch64,Raspberry Pi 5 Model B Rev 1.0,true,4
1,smollm2-360m-instruct-Q4_K_M-warmup,0193,370,,,end_of_speech,625.094,,,,,,26.532,598.562,,,,562.52,71.9,clean,0,,24,48,drone-pi,aarch64,Raspberry Pi 5 Model B Rev 1.0,true,4
1,smollm2-360m-instruct-Q4_K_M-warmup,0006,371,,,end_of_speech,308.466,,,,,,152.702,155.764,,,,562.52,73.6,clean,0,,7,33,drone-pi,aarch64,Raspberry Pi 5 Model B Rev 1.0,true,4
1,smollm2-360m-instruct-Q4_K_M-warmup,0196,372,,,end_of_speech,631.053,,,,,,241.392,389.661,,,,562.52,71.9,clean,0,,16,40,drone-pi,aarch64,Raspberry Pi 5 Model B Rev 1.0,true,4
1,smollm2-360m-instruct-Q4_K_M-warmup,0186,373,,,end_of_speech,622.378,,,,,,25.916,596.462,,,,562.52,71.9,clean,0,,24,41,drone-pi,aarch64,Raspberry Pi 5 Model B Rev 1.0,true,4
1,smollm2-360m-instruct-Q4_K_M-warmup,0075,374,,,end_of_speech,758.4,,,,,,26.615,731.785,,,,562.52,73.6,clean,0,,29,54,drone-pi,aarch64,Raspberry Pi 5 Model B Rev 1.0,true,4
1,smollm2-360m-instruct-Q4_K_M-warmup,0131,375,,,end_of_speech,624.439,,,,,,26.536,597.903,,,,562.52,72.5,clean,0,,24,48,drone-pi,aarch64,Raspberry Pi 5 Model B Rev 1.0,true,4
1,smollm2-360m-instruct-Q4_K_M-warmup,0121,376,,,end_of_speech,475.065,,,,,,139.813,335.252,,,,562.52,72.5,clean,0,,14,32,drone-pi,aarch64,Raspberry Pi 5 Model B Rev 1.0,true,4
1,smollm2-360m-instruct-Q4_K_M-warmup,0101,377,,,end_of_speech,517.911,,,,,,26.55,491.361,,,,562.52,72.5,clean,0,,20,41,drone-pi,aarch64,Raspberry Pi 5 Model B Rev 1.0,true,4
1,smollm2-360m-instruct-Q4_K_M-warmup,0032,378,,,end_of_speech,294.659,,,,,,139.859,154.8,,,,562.52,72.5,clean,0,,7,32,drone-pi,aarch64,Raspberry Pi 5 Model B Rev 1.0,true,4
1,smollm2-360m-instruct-Q4_K_M-warmup,0018,379,,,end_of_speech,331.791,,,,,,176.055,155.736,,,,562.52,72.5,clean,0,,7,35,drone-pi,aarch64,Raspberry Pi 5 Model B Rev 1.0,true,4
1,smollm2-360m-instruct-Q4_K_M-warmup,0049,380,,,end_of_speech,968.666,,,,,,291.566,677.1,,,,562.52,71.9,clean,0,,27,44,drone-pi,aarch64,Raspberry Pi 5 Model B Rev 1.0,true,4
1,smollm2-360m-instruct-Q4_K_M-warmup,0065,381,,,end_of_speech,782.371,,,,,,26.201,756.17,,,,562.52,71.9,clean,0,,30,52,drone-pi,aarch64,Raspberry Pi 5 Model B Rev 1.0,true,4
1,smollm2-360m-instruct-Q4_K_M-warmup,0110,382,,,end_of_speech,701.835,,,,,,26.453,675.382,,,,562.52,73.6,clean,0,,27,45,drone-pi,aarch64,Raspberry Pi 5 Model B Rev 1.0,true,4
1,smollm2-360m-instruct-Q4_K_M-warmup,0048,383,,,end_of_speech,293.023,,,,,,112.371,180.652,,,,562.52,73.6,clean,0,,8,32,drone-pi,aarch64,Raspberry Pi 5 Model B Rev 1.0,true,4
1,smollm2-360m-instruct-Q4_K_M-warmup,0097,384,,,end_of_speech,370.026,,,,,,214.629,155.397,,,,562.53,72.5,clean,0,,7,38,drone-pi,aarch64,Raspberry Pi 5 Model B Rev 1.0,true,4
1,smollm2-360m-instruct-Q4_K_M-warmup,0127,385,,,end_of_speech,641.989,,,,,,228.05,413.939,,,,562.53,73.6,clean,0,,17,39,drone-pi,aarch64,Raspberry Pi 5 Model B Rev 1.0,true,4
1,smollm2-360m-instruct-Q4_K_M-warmup,0123,386,,,end_of_speech,622.474,,,,,,26.004,596.47,,,,562.53,71.9,clean,0,,24,40,drone-pi,aarch64,Raspberry Pi 5 Model B Rev 1.0,true,4
1,smollm2-360m-instruct-Q4_K_M-warmup,0144,387,,,end_of_speech,539.78,,,,,,203.263,336.517,,,,562.53,73.6,clean,0,,14,39,drone-pi,aarch64,Raspberry Pi 5 Model B Rev 1.0,true,4
1,smollm2-360m-instruct-Q4_K_M-warmup,0057,388,,,end_of_speech,307.809,,,,,,152.471,155.338,,,,562.53,71.9,clean,0,,7,33,drone-pi,aarch64,Raspberry Pi 5 Model B Rev 1.0,true,4
1,smollm2-360m-instruct-Q4_K_M-warmup,0083,389,,,end_of_speech,720.082,,,,,,278.577,441.505,,,,562.53,71.4,clean,0,,18,43,drone-pi,aarch64,Raspberry Pi 5 Model B Rev 1.0,true,4
1,smollm2-360m-instruct-Q4_K_M-warmup,0168,390,,,end_of_speech,309.917,,,,,,26.365,283.552,,,,563.64,71.9,clean,0,,12,35,drone-pi,aarch64,Raspberry Pi 5 Model B Rev 1.0,true,4
1,smollm2-360m-instruct-Q4_K_M-warmup,0134,391,,,end_of_speech,468.547,,,,,,26.591,441.956,,,,563.64,72.5,clean,0,,18,51,drone-pi,aarch64,Raspberry Pi 5 Model B Rev 1.0,true,4
1,smollm2-360m-instruct-Q4_K_M-warmup,0128,392,,,end_of_speech,597.25,,,,,,26.511,570.739,,,,563.64,73.6,clean,0,,23,45,drone-pi,aarch64,Raspberry Pi 5 Model B Rev 1.0,true,4
1,smollm2-360m-instruct-Q4_K_M-warmup,0092,393,,,end_of_speech,465.865,,,,,,26.212,439.653,,,,563.64,72.5,clean,0,,18,37,drone-pi,aarch64,Raspberry Pi 5 Model B Rev 1.0,true,4
1,smollm2-360m-instruct-Q4_K_M-warmup,0120,394,,,end_of_speech,600.273,,,,,,26.615,573.658,,,,563.64,71.9,clean,0,,23,53,drone-pi,aarch64,Raspberry Pi 5 Model B Rev 1.0,true,4
1,smollm2-360m-instruct-Q4_K_M-warmup,0059,395,,,end_of_speech,545.224,,,,,,26.398,518.826,,,,563.64,71.4,clean,0,,21,44,drone-pi,aarch64,Raspberry Pi 5 Model B Rev 1.0,true,4
1,smollm2-360m-instruct-Q4_K_M-warmup,0141,396,,,end_of_speech,677.909,,,,,,26.488,651.421,,,,563.64,73.6,clean,0,,26,50,drone-pi,aarch64,Raspberry Pi 5 Model B Rev 1.0,true,4
1,smollm2-360m-instruct-Q4_K_M-warmup,0108,397,,,end_of_speech,362.353,,,,,,26.324,336.029,,,,563.64,73.0,clean,0,,14,41,drone-pi,aarch64,Raspberry Pi 5 Model B Rev 1.0,true,4
1,smollm2-360m-instruct-Q4_K_M-warmup,0159,398,,,end_of_speech,492.117,,,,,,26.598,465.519,,,,563.64,71.9,clean,0,,19,40,drone-pi,aarch64,Raspberry Pi 5 Model B Rev 1.0,true,4
1,smollm2-360m-instruct-Q4_K_M-warmup,0056,399,,,end_of_speech,467.265,,,,,,26.356,440.909,,,,563.64,71.9,clean,0,,18,42,drone-pi,aarch64,Raspberry Pi 5 Model B Rev 1.0,true,4
1,smollm2-360m-instruct-Q4_K_M-warmup,0009,400,,,end_of_speech,358.365,,,,,,202.883,155.482,,,,563.66,73.6,clean,0,,7,37,drone-pi,aarch64,Raspberry Pi 5 Model B Rev 1.0,true,4
1,smollm2-360m-instruct-Q4_K_M-warmup,0038,401,,,end_of_speech,1257.95,,,,,,445.226,812.724,,,,563.66,73.6,clean,0,,32,56,drone-pi,aarch64,Raspberry Pi 5 Model B Rev 1.0,true,4
1,smollm2-360m-instruct-Q4_K_M-warmup,0167,402,,,end_of_speech,466.081,,,,,,25.819,440.262,,,,563.66,73.0,clean,0,,18,37,drone-pi,aarch64,Raspberry Pi 5 Model B Rev 1.0,true,4
1,smollm2-360m-instruct-Q4_K_M-warmup,0114,403,,,end_of_speech,597.975,,,,,,26.442,571.533,,,,563.66,71.9,clean,0,,23,46,drone-pi,aarch64,Raspberry Pi 5 Model B Rev 1.0,true,4
1,smollm2-360m-instruct-Q4_K_M-warmup,0145,404,,,end_of_speech,333.989,,,,,,152.716,181.273,,,,563.66,73.6,clean,0,,8,34,drone-pi,aarch64,Raspberry Pi 5 Model B Rev 1.0,true,4
1,smollm2-360m-instruct-Q4_K_M-warmup,0137,405,,,end_of_speech,345.116,,,,,,189.577,155.539,,,,563.66,72.5,clean,0,,7,37,drone-pi,aarch64,Raspberry Pi 5 Model B Rev 1.0,true,4
1,smollm2-360m-instruct-Q4_K_M-warmup,0020,406,,,end_of_speech,474.399,,,,,,189.614,284.785,,,,563.66,71.9,clean,0,,12,36,drone-pi,aarch64,Raspberry Pi 5 Model B Rev 1.0,true,4
1,smollm2-360m-instruct-Q4_K_M-warmup,0080,407,,,end_of_speech,307.905,,,,,,152.738,155.167,,,,563.66,71.9,clean,0,,7,33,drone-pi,aarch64,Raspberry Pi 5 Model B Rev 1.0,true,4
1,smollm2-360m-instruct-Q4_K_M-warmup,0069,408,,,end_of_speech,526.596,,,,,,189.586,337.01,,,,563.66,72.5,clean,0,,14,36,drone-pi,aarch64,Raspberry Pi 5 Model B Rev 1.0,true,4
1,smollm2-360m-instruct-Q4_K_M-warmup,0047,409,,,end_of_speech,335.746,,,,,,25.89,309.856,,,,563.66,71.4,clean,0,,13,40,drone-pi,aarch64,Raspberry Pi 5 Model B Rev 1.0,true,4
1,smollm2-360m-instruct-Q4_K_M-warmup,0050,410,,,end_of_speech,361.373,,,,,,26.305,335.068,,,,563.66,72.5,clean,0,,14,39,drone-pi,aarch64,Raspberry Pi 5 Model B Rev 1.0,true,4
1,smollm2-360m-instruct-Q4_K_M-warmup,0172,411,,,end_of_speech,466.876,,,,,,26.293,440.583,,,,563.66,73.0,clean,0,,18,41,drone-pi,aarch64,Raspberry Pi 5 Model B Rev 1.0,true,4
1,smollm2-360m-instruct-Q4_K_M-warmup,0076,412,,,end_of_speech,334.719,,,,,,26.321,308.398,,,,563.66,72.5,clean,0,,13,34,drone-pi,aarch64,Raspberry Pi 5 Model B Rev 1.0,true,4
1,smollm2-360m-instruct-Q4_K_M-warmup,0180,413,,,end_of_speech,649.255,,,,,,26.321,622.934,,,,563.66,73.0,clean,0,,25,42,drone-pi,aarch64,Raspberry Pi 5 Model B Rev 1.0,true,4
1,smollm2-360m-instruct-Q4_K_M-warmup,0064,414,,,end_of_speech,475.424,,,,,,140.251,335.173,,,,563.66,72.5,clean,0,,14,34,drone-pi,aarch64,Raspberry Pi 5 Model B Rev 1.0,true,4
1,smollm2-360m-instruct-Q4_K_M-warmup,0022,415,,,end_of_speech,464.552,,,,,,26.126,438.426,,,,563.66,72.5,clean,0,,18,34,drone-pi,aarch64,Raspberry Pi 5 Model B Rev 1.0,true,4
1,smollm2-360m-instruct-Q4_K_M-warmup,0149,416,,,end_of_speech,621.602,,,,,,26.213,595.389,,,,563.66,71.9,clean,0,,24,38,drone-pi,aarch64,Raspberry Pi 5 Model B Rev 1.0,true,4
1,smollm2-360m-instruct-Q4_K_M-warmup,0169,417,,,end_of_speech,649.922,,,,,,26.621,623.301,,,,563.66,73.0,clean,0,,25,44,drone-pi,aarch64,Raspberry Pi 5 Model B Rev 1.0,true,4
1,smollm2-360m-instruct-Q4_K_M-warmup,0152,418,,,end_of_speech,336.19,,,,,,26.23,309.96,,,,563.66,71.9,clean,0,,13,39,drone-pi,aarch64,Raspberry Pi 5 Model B Rev 1.0,true,4
1,smollm2-360m-instruct-Q4_K_M-warmup,0010,419,,,end_of_speech,811.655,,,,,,26.572,785.083,,,,563.66,73.0,clean,0,,31,55,drone-pi,aarch64,Raspberry Pi 5 Model B Rev 1.0,true,4
1,smollm2-360m-instruct-Q4_K_M-warmup,0151,420,,,end_of_speech,440.062,,,,,,26.512,413.55,,,,563.66,73.0,clean,0,,17,38,drone-pi,aarch64,Raspberry Pi 5 Model B Rev 1.0,true,4
1,smollm2-360m-instruct-Q4_K_M-warmup,0162,421,,,end_of_speech,599.433,,,,,,26.477,572.956,,,,563.66,73.0,clean,0,,23,52,drone-pi,aarch64,Raspberry Pi 5 Model B Rev 1.0,true,4
1,smollm2-360m-instruct-Q4_K_M-warmup,0182,422,,,end_of_speech,345.242,,,,,,189.776,155.466,,,,563.66,71.9,clean,0,,7,36,drone-pi,aarch64,Raspberry Pi 5 Model B Rev 1.0,true,4
1,smollm2-360m-instruct-Q4_K_M-warmup,0072,423,,,end_of_speech,462.881,,,,,,152.591,310.29,,,,563.66,73.0,clean,0,,13,33,drone-pi,aarch64,Raspberry Pi 5 Model B Rev 1.0,true,4
1,smollm2-360m-instruct-Q4_K_M-warmup,0033,424,,,end_of_speech,309.884,,,,,,25.982,283.902,,,,563.66,71.4,clean,0,,12,38,drone-pi,aarch64,Raspberry Pi 5 Model B Rev 1.0,true,4
1,smollm2-360m-instruct-Q4_K_M-warmup,0116,425,,,end_of_speech,388.786,,,,,,26.427,362.359,,,,563.66,71.9,clean,0,,15,44,drone-pi,aarch64,Raspberry Pi 5 Model B Rev 1.0,true,4
1,smollm2-360m-instruct-Q4_K_M-warmup,0105,426,,,end_of_speech,622.902,,,,,,26.223,596.679,,,,563.66,71.4,clean,0,,24,40,drone-pi,aarch64,Raspberry Pi 5 Model B Rev 1.0,true,4
1,smollm2-360m-instruct-Q4_K_M-warmup,0089,427,,,end_of_speech,943.308,,,,,,26.59,916.718,,,,563.66,73.6,clean,0,,36,58,drone-pi,aarch64,Raspberry Pi 5 Model B Rev 1.0,true,4
1,smollm2-360m-instruct-Q4_K_M-warmup,0062,428,,,end_of_speech,387.238,,,,,,26.273,360.965,,,,563.66,71.9,clean,0,,15,37,drone-pi,aarch64,Raspberry Pi 5 Model B Rev 1.0,true,4
1,smollm2-360m-instruct-Q4_K_M-warmup,0113,429,,,end_of_speech,894.759,,,,,,26.335,868.424,,,,563.67,73.0,clean,0,,34,47,drone-pi,aarch64,Raspberry Pi 5 Model B Rev 1.0,true,4
1,smollm2-360m-instruct-Q4_K_M-warmup,0193,430,,,end_of_speech,625.054,,,,,,26.813,598.241,,,,563.67,71.9,clean,0,,24,48,drone-pi,aarch64,Raspberry Pi 5 Model B Rev 1.0,true,4
1,smollm2-360m-instruct-Q4_K_M-warmup,0006,431,,,end_of_speech,308.064,,,,,,152.607,155.457,,,,563.67,73.0,clean,0,,7,33,drone-pi,aarch64,Raspberry Pi 5 Model B Rev 1.0,true,4
1,smollm2-360m-instruct-Q4_K_M-warmup,0196,432,,,end_of_speech,629.952,,,,,,241.357,388.595,,,,563.67,72.5,clean,0,,16,40,drone-pi,aarch64,Raspberry Pi 5 Model B Rev 1.0,true,4
1,smollm2-360m-instruct-Q4_K_M-warmup,0186,433,,,end_of_speech,622.404,,,,,,26.156,596.248,,,,563.67,72.5,clean,0,,24,41,drone-pi,aarch64,Raspberry Pi 5 Model B Rev 1.0,true,4
1,smollm2-360m-instruct-Q4_K_M-warmup,0075,434,,,end_of_speech,757.471,,,,,,26.434,731.037,,,,563.67,71.9,clean,0,,29,54,drone-pi,aarch64,Raspberry Pi 5 Model B Rev 1.0,true,4
1,smollm2-360m-instruct-Q4_K_M-warmup,0131,435,,,end_of_speech,624.58,,,,,,26.527,598.053,,,,563.67,71.4,clean,0,,24,48,drone-pi,aarch64,Raspberry Pi 5 Model B Rev 1.0,true,4
1,smollm2-360m-instruct-Q4_K_M-warmup,0121,436,,,end_of_speech,474.94,,,,,,139.88,335.06,,,,563.67,73.0,clean,0,,14,32,drone-pi,aarch64,Raspberry Pi 5 Model B Rev 1.0,true,4
1,smollm2-360m-instruct-Q4_K_M-warmup,0101,437,,,end_of_speech,518.428,,,,,,26.342,492.086,,,,563.67,71.4,clean,0,,20,41,drone-pi,aarch64,Raspberry Pi 5 Model B Rev 1.0,true,4
1,smollm2-360m-instruct-Q4_K_M-warmup,0032,438,,,end_of_speech,295.047,,,,,,139.878,155.169,,,,563.67,72.5,clean,0,,7,32,drone-pi,aarch64,Raspberry Pi 5 Model B Rev 1.0,true,4
1,smollm2-360m-instruct-Q4_K_M-warmup,0018,439,,,end_of_speech,331.493,,,,,,176.013,155.48,,,,563.67,73.6,clean,0,,7,35,drone-pi,aarch64,Raspberry Pi 5 Model B Rev 1.0,true,4
1,smollm2-360m-instruct-Q4_K_M-warmup,0049,440,,,end_of_speech,973.199,,,,,,291.556,681.643,,,,563.67,72.5,clean,0,,27,44,drone-pi,aarch64,Raspberry Pi 5 Model B Rev 1.0,true,4
1,smollm2-360m-instruct-Q4_K_M-warmup,0065,441,,,end_of_speech,870.279,,,,,,26.303,843.976,,,,563.67,71.4,clean,0,,30,52,drone-pi,aarch64,Raspberry Pi 5 Model B Rev 1.0,true,4
1,smollm2-360m-instruct-Q4_K_M-warmup,0110,442,,,end_of_speech,714.136,,,,,,26.719,687.417,,,,563.67,71.9,clean,0,,27,45,drone-pi,aarch64,Raspberry Pi 5 Model B Rev 1.0,true,4
1,smollm2-360m-instruct-Q4_K_M-warmup,0048,443,,,end_of_speech,293.357,,,,,,112.39,180.967,,,,563.67,72.5,clean,0,,8,32,drone-pi,aarch64,Raspberry Pi 5 Model B Rev 1.0,true,4
1,smollm2-360m-instruct-Q4_K_M-warmup,0097,444,,,end_of_speech,370.413,,,,,,214.413,156.0,,,,563.67,73.6,clean,0,,7,38,drone-pi,aarch64,Raspberry Pi 5 Model B Rev 1.0,true,4
1,smollm2-360m-instruct-Q4_K_M-warmup,0127,445,,,end_of_speech,642.86,,,,,,227.861,414.999,,,,563.67,73.0,clean,0,,17,39,drone-pi,aarch64,Raspberry Pi 5 Model B Rev 1.0,true,4
1,smollm2-360m-instruct-Q4_K_M-warmup,0123,446,,,end_of_speech,622.83,,,,,,25.908,596.922,,,,563.67,71.4,clean,0,,24,40,drone-pi,aarch64,Raspberry Pi 5 Model B Rev 1.0,true,4
1,smollm2-360m-instruct-Q4_K_M-warmup,0144,447,,,end_of_speech,540.127,,,,,,203.421,336.706,,,,563.67,71.9,clean,0,,14,39,drone-pi,aarch64,Raspberry Pi 5 Model B Rev 1.0,true,4
1,smollm2-360m-instruct-Q4_K_M-warmup,0057,448,,,end_of_speech,308.169,,,,,,152.724,155.445,,,,563.67,71.4,clean,0,,7,33,drone-pi,aarch64,Raspberry Pi 5 Model B Rev 1.0,true,4
1,smollm2-360m-instruct-Q4_K_M-warmup,0083,449,,,end_of_speech,720.981,,,,,,278.61,442.371,,,,563.67,72.5,clean,0,,18,43,drone-pi,aarch64,Raspberry Pi 5 Model B Rev 1.0,true,4
1,smollm2-360m-instruct-Q4_K_M-warmup,0168,450,,,end_of_speech,310.592,,,,,,26.395,284.197,,,,563.67,71.4,clean,0,,12,35,drone-pi,aarch64,Raspberry Pi 5 Model B Rev 1.0,true,4
1,smollm2-360m-instruct-Q4_K_M-warmup,0134,451,,,end_of_speech,469.288,,,,,,26.378,442.91,,,,563.67,72.5,clean,0,,18,51,drone-pi,aarch64,Raspberry Pi 5 Model B Rev 1.0,true,4
1,smollm2-360m-instruct-Q4_K_M-warmup,0128,452,,,end_of_speech,598.362,,,,,,26.55,571.812,,,,563.67,72.5,clean,0,,23,45,drone-pi,aarch64,Raspberry Pi 5 Model B Rev 1.0,true,4
1,smollm2-360m-instruct-Q4_K_M-warmup,0092,453,,,end_of_speech,466.489,,,,,,26.332,440.157,,,,563.67,73.0,clean,0,,18,37,drone-pi,aarch64,Raspberry Pi 5 Model B Rev 1.0,true,4
1,smollm2-360m-instruct-Q4_K_M-warmup,0120,454,,,end_of_speech,600.833,,,,,,26.669,574.164,,,,563.67,73.6,clean,0,,23,53,drone-pi,aarch64,Raspberry Pi 5 Model B Rev 1.0,true,4
1,smollm2-360m-instruct-Q4_K_M-warmup,0059,455,,,end_of_speech,546.402,,,,,,26.508,519.894,,,,563.67,73.0,clean,0,,21,44,drone-pi,aarch64,Raspberry Pi 5 Model B Rev 1.0,true,4
1,smollm2-360m-instruct-Q4_K_M-warmup,0141,456,,,end_of_speech,678.469,,,,,,26.536,651.933,,,,563.67,72.5,clean,0,,26,50,drone-pi,aarch64,Raspberry Pi 5 Model B Rev 1.0,true,4
1,smollm2-360m-instruct-Q4_K_M-warmup,0108,457,,,end_of_speech,363.006,,,,,,26.478,336.528,,,,563.67,72.5,clean,0,,14,41,drone-pi,aarch64,Raspberry Pi 5 Model B Rev 1.0,true,4
1,smollm2-360m-instruct-Q4_K_M-warmup,0159,458,,,end_of_speech,492.461,,,,,,26.381,466.08,,,,563.67,71.4,clean,0,,19,40,drone-pi,aarch64,Raspberry Pi 5 Model B Rev 1.0,true,4
1,smollm2-360m-instruct-Q4_K_M-warmup,0056,459,,,end_of_speech,467.978,,,,,,26.331,441.647,,,,563.67,71.4,clean,0,,18,42,drone-pi,aarch64,Raspberry Pi 5 Model B Rev 1.0,true,4
1,smollm2-360m-instruct-Q4_K_M-warmup,0009,460,,,end_of_speech,358.873,,,,,,203.035,155.838,,,,563.67,73.0,clean,0,,7,37,drone-pi,aarch64,Raspberry Pi 5 Model B Rev 1.0,true,4
1,smollm2-360m-instruct-Q4_K_M-warmup,0038,461,,,end_of_speech,1259.081,,,,,,445.181,813.9,,,,563.67,72.5,clean,0,,32,56,drone-pi,aarch64,Raspberry Pi 5 Model B Rev 1.0,true,4
1,smollm2-360m-instruct-Q4_K_M-warmup,0167,462,,,end_of_speech,466.303,,,,,,26.126,440.177,,,,563.67,71.9,clean,0,,18,37,drone-pi,aarch64,Raspberry Pi 5 Model B Rev 1.0,true,4
1,smollm2-360m-instruct-Q4_K_M-warmup,0114,463,,,end_of_speech,598.582,,,,,,26.421,572.161,,,,563.67,73.0,clean,0,,23,46,drone-pi,aarch64,Raspberry Pi 5 Model B Rev 1.0,true,4
1,smollm2-360m-instruct-Q4_K_M-warmup,0145,464,,,end_of_speech,334.427,,,,,,152.934,181.493,,,,563.67,71.4,clean,0,,8,34,drone-pi,aarch64,Raspberry Pi 5 Model B Rev 1.0,true,4
1,smollm2-360m-instruct-Q4_K_M-warmup,0137,465,,,end_of_speech,345.597,,,,,,189.612,155.985,,,,563.67,72.5,clean,0,,7,37,drone-pi,aarch64,Raspberry Pi 5 Model B Rev 1.0,true,4
1,smollm2-360m-instruct-Q4_K_M-warmup,0020,466,,,end_of_speech,474.419,,,,,,189.504,284.915,,,,563.67,71.4,clean,0,,12,36,drone-pi,aarch64,Raspberry Pi 5 Model B Rev 1.0,true,4
1,smollm2-360m-instruct-Q4_K_M-warmup,0080,467,,,end_of_speech,308.306,,,,,,152.682,155.624,,,,563.67,71.4,clean,0,,7,33,drone-pi,aarch64,Raspberry Pi 5 Model B Rev 1.0,true,4
1,smollm2-360m-instruct-Q4_K_M-warmup,0069,468,,,end_of_speech,526.468,,,,,,189.603,336.865,,,,563.67,70.3,clean,0,,14,36,drone-pi,aarch64,Raspberry Pi 5 Model B Rev 1.0,true,4
1,smollm2-360m-instruct-Q4_K_M-warmup,0047,469,,,end_of_speech,336.519,,,,,,25.943,310.576,,,,563.67,71.9,clean,0,,13,40,drone-pi,aarch64,Raspberry Pi 5 Model B Rev 1.0,true,4
1,smollm2-360m-instruct-Q4_K_M-warmup,0050,470,,,end_of_speech,361.798,,,,,,26.268,335.53,,,,563.67,71.9,clean,0,,14,39,drone-pi,aarch64,Raspberry Pi 5 Model B Rev 1.0,true,4
1,smollm2-360m-instruct-Q4_K_M-warmup,0172,471,,,end_of_speech,467.391,,,,,,26.351,441.04,,,,563.67,72.5,clean,0,,18,41,drone-pi,aarch64,Raspberry Pi 5 Model B Rev 1.0,true,4
1,smollm2-360m-instruct-Q4_K_M-warmup,0076,472,,,end_of_speech,335.369,,,,,,26.21,309.159,,,,563.67,72.5,clean,0,,13,34,drone-pi,aarch64,Raspberry Pi 5 Model B Rev 1.0,true,4
1,smollm2-360m-instruct-Q4_K_M-warmup,0180,473,,,end_of_speech,649.567,,,,,,26.311,623.256,,,,563.67,72.5,clean,0,,25,42,drone-pi,aarch64,Raspberry Pi 5 Model B Rev 1.0,true,4
1,smollm2-360m-instruct-Q4_K_M-warmup,0064,474,,,end_of_speech,476.401,,,,,,140.151,336.25,,,,563.67,73.0,clean,0,,14,34,drone-pi,aarch64,Raspberry Pi 5 Model B Rev 1.0,true,4
1,smollm2-360m-instruct-Q4_K_M-warmup,0022,475,,,end_of_speech,465.424,,,,,,26.226,439.198,,,,563.67,72.5,clean,0,,18,34,drone-pi,aarch64,Raspberry Pi 5 Model B Rev 1.0,true,4
1,smollm2-360m-instruct-Q4_K_M-warmup,0149,476,,,end_of_speech,623.243,,,,,,26.211,597.032,,,,563.67,71.4,clean,0,,24,38,drone-pi,aarch64,Raspberry Pi 5 Model B Rev 1.0,true,4
1,smollm2-360m-instruct-Q4_K_M-warmup,0169,477,,,end_of_speech,650.215,,,,,,26.461,623.754,,,,563.67,70.8,clean,0,,25,44,drone-pi,aarch64,Raspberry Pi 5 Model B Rev 1.0,true,4
1,smollm2-360m-instruct-Q4_K_M-warmup,0152,478,,,end_of_speech,336.668,,,,,,26.389,310.279,,,,563.67,73.0,clean,0,,13,39,drone-pi,aarch64,Raspberry Pi 5 Model B Rev 1.0,true,4
1,smollm2-360m-instruct-Q4_K_M-warmup,0010,479,,,end_of_speech,811.719,,,,,,26.594,785.125,,,,563.67,73.0,clean,0,,31,55,drone-pi,aarch64,Raspberry Pi 5 Model B Rev 1.0,true,4
1,smollm2-360m-instruct-Q4_K_M-warmup,0151,480,,,end_of_speech,439.971,,,,,,26.376,413.595,,,,563.67,73.0,clean,0,,17,38,drone-pi,aarch64,Raspberry Pi 5 Model B Rev 1.0,true,4
1,smollm2-360m-instruct-Q4_K_M-warmup,0162,481,,,end_of_speech,600.375,,,,,,26.514,573.861,,,,563.67,71.9,clean,0,,23,52,drone-pi,aarch64,Raspberry Pi 5 Model B Rev 1.0,true,4
1,smollm2-360m-instruct-Q4_K_M-warmup,0182,482,,,end_of_speech,345.427,,,,,,189.633,155.794,,,,563.67,71.4,clean,0,,7,36,drone-pi,aarch64,Raspberry Pi 5 Model B Rev 1.0,true,4
1,smollm2-360m-instruct-Q4_K_M-warmup,0072,483,,,end_of_speech,463.125,,,,,,152.768,310.357,,,,563.67,72.5,clean,0,,13,33,drone-pi,aarch64,Raspberry Pi 5 Model B Rev 1.0,true,4
1,smollm2-360m-instruct-Q4_K_M-warmup,0033,484,,,end_of_speech,310.559,,,,,,25.929,284.63,,,,563.67,72.5,clean,0,,12,38,drone-pi,aarch64,Raspberry Pi 5 Model B Rev 1.0,true,4
1,smollm2-360m-instruct-Q4_K_M-warmup,0116,485,,,end_of_speech,389.353,,,,,,26.295,363.058,,,,563.67,71.4,clean,0,,15,44,drone-pi,aarch64,Raspberry Pi 5 Model B Rev 1.0,true,4
1,smollm2-360m-instruct-Q4_K_M-warmup,0105,486,,,end_of_speech,622.752,,,,,,26.593,596.159,,,,563.67,73.0,clean,0,,24,40,drone-pi,aarch64,Raspberry Pi 5 Model B Rev 1.0,true,4
1,smollm2-360m-instruct-Q4_K_M-warmup,0089,487,,,end_of_speech,944.797,,,,,,26.727,918.07,,,,563.67,73.0,clean,0,,36,58,drone-pi,aarch64,Raspberry Pi 5 Model B Rev 1.0,true,4
1,smollm2-360m-instruct-Q4_K_M-warmup,0062,488,,,end_of_speech,388.228,,,,,,26.42,361.808,,,,563.67,71.9,clean,0,,15,37,drone-pi,aarch64,Raspberry Pi 5 Model B Rev 1.0,true,4
1,smollm2-360m-instruct-Q4_K_M-warmup,0113,489,,,end_of_speech,895.715,,,,,,26.537,869.178,,,,563.67,71.9,clean,0,,34,47,drone-pi,aarch64,Raspberry Pi 5 Model B Rev 1.0,true,4
1,smollm2-360m-instruct-Q4_K_M-warmup,0193,490,,,end_of_speech,625.808,,,,,,26.59,599.218,,,,563.67,71.9,clean,0,,24,48,drone-pi,aarch64,Raspberry Pi 5 Model B Rev 1.0,true,4
1,smollm2-360m-instruct-Q4_K_M-warmup,0006,491,,,end_of_speech,308.685,,,,,,152.783,155.902,,,,563.67,71.4,clean,0,,7,33,drone-pi,aarch64,Raspberry Pi 5 Model B Rev 1.0,true,4
1,smollm2-360m-instruct-Q4_K_M-warmup,0196,492,,,end_of_speech,631.19,,,,,,241.523,389.667,,,,563.67,70.8,clean,0,,16,40,drone-pi,aarch64,Raspberry Pi 5 Model B Rev 1.0,true,4
1,smollm2-360m-instruct-Q4_K_M-warmup,0186,493,,,end_of_speech,623.341,,,,,,26.003,597.338,,,,563.67,72.5,clean,0,,24,41,drone-pi,aarch64,Raspberry Pi 5 Model B Rev 1.0,true,4
1,smollm2-360m-instruct-Q4_K_M-warmup,0075,494,,,end_of_speech,758.984,,,,,,26.574,732.41,,,,563.67,73.0,clean,0,,29,54,drone-pi,aarch64,Raspberry Pi 5 Model B Rev 1.0,true,4
1,smollm2-360m-instruct-Q4_K_M-warmup,0131,495,,,end_of_speech,625.09,,,,,,26.448,598.642,,,,563.67,71.4,clean,0,,24,48,drone-pi,aarch64,Raspberry Pi 5 Model B Rev 1.0,true,4
1,smollm2-360m-instruct-Q4_K_M-warmup,0121,496,,,end_of_speech,476.138,,,,,,139.824,336.314,,,,563.67,73.0,clean,0,,14,32,drone-pi,aarch64,Raspberry Pi 5 Model B Rev 1.0,true,4
1,smollm2-360m-instruct-Q4_K_M-warmup,0101,497,,,end_of_speech,518.504,,,,,,26.328,492.176,,,,563.67,71.4,clean,0,,20,41,drone-pi,aarch64,Raspberry Pi 5 Model B Rev 1.0,true,4
1,smollm2-360m-instruct-Q4_K_M-warmup,0032,498,,,end_of_speech,295.334,,,,,,139.995,155.339,,,,563.67,72.5,clean,0,,7,32,drone-pi,aarch64,Raspberry Pi 5 Model B Rev 1.0,true,4
1,smollm2-360m-instruct-Q4_K_M-warmup,0018,499,,,end_of_speech,331.763,,,,,,176.142,155.621,,,,563.67,71.9,clean,0,,7,35,drone-pi,aarch64,Raspberry Pi 5 Model B Rev 1.0,true,4
1,smollm2-360m-instruct-Q4_K_M-warmup,0049,500,,,end_of_speech,968.837,,,,,,291.546,677.291,,,,563.67,72.5,clean,0,,27,44,drone-pi,aarch64,Raspberry Pi 5 Model B Rev 1.0,true,4
1,smollm2-360m-instruct-Q4_K_M-warmup,0065,501,,,end_of_speech,783.524,,,,,,26.231,757.293,,,,563.67,73.0,clean,0,,30,52,drone-pi,aarch64,Raspberry Pi 5 Model B Rev 1.0,true,4
1,smollm2-360m-instruct-Q4_K_M-warmup,0110,502,,,end_of_speech,703.135,,,,,,26.43,676.705,,,,563.67,73.0,clean,0,,27,45,drone-pi,aarch64,Raspberry Pi 5 Model B Rev 1.0,true,4
1,smollm2-360m-instruct-Q4_K_M-warmup,0048,503,,,end_of_speech,293.397,,,,,,112.513,180.884,,,,563.67,71.4,clean,0,,8,32,drone-pi,aarch64,Raspberry Pi 5 Model B Rev 1.0,true,4
1,smollm2-360m-instruct-Q4_K_M-warmup,0097,504,,,end_of_speech,370.506,,,,,,214.517,155.989,,,,563.67,72.5,clean,0,,7,38,drone-pi,aarch64,Raspberry Pi 5 Model B Rev 1.0,true,4
1,smollm2-360m-instruct-Q4_K_M-warmup,0127,505,,,end_of_speech,643.932,,,,,,228.002,415.93,,,,563.67,72.5,clean,0,,17,39,drone-pi,aarch64,Raspberry Pi 5 Model B Rev 1.0,true,4
1,smollm2-360m-instruct-Q4_K_M-warmup,0123,506,,,end_of_speech,623.659,,,,,,26.018,597.641,,,,563.67,70.8,clean,0,,24,40,drone-pi,aarch64,Raspberry Pi 5 Model B Rev 1.0,true,4
1,smollm2-360m-instruct-Q4_K_M-warmup,0144,507,,,end_of_speech,540.534,,,,,,203.433,337.101,,,,563.67,71.9,clean,0,,14,39,drone-pi,aarch64,Raspberry Pi 5 Model B Rev 1.0,true,4
1,smollm2-360m-instruct-Q4_K_M-warmup,0057,508,,,end_of_speech,308.28,,,,,,152.862,155.418,,,,563.67,73.0,clean,0,,7,33,drone-pi,aarch64,Raspberry Pi 5 Model B Rev 1.0,true,4
1,smollm2-360m-instruct-Q4_K_M-warmup,0083,509,,,end_of_speech,720.153,,,,,,278.5,441.653,,,,563.67,73.0,clean,0,,18,43,drone-pi,aarch64,Raspberry Pi 5 Model B Rev 1.0,true,4
1,smollm2-360m-instruct-Q4_K_M-warmup,0168,510,,,end_of_speech,310.344,,,,,,26.348,283.996,,,,563.67,73.0,clean,0,,12,35,drone-pi,aarch64,Raspberry Pi 5 Model B Rev 1.0,true,4
1,smollm2-360m-instruct-Q4_K_M-warmup,0134,511,,,end_of_speech,469.378,,,,,,26.527,442.851,,,,563.67,71.9,clean,0,,18,51,drone-pi,aarch64,Raspberry Pi 5 Model B Rev 1.0,true,4
1,smollm2-360m-instruct-Q4_K_M-warmup,0128,512,,,end_of_speech,598.718,,,,,,26.499,572.219,,,,563.67,72.5,clean,0,,23,45,drone-pi,aarch64,Raspberry Pi 5 Model B Rev 1.0,true,4
1,smollm2-360m-instruct-Q4_K_M-warmup,0092,513,,,end_of_speech,466.061,,,,,,26.28,439.781,,,,563.67,73.0,clean,0,,18,37,drone-pi,aarch64,Raspberry Pi 5 Model B Rev 1.0,true,4
1,smollm2-360m-instruct-Q4_K_M-warmup,0120,514,,,end_of_speech,599.993,,,,,,26.563,573.43,,,,563.67,72.5,clean,0,,23,53,drone-pi,aarch64,Raspberry Pi 5 Model B Rev 1.0,true,4
1,smollm2-360m-instruct-Q4_K_M-warmup,0059,515,,,end_of_speech,545.876,,,,,,26.607,519.269,,,,563.67,72.5,clean,0,,21,44,drone-pi,aarch64,Raspberry Pi 5 Model B Rev 1.0,true,4
1,smollm2-360m-instruct-Q4_K_M-warmup,0141,516,,,end_of_speech,679.15,,,,,,26.512,652.638,,,,563.67,71.9,clean,0,,26,50,drone-pi,aarch64,Raspberry Pi 5 Model B Rev 1.0,true,4
1,smollm2-360m-instruct-Q4_K_M-warmup,0108,517,,,end_of_speech,362.585,,,,,,26.327,336.258,,,,563.67,73.0,clean,0,,14,41,drone-pi,aarch64,Raspberry Pi 5 Model B Rev 1.0,true,4
1,smollm2-360m-instruct-Q4_K_M-warmup,0159,518,,,end_of_speech,492.539,,,,,,26.29,466.249,,,,563.67,72.5,clean,0,,19,40,drone-pi,aarch64,Raspberry Pi 5 Model B Rev 1.0,true,4
1,smollm2-360m-instruct-Q4_K_M-warmup,0056,519,,,end_of_speech,467.614,,,,,,26.425,441.189,,,,563.67,71.4,clean,0,,18,42,drone-pi,aarch64,Raspberry Pi 5 Model B Rev 1.0,true,4
1,smollm2-360m-instruct-Q4_K_M-warmup,0009,520,,,end_of_speech,358.656,,,,,,203.085,155.571,,,,563.67,71.4,clean,0,,7,37,drone-pi,aarch64,Raspberry Pi 5 Model B Rev 1.0,true,4
1,smollm2-360m-instruct-Q4_K_M-warmup,0038,521,,,end_of_speech,1257.481,,,,,,445.036,812.445,,,,563.67,71.4,clean,0,,32,56,drone-pi,aarch64,Raspberry Pi 5 Model B Rev 1.0,true,4
1,smollm2-360m-instruct-Q4_K_M-warmup,0167,522,,,end_of_speech,465.712,,,,,,26.003,439.709,,,,563.67,72.5,clean,0,,18,37,drone-pi,aarch64,Raspberry Pi 5 Model B Rev 1.0,true,4
1,smollm2-360m-instruct-Q4_K_M-warmup,0114,523,,,end_of_speech,598.406,,,,,,26.62,571.786,,,,563.67,72.5,clean,0,,23,46,drone-pi,aarch64,Raspberry Pi 5 Model B Rev 1.0,true,4
1,smollm2-360m-instruct-Q4_K_M-warmup,0145,524,,,end_of_speech,334.402,,,,,,152.674,181.728,,,,563.67,72.5,clean,0,,8,34,drone-pi,aarch64,Raspberry Pi 5 Model B Rev 1.0,true,4
1,smollm2-360m-instruct-Q4_K_M-warmup,0137,525,,,end_of_speech,345.746,,,,,,189.805,155.941,,,,563.67,73.0,clean,0,,7,37,drone-pi,aarch64,Raspberry Pi 5 Model B Rev 1.0,true,4
1,smollm2-360m-instruct-Q4_K_M-warmup,0020,526,,,end_of_speech,474.409,,,,,,189.466,284.943,,,,563.67,73.0,clean,0,,12,36,drone-pi,aarch64,Raspberry Pi 5 Model B Rev 1.0,true,4
1,smollm2-360m-instruct-Q4_K_M-warmup,0080,527,,,end_of_speech,308.155,,,,,,152.643,155.512,,,,563.67,71.4,clean,0,,7,33,drone-pi,aarch64,Raspberry Pi 5 Model B Rev 1.0,true,4
1,smollm2-360m-instruct-Q4_K_M-warmup,0069,528,,,end_of_speech,526.777,,,,,,189.724,337.053,,,,563.67,72.5,clean,0,,14,36,drone-pi,aarch64,Raspberry Pi 5 Model B Rev 1.0,true,4
1,smollm2-360m-instruct-Q4_K_M-warmup,0047,529,,,end_of_speech,336.326,,,,,,25.989,310.337,,,,563.67,73.0,clean,0,,13,40,drone-pi,aarch64,Raspberry Pi 5 Model B Rev 1.0,true,4
1,smollm2-360m-instruct-Q4_K_M-warmup,0050,530,,,end_of_speech,362.763,,,,,,26.276,336.487,,,,563.67,73.0,clean,0,,14,39,drone-pi,aarch64,Raspberry Pi 5 Model B Rev 1.0,true,4
1,smollm2-360m-instruct-Q4_K_M-warmup,0172,531,,,end_of_speech,467.548,,,,,,26.343,441.205,,,,563.67,71.4,clean,0,,18,41,drone-pi,aarch64,Raspberry Pi 5 Model B Rev 1.0,true,4
1,smollm2-360m-instruct-Q4_K_M-warmup,0076,532,,,end_of_speech,335.617,,,,,,26.212,309.405,,,,563.67,71.4,clean,0,,13,34,drone-pi,aarch64,Raspberry Pi 5 Model B Rev 1.0,true,4
1,smollm2-360m-instruct-Q4_K_M-warmup,0180,533,,,end_of_speech,649.559,,,,,,26.205,623.354,,,,563.67,70.8,clean,0,,25,42,drone-pi,aarch64,Raspberry Pi 5 Model B Rev 1.0,true,4
1,smollm2-360m-instruct-Q4_K_M-warmup,0064,534,,,end_of_speech,476.205,,,,,,140.066,336.139,,,,563.67,73.0,clean,0,,14,34,drone-pi,aarch64,Raspberry Pi 5 Model B Rev 1.0,true,4
1,smollm2-360m-instruct-Q4_K_M-warmup,0022,535,,,end_of_speech,465.394,,,,,,26.322,439.072,,,,563.67,71.4,clean,0,,18,34,drone-pi,aarch64,Raspberry Pi 5 Model B Rev 1.0,true,4
1,smollm2-360m-instruct-Q4_K_M-warmup,0149,536,,,end_of_speech,623.731,,,,,,26.632,597.099,,,,563.67,72.5,clean,0,,24,38,drone-pi,aarch64,Raspberry Pi 5 Model B Rev 1.0,true,4
1,smollm2-360m-instruct-Q4_K_M-warmup,0169,537,,,end_of_speech,650.713,,,,,,26.53,624.183,,,,563.67,73.0,clean,0,,25,44,drone-pi,aarch64,Raspberry Pi 5 Model B Rev 1.0,true,4
1,smollm2-360m-instruct-Q4_K_M-warmup,0152,538,,,end_of_speech,336.482,,,,,,26.312,310.17,,,,563.67,72.5,clean,0,,13,39,drone-pi,aarch64,Raspberry Pi 5 Model B Rev 1.0,true,4
1,smollm2-360m-instruct-Q4_K_M-warmup,0010,539,,,end_of_speech,812.914,,,,,,26.684,786.23,,,,563.67,71.4,clean,0,,31,55,drone-pi,aarch64,Raspberry Pi 5 Model B Rev 1.0,true,4
1,smollm2-360m-instruct-Q4_K_M-warmup,0151,540,,,end_of_speech,440.573,,,,,,26.339,414.234,,,,563.67,71.9,clean,0,,17,38,drone-pi,aarch64,Raspberry Pi 5 Model B Rev 1.0,true,4
1,smollm2-360m-instruct-Q4_K_M-warmup,0162,541,,,end_of_speech,600.986,,,,,,26.681,574.305,,,,563.67,72.5,clean,0,,23,52,drone-pi,aarch64,Raspberry Pi 5 Model B Rev 1.0,true,4
1,smollm2-360m-instruct-Q4_K_M-warmup,0182,542,,,end_of_speech,345.563,,,,,,189.556,156.007,,,,563.67,71.4,clean,0,,7,36,drone-pi,aarch64,Raspberry Pi 5 Model B Rev 1.0,true,4
1,smollm2-360m-instruct-Q4_K_M-warmup,0072,543,,,end_of_speech,463.242,,,,,,152.766,310.476,,,,563.67,73.0,clean,0,,13,33,drone-pi,aarch64,Raspberry Pi 5 Model B Rev 1.0,true,4
1,smollm2-360m-instruct-Q4_K_M-warmup,0033,544,,,end_of_speech,310.502,,,,,,26.08,284.422,,,,563.67,71.9,clean,0,,12,38,drone-pi,aarch64,Raspberry Pi 5 Model B Rev 1.0,true,4
1,smollm2-360m-instruct-Q4_K_M-warmup,0116,545,,,end_of_speech,389.144,,,,,,26.347,362.797,,,,563.67,71.9,clean,0,,15,44,drone-pi,aarch64,Raspberry Pi 5 Model B Rev 1.0,true,4
1,smollm2-360m-instruct-Q4_K_M-warmup,0105,546,,,end_of_speech,622.852,,,,,,26.467,596.385,,,,563.67,71.9,clean,0,,24,40,drone-pi,aarch64,Raspberry Pi 5 Model B Rev 1.0,true,4
1,smollm2-360m-instruct-Q4_K_M-warmup,0089,547,,,end_of_speech,944.688,,,,,,26.606,918.082,,,,563.67,71.4,clean,0,,36,58,drone-pi,aarch64,Raspberry Pi 5 Model B Rev 1.0,true,4
1,smollm2-360m-instruct-Q4_K_M-warmup,0062,548,,,end_of_speech,388.347,,,,,,26.343,362.004,,,,563.67,72.5,clean,0,,15,37,drone-pi,aarch64,Raspberry Pi 5 Model B Rev 1.0,true,4
1,smollm2-360m-instruct-Q4_K_M-warmup,0113,549,,,end_of_speech,896.795,,,,,,26.477,870.318,,,,563.69,71.4,clean,0,,34,47,drone-pi,aarch64,Raspberry Pi 5 Model B Rev 1.0,true,4
1,smollm2-360m-instruct-Q4_K_M-warmup,0193,550,,,end_of_speech,625.349,,,,,,26.568,598.781,,,,563.69,71.9,clean,0,,24,48,drone-pi,aarch64,Raspberry Pi 5 Model B Rev 1.0,true,4
1,smollm2-360m-instruct-Q4_K_M-warmup,0006,551,,,end_of_speech,308.212,,,,,,152.642,155.57,,,,563.69,72.5,clean,0,,7,33,drone-pi,aarch64,Raspberry Pi 5 Model B Rev 1.0,true,4
1,smollm2-360m-instruct-Q4_K_M-warmup,0196,552,,,end_of_speech,630.665,,,,,,241.302,389.363,,,,563.69,72.5,clean,0,,16,40,drone-pi,aarch64,Raspberry Pi 5 Model B Rev 1.0,true,4
1,smollm2-360m-instruct-Q4_K_M-warmup,0186,553,,,end_of_speech,637.25,,,,,,25.96,611.29,,,,563.69,71.9,clean,0,,24,41,drone-pi,aarch64,Raspberry Pi 5 Model B Rev 1.0,true,4
1,smollm2-360m-instruct-Q4_K_M-warmup,0075,554,,,end_of_speech,850.633,,,,,,26.648,823.985,,,,563.69,72.5,clean,0,,29,54,drone-pi,aarch64,Raspberry Pi 5 Model B Rev 1.0,true,4
1,smollm2-360m-instruct-Q4_K_M-warmup,0131,555,,,end_of_speech,631.973,,,,,,27.947,604.026,,,,563.69,71.4,clean,0,,24,48,drone-pi,aarch64,Raspberry Pi 5 Model B Rev 1.0,true,4
1,smollm2-360m-instruct-Q4_K_M-warmup,0121,556,,,end_of_speech,475.923,,,,,,139.915,336.008,,,,563.69,72.5,clean,0,,14,32,drone-pi,aarch64,Raspberry Pi 5 Model B Rev 1.0,true,4
1,smollm2-360m-instruct-Q4_K_M-warmup,0101,557,,,end_of_speech,519.128,,,,,,26.303,492.825,,,,563.69,72.5,clean,0,,20,41,drone-pi,aarch64,Raspberry Pi 5 Model B Rev 1.0,true,4
1,smollm2-360m-instruct-Q4_K_M-warmup,0032,558,,,end_of_speech,295.417,,,,,,139.856,155.561,,,,563.69,70.8,clean,0,,7,32,drone-pi,aarch64,Raspberry Pi 5 Model B Rev 1.0,true,4
1,smollm2-360m-instruct-Q4_K_M-warmup,0018,559,,,end_of_speech,332.173,,,,,,176.118,156.055,,,,563.69,71.4,clean,0,,7,35,drone-pi,aarch64,Raspberry Pi 5 Model B Rev 1.0,true,4
1,smollm2-360m-instruct-Q4_K_M-warmup,0049,560,,,end_of_speech,968.759,,,,,,291.604,677.155,,,,563.69,73.0,clean,0,,27,44,drone-pi,aarch64,Raspberry Pi 5 Model B Rev 1.0,true,4
1,smollm2-360m-instruct-Q4_K_M-warmup,0065,561,,,end_of_speech,784.207,,,,,,26.297,757.91,,,,563.69,71.4,clean,0,,30,52,drone-pi,aarch64,Raspberry Pi 5 Model B Rev 1.0,true,4
1,smollm2-360m-instruct-Q4_K_M-warmup,0110,562,,,end_of_speech,703.265,,,,,,26.644,676.621,,,,563.69,71.9,clean,0,,27,45,drone-pi,aarch64,Raspberry Pi 5 Model B Rev 1.0,true,4
1,smollm2-360m-instruct-Q4_K_M-warmup,0048,563,,,end_of_speech,293.087,,,,,,112.428,180.659,,,,563.69,72.5,clean,0,,8,32,drone-pi,aarch64,Raspberry Pi 5 Model B Rev 1.0,true,4
1,smollm2-360m-instruct-Q4_K_M-warmup,0097,564,,,end_of_speech,370.301,,,,,,214.4,155.901,,,,563.69,72.5,clean,0,,7,38,drone-pi,aarch64,Raspberry Pi 5 Model B Rev 1.0,true,4
1,smollm2-360m-instruct-Q4_K_M-warmup,0127,565,,,end_of_speech,643.904,,,,,,228.016,415.888,,,,563.69,72.5,clean,0,,17,39,drone-pi,aarch64,Raspberry Pi 5 Model B Rev 1.0,true,4
1,smollm2-360m-instruct-Q4_K_M-warmup,0123,566,,,end_of_speech,622.464,,,,,,25.946,596.518,,,,563.69,71.9,clean,0,,24,40,drone-pi,aarch64,Raspberry Pi 5 Model B Rev 1.0,true,4
1,smollm2-360m-instruct-Q4_K_M-warmup,0144,567,,,end_of_speech,540.236,,,,,,203.503,336.733,,,,563.69,73.0,clean,0,,14,39,drone-pi,aarch64,Raspberry Pi 5 Model B Rev 1.0,true,4
1,smollm2-360m-instruct-Q4_K_M-warmup,0057,568,,,end_of_speech,308.313,,,,,,152.659,155.654,,,,563.69,71.4,clean,0,,7,33,drone-pi,aarch64,Raspberry Pi 5 Model B Rev 1.0,true,4
1,smollm2-360m-instruct-Q4_K_M-warmup,0083,569,,,end_of_speech,720.197,,,,,,278.559,441.638,,,,563.69,71.9,clean,0,,18,43,drone-pi,aarch64,Raspberry Pi 5 Model B Rev 1.0,true,4
1,smollm2-360m-instruct-Q4_K_M-warmup,0168,570,,,end_of_speech,310.582,,,,,,26.259,284.323,,,,563.69,73.6,clean,0,,12,35,drone-pi,aarch64,Raspberry Pi 5 Model B Rev 1.0,true,4
1,smollm2-360m-instruct-Q4_K_M-warmup,0134,571,,,end_of_speech,469.406,,,,,,26.597,442.809,,,,563.69,72.5,clean,0,,18,51,drone-pi,aarch64,Raspberry Pi 5 Model B Rev 1.0,true,4
1,smollm2-360m-instruct-Q4_K_M-warmup,0128,572,,,end_of_speech,598.755,,,,,,26.363,572.392,,,,563.69,72.5,clean,0,,23,45,drone-pi,aarch64,Raspberry Pi 5 Model B Rev 1.0,true,4
1,smollm2-360m-instruct-Q4_K_M-warmup,0092,573,,,end_of_speech,466.271,,,,,,26.256,440.015,,,,563.69,73.0,clean,0,,18,37,drone-pi,aarch64,Raspberry Pi 5 Model B Rev 1.0,true,4
1,smollm2-360m-instruct-Q4_K_M-warmup,0120,574,,,end_of_speech,600.173,,,,,,26.555,573.618,,,,563.69,71.9,clean,0,,23,53,drone-pi,aarch64,Raspberry Pi 5 Model B Rev 1.0,true,4
1,smollm2-360m-instruct-Q4_K_M-warmup,0059,575,,,end_of_speech,545.407,,,,,,26.427,518.98,,,,563.69,71.9,clean,0,,21,44,drone-pi,aarch64,Raspberry Pi 5 Model B Rev 1.0,true,4
1,smollm2-360m-instruct-Q4_K_M-warmup,0141,576,,,end_of_speech,680.667,,,,,,26.619,654.048,,,,563.69,70.8,clean,0,,26,50,drone-pi,aarch64,Raspberry Pi 5 Model B Rev 1.0,true,4
1,smollm2-360m-instruct-Q4_K_M-warmup,0108,577,,,end_of_speech,362.981,,,,,,26.405,336.576,,,,563.69,71.4,clean,0,,14,41,drone-pi,aarch64,Raspberry Pi 5 Model B Rev 1.0,true,4
1,smollm2-360m-instruct-Q4_K_M-warmup,0159,578,,,end_of_speech,492.518,,,,,,26.37,466.148,,,,563.69,73.0,clean,0,,19,40,drone-pi,aarch64,Raspberry Pi 5 Model B Rev 1.0,true,4
1,smollm2-360m-instruct-Q4_K_M-warmup,0056,579,,,end_of_speech,467.602,,,,,,26.326,441.276,,,,563.69,71.9,clean,0,,18,42,drone-pi,aarch64,Raspberry Pi 5 Model B Rev 1.0,true,4
1,smollm2-360m-instruct-Q4_K_M-warmup,0009,580,,,end_of_speech,358.627,,,,,,202.918,155.709,,,,563.69,72.5,clean,0,,7,37,drone-pi,aarch64,Raspberry Pi 5 Model B Rev 1.0,true,4
1,smollm2-360m-instruct-Q4_K_M-warmup,0038,581,,,end_of_speech,1258.15,,,,,,445.081,813.069,,,,563.69,70.3,clean,0,,32,56,drone-pi,aarch64,Raspberry Pi 5 Model B Rev 1.0,true,4
1,smollm2-360m-instruct-Q4_K_M-warmup,0167,582,,,end_of_speech,465.96,,,,,,26.09,439.87,,,,563.69,73.0,clean,0,,18,37,drone-pi,aarch64,Raspberry Pi 5 Model B Rev 1.0,true,4
1,smollm2-360m-instruct-Q4_K_M-warmup,0114,583,,,end_of_speech,598.034,,,,,,26.509,571.525,,,,563.69,71.9,clean,0,,23,46,drone-pi,aarch64,Raspberry Pi 5 Model B Rev 1.0,true,4
1,smollm2-360m-instruct-Q4_K_M-warmup,0145,584,,,end_of_speech,334.575,,,,,,152.746,181.829,,,,563.69,73.0,clean,0,,8,34,drone-pi,aarch64,Raspberry Pi 5 Model B Rev 1.0,true,4
1,smollm2-360m-instruct-Q4_K_M-warmup,0137,585,,,end_of_speech,345.825,,,,,,189.793,156.032,,,,563.69,71.4,clean,0,,7,37,drone-pi,aarch64,Raspberry Pi 5 Model B Rev 1.0,true,4
1,smollm2-360m-instruct-Q4_K_M-warmup,0020,586,,,end_of_speech,474.741,,,,,,189.581,285.16,,,,563.69,72.5,clean,0,,12,36,drone-pi,aarch64,Raspberry Pi 5 Model B Rev 1.0,true,4
1,smollm2-360m-instruct-Q4_K_M-warmup,0080,587,,,end_of_speech,308.652,,,,,,152.743,155.909,,,,563.69,73.0,clean,0,,7,33,drone-pi,aarch64,Raspberry Pi 5 Model B Rev 1.0,true,4
1,smollm2-360m-instruct-Q4_K_M-warmup,0069,588,,,end_of_speech,527.183,,,,,,189.559,337.624,,,,563.69,73.0,clean,0,,14,36,drone-pi,aarch64,Raspberry Pi 5 Model B Rev 1.0,true,4
1,smollm2-360m-instruct-Q4_K_M-warmup,0047,589,,,end_of_speech,337.414,,,,,,26.214,311.2,,,,563.69,71.4,clean,0,,13,40,drone-pi,aarch64,Raspberry Pi 5 Model B Rev 1.0,true,4
1,smollm2-360m-instruct-Q4_K_M-warmup,0050,590,,,end_of_speech,362.418,,,,,,26.271,336.147,,,,563.69,73.0,clean,0,,14,39,drone-pi,aarch64,Raspberry Pi 5 Model B Rev 1.0,true,4
1,smollm2-360m-instruct-Q4_K_M-warmup,0172,591,,,end_of_speech,467.19,,,,,,26.221,440.969,,,,563.69,72.5,clean,0,,18,41,drone-pi,aarch64,Raspberry Pi 5 Model B Rev 1.0,true,4
1,smollm2-360m-instruct-Q4_K_M-warmup,0076,592,,,end_of_speech,335.663,,,,,,26.344,309.319,,,,563.69,71.9,clean,0,,13,34,drone-pi,aarch64,Raspberry Pi 5 Model B Rev 1.0,true,4
1,smollm2-360m-instruct-Q4_K_M-warmup,0180,593,,,end_of_speech,649.381,,,,,,26.37,623.011,,,,563.69,72.5,clean,0,,25,42,drone-pi,aarch64,Raspberry Pi 5 Model B Rev 1.0,true,4
1,smollm2-360m-instruct-Q4_K_M-warmup,0064,594,,,end_of_speech,476.072,,,,,,140.12,335.952,,,,563.69,72.5,clean,0,,14,34,drone-pi,aarch64,Raspberry Pi 5 Model B Rev 1.0,true,4
1,smollm2-360m-instruct-Q4_K_M-warmup,0022,595,,,end_of_speech,466.118,,,,,,26.365,439.753,,,,563.69,71.4,clean,0,,18,34,drone-pi,aarch64,Raspberry Pi 5 Model B Rev 1.0,true,4
1,smollm2-360m-instruct-Q4_K_M-warmup,0149,596,,,end_of_speech,622.341,,,,,,26.302,596.039,,,,563.69,72.5,clean,0,,24,38,drone-pi,aarch64,Raspberry Pi 5 Model B Rev 1.0,true,4
1,smollm2-360m-instruct-Q4_K_M-warmup,0169,597,,,end_of_speech,650.333,,,,,,26.347,623.986,,,,563.69,71.4,clean,0,,25,44,drone-pi,aarch64,Raspberry Pi 5 Model B Rev 1.0,true,4
1,smollm2-360m-instruct-Q4_K_M-warmup,0152,598,,,end_of_speech,337.019,,,,,,26.344,310.675,,,,563.69,73.0,clean,0,,13,39,drone-pi,aarch64,Raspberry Pi 5 Model B Rev 1.0,true,4
1,smollm2-360m-instruct-Q4_K_M-warmup,0010,599,,,end_of_speech,811.967,,,,,,26.592,785.375,,,,563.69,73.0,clean,0,,31,55,drone-pi,aarch64,Raspberry Pi 5 Model B Rev 1.0,true,4
1,smollm2-360m-instruct-Q4_K_M-warmup,0151,600,,,end_of_speech,440.62,,,,,,26.427,414.193,,,,563.69,73.0,clean,0,,17,38,drone-pi,aarch64,Raspberry Pi 5 Model B Rev 1.0,true,4
1,smollm2-360m-instruct-Q4_K_M-warmup,0162,601,,,end_of_speech,600.033,,,,,,26.431,573.602,,,,563.69,71.9,clean,0,,23,52,drone-pi,aarch64,Raspberry Pi 5 Model B Rev 1.0,true,4
1,smollm2-360m-instruct-Q4_K_M-warmup,0182,602,,,end_of_speech,345.678,,,,,,189.634,156.044,,,,563.69,71.4,clean,0,,7,36,drone-pi,aarch64,Raspberry Pi 5 Model B Rev 1.0,true,4
1,smollm2-360m-instruct-Q4_K_M-warmup,0072,603,,,end_of_speech,463.125,,,,,,152.747,310.378,,,,563.69,71.9,clean,0,,13,33,drone-pi,aarch64,Raspberry Pi 5 Model B Rev 1.0,true,4
1,smollm2-360m-instruct-Q4_K_M-warmup,0033,604,,,end_of_speech,310.9,,,,,,25.957,284.943,,,,563.69,71.4,clean,0,,12,38,drone-pi,aarch64,Raspberry Pi 5 Model B Rev 1.0,true,4
1,smollm2-360m-instruct-Q4_K_M-warmup,0116,605,,,end_of_speech,389.339,,,,,,26.316,363.023,,,,563.69,71.9,clean,0,,15,44,drone-pi,aarch64,Raspberry Pi 5 Model B Rev 1.0,true,4
1,smollm2-360m-instruct-Q4_K_M-warmup,0105,606,,,end_of_speech,623.828,,,,,,26.364,597.464,,,,563.69,73.6,clean,0,,24,40,drone-pi,aarch64,Raspberry Pi 5 Model B Rev 1.0,true,4
1,smollm2-360m-instruct-Q4_K_M-warmup,0089,607,,,end_of_speech,944.922,,,,,,26.708,918.214,,,,563.69,72.5,clean,0,,36,58,drone-pi,aarch64,Raspberry Pi 5 Model B Rev 1.0,true,4
1,smollm2-360m-instruct-Q4_K_M-warmup,0062,608,,,end_of_speech,387.993,,,,,,26.283,361.71,,,,563.69,72.5,clean,0,,15,37,drone-pi,aarch64,Raspberry Pi 5 Model B Rev 1.0,true,4
1,smollm2-360m-instruct-Q4_K_M-warmup,0113,609,,,end_of_speech,897.124,,,,,,26.402,870.722,,,,563.69,71.4,clean,0,,34,47,drone-pi,aarch64,Raspberry Pi 5 Model B Rev 1.0,true,4
1,smollm2-360m-instruct-Q4_K_M-warmup,0193,610,,,end_of_speech,625.346,,,,,,26.566,598.78,,,,563.69,71.4,clean,0,,24,48,drone-pi,aarch64,Raspberry Pi 5 Model B Rev 1.0,true,4
1,smollm2-360m-instruct-Q4_K_M-warmup,0006,611,,,end_of_speech,308.575,,,,,,152.741,155.834,,,,563.69,71.4,clean,0,,7,33,drone-pi,aarch64,Raspberry Pi 5 Model B Rev 1.0,true,4
1,smollm2-360m-instruct-Q4_K_M-warmup,0196,612,,,end_of_speech,631.47,,,,,,241.49,389.98,,,,563.69,73.0,clean,0,,16,40,drone-pi,aarch64,Raspberry Pi 5 Model B Rev 1.0,true,4
1,smollm2-360m-instruct-Q4_K_M-warmup,0186,613,,,end_of_speech,623.612,,,,,,26.043,597.569,,,,563.69,71.9,clean,0,,24,41,drone-pi,aarch64,Raspberry Pi 5 Model B Rev 1.0,true,4
1,smollm2-360m-instruct-Q4_K_M-warmup,0075,614,,,end_of_speech,759.644,,,,,,26.59,733.054,,,,563.69,71.4,clean,0,,29,54,drone-pi,aarch64,Raspberry Pi 5 Model B Rev 1.0,true,4
1,smollm2-360m-instruct-Q4_K_M-warmup,0131,615,,,end_of_speech,627.402,,,,,,26.62,600.782,,,,563.69,72.5,clean,0,,24,48,drone-pi,aarch64,Raspberry Pi 5 Model B Rev 1.0,true,4
1,smollm2-360m-instruct-Q4_K_M-warmup,0121,616,,,end_of_speech,475.516,,,,,,140.033,335.483,,,,563.69,73.0,clean,0,,14,32,drone-pi,aarch64,Raspberry Pi 5 Model B Rev 1.0,true,4
1,smollm2-360m-instruct-Q4_K_M-warmup,0101,617,,,end_of_speech,519.314,,,,,,26.279,493.035,,,,563.69,72.5,clean,0,,20,41,drone-pi,aarch64,Raspberry Pi 5 Model B Rev 1.0,true,4
1,smollm2-360m-instruct-Q4_K_M-warmup,0032,618,,,end_of_speech,295.429,,,,,,140.021,155.408,,,,563.69,71.9,clean,0,,7,32,drone-pi,aarch64,Raspberry Pi 5 Model B Rev 1.0,true,4
1,smollm2-360m-instruct-Q4_K_M-warmup,0018,619,,,end_of_speech,331.853,,,,,,176.101,155.752,,,,563.69,71.9,clean,0,,7,35,drone-pi,aarch64,Raspberry Pi 5 Model B Rev 1.0,true,4
1,smollm2-360m-instruct-Q4_K_M-warmup,0049,620,,,end_of_speech,969.136,,,,,,291.776,677.36,,,,563.69,71.4,clean,0,,27,44,drone-pi,aarch64,Raspberry Pi 5 Model B Rev 1.0,true,4
1,smollm2-360m-instruct-Q4_K_M-warmup,0065,621,,,end_of_speech,784.456,,,,,,26.441,758.015,,,,563.69,72.5,clean,0,,30,52,drone-pi,aarch64,Raspberry Pi 5 Model B Rev 1.0,true,4
1,smollm2-360m-instruct-Q4_K_M-warmup,0110,622,,,end_of_speech,702.937,,,,,,26.396,676.541,,,,563.69,72.5,clean,0,,27,45,drone-pi,aarch64,Raspberry Pi 5 Model B Rev 1.0,true,4
1,smollm2-360m-instruct-Q4_K_M-warmup,0048,623,,,end_of_speech,293.552,,,,,,112.446,181.106,,,,563.69,71.9,clean,0,,8,32,drone-pi,aarch64,Raspberry Pi 5 Model B Rev 1.0,true,4
1,smollm2-360m-instruct-Q4_K_M-warmup,0097,624,,,end_of_speech,370.515,,,,,,214.562,155.953,,,,563.69,70.8,clean,0,,7,38,drone-pi,aarch64,Raspberry Pi 5 Model B Rev 1.0,true,4
1,smollm2-360m-instruct-Q4_K_M-warmup,0127,625,,,end_of_speech,643.324,,,,,,228.146,415.178,,,,563.69,73.0,clean,0,,17,39,drone-pi,aarch64,Raspberry Pi 5 Model B Rev 1.0,true,4
1,smollm2-360m-instruct-Q4_K_M-warmup,0123,626,,,end_of_speech,623.109,,,,,,26.071,597.038,,,,563.69,73.0,clean,0,,24,40,drone-pi,aarch64,Raspberry Pi 5 Model B Rev 1.0,true,4
1,smollm2-360m-instruct-Q4_K_M-warmup,0144,627,,,end_of_speech,540.344,,,,,,203.403,336.941,,,,563.69,71.9,clean,0,,14,39,drone-pi,aarch64,Raspberry Pi 5 Model B Rev 1.0,true,4
1,smollm2-360m-instruct-Q4_K_M-warmup,0057,628,,,end_of_speech,308.813,,,,,,152.706,156.107,,,,563.69,73.6,clean,0,,7,33,drone-pi,aarch64,Raspberry Pi 5 Model B Rev 1.0,true,4
1,smollm2-360m-instruct-Q4_K_M-warmup,0083,629,,,end_of_speech,720.534,,,,,,278.369,442.165,,,,563.69,71.9,clean,0,,18,43,drone-pi,aarch64,Raspberry Pi 5 Model B Rev 1.0,true,4
1,smollm2-360m-instruct-Q4_K_M-warmup,0168,630,,,end_of_speech,310.957,,,,,,26.256,284.701,,,,563.69,73.0,clean,0,,12,35,drone-pi,aarch64,Raspberry Pi 5 Model B Rev 1.0,true,4
1,smollm2-360m-instruct-Q4_K_M-warmup,0134,631,,,end_of_speech,469.738,,,,,,26.627,443.111,,,,563.69,73.0,clean,0,,18,51,drone-pi,aarch64,Raspberry Pi 5 Model B Rev 1.0,true,4
1,smollm2-360m-instruct-Q4_K_M-warmup,0128,632,,,end_of_speech,598.788,,,,,,26.664,572.124,,,,563.69,73.0,clean,0,,23,45,drone-pi,aarch64,Raspberry Pi 5 Model B Rev 1.0,true,4
1,smollm2-360m-instruct-Q4_K_M-warmup,0092,633,,,end_of_speech,466.346,,,,,,26.329,440.017,,,,563.69,71.9,clean,0,,18,37,drone-pi,aarch64,Raspberry Pi 5 Model B Rev 1.0,true,4
1,smollm2-360m-instruct-Q4_K_M-warmup,0120,634,,,end_of_speech,601.12,,,,,,26.524,574.596,,,,563.69,71.9,clean,0,,23,53,drone-pi,aarch64,Raspberry Pi 5 Model B Rev 1.0,true,4
1,smollm2-360m-instruct-Q4_K_M-warmup,0059,635,,,end_of_speech,545.88,,,,,,26.527,519.353,,,,563.69,71.4,clean,0,,21,44,drone-pi,aarch64,Raspberry Pi 5 Model B Rev 1.0,true,4
1,smollm2-360m-instruct-Q4_K_M-warmup,0141,636,,,end_of_speech,678.38,,,,,,26.475,651.905,,,,563.69,71.9,clean,0,,26,50,drone-pi,aarch64,Raspberry Pi 5 Model B Rev 1.0,true,4
1,smollm2-360m-instruct-Q4_K_M-warmup,0108,637,,,end_of_speech,362.623,,,,,,26.363,336.26,,,,563.69,71.9,clean,0,,14,41,drone-pi,aarch64,Raspberry Pi 5 Model B Rev 1.0,true,4
1,smollm2-360m-instruct-Q4_K_M-warmup,0159,638,,,end_of_speech,492.514,,,,,,26.339,466.175,,,,563.69,72.5,clean,0,,19,40,drone-pi,aarch64,Raspberry Pi 5 Model B Rev 1.0,true,4
1,smollm2-360m-instruct-Q4_K_M-warmup,0056,639,,,end_of_speech,467.582,,,,,,26.323,441.259,,,,563.69,71.9,clean,0,,18,42,drone-pi,aarch64,Raspberry Pi 5 Model B Rev 1.0,true,4
1,smollm2-360m-instruct-Q4_K_M-warmup,0009,640,,,end_of_speech,358.927,,,,,,203.009,155.918,,,,563.69,73.0,clean,0,,7,37,drone-pi,aarch64,Raspberry Pi 5 Model B Rev 1.0,true,4
1,smollm2-360m-instruct-Q4_K_M-warmup,0038,641,,,end_of_speech,1259.012,,,,,,444.858,814.154,,,,563.69,71.9,clean,0,,32,56,drone-pi,aarch64,Raspberry Pi 5 Model B Rev 1.0,true,4
1,smollm2-360m-instruct-Q4_K_M-warmup,0167,642,,,end_of_speech,466.343,,,,,,26.128,440.215,,,,563.69,71.4,clean,0,,18,37,drone-pi,aarch64,Raspberry Pi 5 Model B Rev 1.0,true,4
1,smollm2-360m-instruct-Q4_K_M-warmup,0114,643,,,end_of_speech,598.303,,,,,,26.485,571.818,,,,563.69,71.4,clean,0,,23,46,drone-pi,aarch64,Raspberry Pi 5 Model B Rev 1.0,true,4
1,smollm2-360m-instruct-Q4_K_M-warmup,0145,644,,,end_of_speech,334.588,,,,,,152.749,181.839,,,,563.7,73.0,clean,0,,8,34,drone-pi,aarch64,Raspberry Pi 5 Model B Rev 1.0,true,4
1,smollm2-360m-instruct-Q4_K_M-warmup,0137,645,,,end_of_speech,345.702,,,,,,189.744,155.958,,,,563.7,73.0,clean,0,,7,37,drone-pi,aarch64,Raspberry Pi 5 Model B Rev 1.0,true,4
1,smollm2-360m-instruct-Q4_K_M-warmup,0020,646,,,end_of_speech,474.192,,,,,,189.606,284.586,,,,563.7,70.8,clean,0,,12,36,drone-pi,aarch64,Raspberry Pi 5 Model B Rev 1.0,true,4
1,smollm2-360m-instruct-Q4_K_M-warmup,0080,647,,,end_of_speech,308.077,,,,,,152.642,155.435,,,,563.7,71.9,clean,0,,7,33,drone-pi,aarch64,Raspberry Pi 5 Model B Rev 1.0,true,4
1,smollm2-360m-instruct-Q4_K_M-warmup,0069,648,,,end_of_speech,526.876,,,,,,189.693,337.183,,,,563.7,73.0,clean,0,,14,36,drone-pi,aarch64,Raspberry Pi 5 Model B Rev 1.0,true,4
1,smollm2-360m-instruct-Q4_K_M-warmup,0047,649,,,end_of_speech,336.574,,,,,,25.916,310.658,,,,563.7,71.9,clean,0,,13,40,drone-pi,aarch64,Raspberry Pi 5 Model B Rev 1.0,true,4
1,smollm2-360m-instruct-Q4_K_M-warmup,0050,650,,,end_of_speech,362.558,,,,,,26.354,336.204,,,,563.7,72.5,clean,0,,14,39,drone-pi,aarch64,Raspberry Pi 5 Model B Rev 1.0,true,4
1,smollm2-360m-instruct-Q4_K_M-warmup,0172,651,,,end_of_speech,467.932,,,,,,26.428,441.504,,,,563.7,72.5,clean,0,,18,41,drone-pi,aarch64,Raspberry Pi 5 Model B Rev 1.0,true,4
1,smollm2-360m-instruct-Q4_K_M-warmup,0076,652,,,end_of_speech,335.763,,,,,,26.346,309.417,,,,563.7,71.9,clean,0,,13,34,drone-pi,aarch64,Raspberry Pi 5 Model B Rev 1.0,true,4
1,smollm2-360m-instruct-Q4_K_M-warmup,0180,653,,,end_of_speech,650.09,,,,,,26.341,623.749,,,,563.7,72.5,clean,0,,25,42,drone-pi,aarch64,Raspberry Pi 5 Model B Rev 1.0,true,4
1,smollm2-360m-instruct-Q4_K_M-warmup,0064,654,,,end_of_speech,476.419,,,,,,140.165,336.254,,,,563.7,71.4,clean,0,,14,34,drone-pi,aarch64,Raspberry Pi 5 Model B Rev 1.0,true,4
1,smollm2-360m-instruct-Q4_K_M-warmup,0022,655,,,end_of_speech,466.092,,,,,,26.479,439.613,,,,563.7,72.5,clean,0,,18,34,drone-pi,aarch64,Raspberry Pi 5 Model B Rev 1.0,true,4
1,smollm2-360m-instruct-Q4_K_M-warmup,0149,656,,,end_of_speech,623.976,,,,,,26.474,597.502,,,,563.7,71.9,clean,0,,24,38,drone-pi,aarch64,Raspberry Pi 5 Model B Rev 1.0,true,4
1,smollm2-360m-instruct-Q4_K_M-warmup,0169,657,,,end_of_speech,651.294,,,,,,26.567,624.727,,,,563.7,73.0,clean,0,,25,44,drone-pi,aarch64,Raspberry Pi 5 Model B Rev 1.0,true,4
1,smollm2-360m-instruct-Q4_K_M-warmup,0152,658,,,end_of_speech,336.876,,,,,,26.338,310.538,,,,563.7,71.9,clean,0,,13,39,drone-pi,aarch64,Raspberry Pi 5 Model B Rev 1.0,true,4
1,smollm2-360m-instruct-Q4_K_M-warmup,0010,659,,,end_of_speech,813.254,,,,,,26.63,786.624,,,,563.7,70.8,clean,0,,31,55,drone-pi,aarch64,Raspberry Pi 5 Model B Rev 1.0,true,4
1,smollm2-360m-instruct-Q4_K_M-warmup,0151,660,,,end_of_speech,440.655,,,,,,26.473,414.182,,,,563.7,73.0,clean,0,,17,38,drone-pi,aarch64,Raspberry Pi 5 Model B Rev 1.0,true,4
1,smollm2-360m-instruct-Q4_K_M-warmup,0162,661,,,end_of_speech,601.366,,,,,,26.605,574.761,,,,563.7,73.0,clean,0,,23,52,drone-pi,aarch64,Raspberry Pi 5 Model B Rev 1.0,true,4
1,smollm2-360m-instruct-Q4_K_M-warmup,0182,662,,,end_of_speech,346.026,,,,,,189.712,156.314,,,,563.7,71.9,clean,0,,7,36,drone-pi,aarch64,Raspberry Pi 5 Model B Rev 1.0,true,4
1,smollm2-360m-instruct-Q4_K_M-warmup,0072,663,,,end_of_speech,463.27,,,,,,152.717,310.553,,,,563.7,71.4,clean,0,,13,33,drone-pi,aarch64,Raspberry Pi 5 Model B Rev 1.0,true,4
1,smollm2-360m-instruct-Q4_K_M-warmup,0033,664,,,end_of_speech,310.816,,,,,,25.906,284.91,,,,563.7,71.4,clean,0,,12,38,drone-pi,aarch64,Raspberry Pi 5 Model B Rev 1.0,true,4
1,smollm2-360m-instruct-Q4_K_M-warmup,0116,665,,,end_of_speech,389.183,,,,,,26.258,362.925,,,,563.7,71.4,clean,0,,15,44,drone-pi,aarch64,Raspberry Pi 5 Model B Rev 1.0,true,4
1,smollm2-360m-instruct-Q4_K_M-warmup,0105,666,,,end_of_speech,623.904,,,,,,26.394,597.51,,,,563.7,73.0,clean,0,,24,40,drone-pi,aarch64,Raspberry Pi 5 Model B Rev 1.0,true,4
1,smollm2-360m-instruct-Q4_K_M-warmup,0089,667,,,end_of_speech,988.305,,,,,,26.577,961.728,,,,563.7,71.9,clean,0,,36,58,drone-pi,aarch64,Raspberry Pi 5 Model B Rev 1.0,true,4
1,smollm2-360m-instruct-Q4_K_M-warmup,0062,668,,,end_of_speech,478.483,,,,,,27.095,451.388,,,,563.7,71.4,clean,0,,15,37,drone-pi,aarch64,Raspberry Pi 5 Model B Rev 1.0,true,4
1,smollm2-360m-instruct-Q4_K_M-warmup,0113,669,,,end_of_speech,896.168,,,,,,26.461,869.707,,,,563.7,71.4,clean,0,,34,47,drone-pi,aarch64,Raspberry Pi 5 Model B Rev 1.0,true,4
1,smollm2-360m-instruct-Q4_K_M-warmup,0193,670,,,end_of_speech,625.587,,,,,,26.527,599.06,,,,563.7,70.8,clean,0,,24,48,drone-pi,aarch64,Raspberry Pi 5 Model B Rev 1.0,true,4
1,smollm2-360m-instruct-Q4_K_M-warmup,0006,671,,,end_of_speech,308.552,,,,,,152.637,155.915,,,,563.7,71.9,clean,0,,7,33,drone-pi,aarch64,Raspberry Pi 5 Model B Rev 1.0,true,4
1,smollm2-360m-instruct-Q4_K_M-warmup,0196,672,,,end_of_speech,631.44,,,,,,241.458,389.982,,,,563.7,72.5,clean,0,,16,40,drone-pi,aarch64,Raspberry Pi 5 Model B Rev 1.0,true,4
1,smollm2-360m-instruct-Q4_K_M-warmup,0186,673,,,end_of_speech,622.978,,,,,,25.983,596.995,,,,563.7,71.9,clean,0,,24,41,drone-pi,aarch64,Raspberry Pi 5 Model B Rev 1.0,true,4
1,smollm2-360m-instruct-Q4_K_M-warmup,0075,674,,,end_of_speech,758.382,,,,,,26.628,731.754,,,,563.7,72.5,clean,0,,29,54,drone-pi,aarch64,Raspberry Pi 5 Model B Rev 1.0,true,4
1,smollm2-360m-instruct-Q4_K_M-warmup,0131,675,,,end_of_speech,625.647,,,,,,26.675,598.972,,,,563.7,73.0,clean,0,,24,48,drone-pi,aarch64,Raspberry Pi 5 Model B Rev 1.0,true,4
1,smollm2-360m-instruct-Q4_K_M-warmup,0121,676,,,end_of_speech,475.835,,,,,,139.802,336.033,,,,563.7,71.4,clean,0,,14,32,drone-pi,aarch64,Raspberry Pi 5 Model B Rev 1.0,true,4
1,smollm2-360m-instruct-Q4_K_M-warmup,0101,677,,,end_of_speech,519.41,,,,,,26.586,492.824,,,,563.7,71.4,clean,0,,20,41,drone-pi,aarch64,Raspberry Pi 5 Model B Rev 1.0,true,4
1,smollm2-360m-instruct-Q4_K_M-warmup,0032,678,,,end_of_speech,294.934,,,,,,140.015,154.919,,,,563.7,71.9,clean,0,,7,32,drone-pi,aarch64,Raspberry Pi 5 Model B Rev 1.0,true,4
1,smollm2-360m-instruct-Q4_K_M-warmup,0018,679,,,end_of_speech,331.712,,,,,,176.073,155.639,,,,563.7,73.0,clean,0,,7,35,drone-pi,aarch64,Raspberry Pi 5 Model B Rev 1.0,true,4
1,smollm2-360m-instruct-Q4_K_M-warmup,0049,680,,,end_of_speech,969.12,,,,,,291.764,677.356,,,,563.7,69.7,clean,0,,27,44,drone-pi,aarch64,Raspberry Pi 5 Model B Rev 1.0,true,4
1,smollm2-360m-instruct-Q4_K_M-warmup,0065,681,,,end_of_speech,784.166,,,,,,26.138,758.028,,,,563.7,71.9,clean,0,,30,52,drone-pi,aarch64,Raspberry Pi 5 Model B Rev 1.0,true,4
1,smollm2-360m-instruct-Q4_K_M-warmup,0110,682,,,end_of_speech,703.244,,,,,,26.445,676.799,,,,563.7,71.9,clean,0,,27,45,drone-pi,aarch64,Raspberry Pi 5 Model B Rev 1.0,true,4
1,smollm2-360m-instruct-Q4_K_M-warmup,0048,683,,,end_of_speech,293.286,,,,,,112.442,180.844,,,,563.7,71.9,clean,0,,8,32,drone-pi,aarch64,Raspberry Pi 5 Model B Rev 1.0,true,4
1,smollm2-360m-instruct-Q4_K_M-warmup,0097,684,,,end_of_speech,370.135,,,,,,214.423,155.712,,,,563.7,71.9,clean,0,,7,38,drone-pi,aarch64,Raspberry Pi 5 Model B Rev 1.0,true,4
1,smollm2-360m-instruct-Q4_K_M-warmup,0127,685,,,end_of_speech,643.555,,,,,,228.039,415.516,,,,563.7,73.6,clean,0,,17,39,drone-pi,aarch64,Raspberry Pi 5 Model B Rev 1.0,true,4
1,smollm2-360m-instruct-Q4_K_M-warmup,0123,686,,,end_of_speech,622.992,,,,,,26.134,596.858,,,,563.7,72.5,clean,0,,24,40,drone-pi,aarch64,Raspberry Pi 5 Model B Rev 1.0,true,4
1,smollm2-360m-instruct-Q4_K_M-warmup,0144,687,,,end_of_speech,539.934,,,,,,203.288,336.646,,,,563.7,73.0,clean,0,,14,39,drone-pi,aarch64,Raspberry Pi 5 Model B Rev 1.0,true,4
1,smollm2-360m-instruct-Q4_K_M-warmup,0057,688,,,end_of_speech,308.29,,,,,,152.674,155.616,,,,563.7,70.8,clean,0,,7,33,drone-pi,aarch64,Raspberry Pi 5 Model B Rev 1.0,true,4
1,smollm2-360m-instruct-Q4_K_M-warmup,0083,689,,,end_of_speech,720.905,,,,,,278.673,442.232,,,,563.7,73.6,clean,0,,18,43,drone-pi,aarch64,Raspberry Pi 5 Model B Rev 1.0,true,4
1,smollm2-360m-instruct-Q4_K_M-warmup,0168,690,,,end_of_speech,310.428,,,,,,26.341,284.087,,,,563.7,71.9,clean,0,,12,35,drone-pi,aarch64,Raspberry Pi 5 Model B Rev 1.0,true,4
1,smollm2-360m-instruct-Q4_K_M-warmup,0134,691,,,end_of_speech,469.721,,,,,,26.435,443.286,,,,563.7,72.5,clean,0,,18,51,drone-pi,aarch64,Raspberry Pi 5 Model B Rev 1.0,true,4
1,smollm2-360m-instruct-Q4_K_M-warmup,0128,692,,,end_of_speech,598.618,,,,,,26.501,572.117,,,,563.7,71.9,clean,0,,23,45,drone-pi,aarch64,Raspberry Pi 5 Model B Rev 1.0,true,4
1,smollm2-360m-instruct-Q4_K_M-warmup,0092,693,,,end_of_speech,466.344,,,,,,26.303,440.041,,,,563.7,71.9,clean,0,,18,37,drone-pi,aarch64,Raspberry Pi 5 Model B Rev 1.0,true,4
1,smollm2-360m-instruct-Q4_K_M-warmup,0120,694,,,end_of_speech,600.504,,,,,,26.508,573.996,,,,563.7,71.9,clean,0,,23,53,drone-pi,aarch64,Raspberry Pi 5 Model B Rev 1.0,true,4
1,smollm2-360m-instruct-Q4_K_M-warmup,0059,695,,,end_of_speech,545.65,,,,,,26.444,519.206,,,,563.7,72.5,clean,0,,21,44,drone-pi,aarch64,Raspberry Pi 5 Model B Rev 1.0,true,4
1,smollm2-360m-instruct-Q4_K_M-warmup,0141,696,,,end_of_speech,678.833,,,,,,26.597,652.236,,,,563.7,72.5,clean,0,,26,50,drone-pi,aarch64,Raspberry Pi 5 Model B Rev 1.0,true,4
1,smollm2-360m-instruct-Q4_K_M-warmup,0108,697,,,end_of_speech,363.24,,,,,,26.344,336.896,,,,563.7,72.5,clean,0,,14,41,drone-pi,aarch64,Raspberry Pi 5 Model B Rev 1.0,true,4
1,smollm2-360m-instruct-Q4_K_M-warmup,0159,698,,,end_of_speech,492.15,,,,,,26.355,465.795,,,,563.7,73.0,clean,0,,19,40,drone-pi,aarch64,Raspberry Pi 5 Model B Rev 1.0,true,4
1,smollm2-360m-instruct-Q4_K_M-warmup,0056,699,,,end_of_speech,467.435,,,,,,26.413,441.022,,,,563.7,73.0,clean,0,,18,42,drone-pi,aarch64,Raspberry Pi 5 Model B Rev 1.0,true,4
1,smollm2-360m-instruct-Q4_K_M-warmup,0009,700,,,end_of_speech,358.898,,,,,,203.161,155.737,,,,563.7,72.5,clean,0,,7,37,drone-pi,aarch64,Raspberry Pi 5 Model B Rev 1.0,true,4
1,smollm2-360m-instruct-Q4_K_M-warmup,0038,701,,,end_of_speech,1259.823,,,,,,445.407,814.416,,,,563.7,71.4,clean,0,,32,56,drone-pi,aarch64,Raspberry Pi 5 Model B Rev 1.0,true,4
1,smollm2-360m-instruct-Q4_K_M-warmup,0167,702,,,end_of_speech,465.789,,,,,,25.996,439.793,,,,563.7,72.5,clean,0,,18,37,drone-pi,aarch64,Raspberry Pi 5 Model B Rev 1.0,true,4
1,smollm2-360m-instruct-Q4_K_M-warmup,0114,703,,,end_of_speech,599.007,,,,,,26.47,572.537,,,,563.7,73.0,clean,0,,23,46,drone-pi,aarch64,Raspberry Pi 5 Model B Rev 1.0,true,4
1,smollm2-360m-instruct-Q4_K_M-warmup,0145,704,,,end_of_speech,334.373,,,,,,152.68,181.693,,,,563.7,71.9,clean,0,,8,34,drone-pi,aarch64,Raspberry Pi 5 Model B Rev 1.0,true,4
1,smollm2-360m-instruct-Q4_K_M-warmup,0137,705,,,end_of_speech,345.503,,,,,,189.871,155.632,,,,563.7,73.0,clean,0,,7,37,drone-pi,aarch64,Raspberry Pi 5 Model B Rev 1.0,true,4
1,smollm2-360m-instruct-Q4_K_M-warmup,0020,706,,,end_of_speech,473.865,,,,,,189.493,284.372,,,,563.7,74.1,clean,0,,12,36,drone-pi,aarch64,Raspberry Pi 5 Model B Rev 1.0,true,4
1,smollm2-360m-instruct-Q4_K_M-warmup,0080,707,,,end_of_speech,308.201,,,,,,152.766,155.435,,,,563.7,72.5,clean,0,,7,33,drone-pi,aarch64,Raspberry Pi 5 Model B Rev 1.0,true,4
1,smollm2-360m-instruct-Q4_K_M-warmup,0069,708,,,end_of_speech,526.06,,,,,,189.463,336.597,,,,563.7,72.5,clean,0,,14,36,drone-pi,aarch64,Raspberry Pi 5 Model B Rev 1.0,true,4
1,smollm2-360m-instruct-Q4_K_M-warmup,0047,709,,,end_of_speech,336.45,,,,,,25.947,310.503,,,,563.7,71.9,clean,0,,13,40,drone-pi,aarch64,Raspberry Pi 5 Model B Rev 1.0,true,4
1,smollm2-360m-instruct-Q4_K_M-warmup,0050,710,,,end_of_speech,362.494,,,,,,26.275,336.219,,,,563.7,72.5,clean,0,,14,39,drone-pi,aarch64,Raspberry Pi 5 Model B Rev 1.0,true,4
1,smollm2-360m-instruct-Q4_K_M-warmup,0172,711,,,end_of_speech,467.846,,,,,,26.555,441.291,,,,563.7,71.9,clean,0,,18,41,drone-pi,aarch64,Raspberry Pi 5 Model B Rev 1.0,true,4
1,smollm2-360m-instruct-Q4_K_M-warmup,0076,712,,,end_of_speech,335.914,,,,,,26.333,309.581,,,,563.7,71.9,clean,0,,13,34,drone-pi,aarch64,Raspberry Pi 5 Model B Rev 1.0,true,4
1,smollm2-360m-instruct-Q4_K_M-warmup,0180,713,,,end_of_speech,649.698,,,,,,26.392,623.306,,,,563.7,73.0,clean,0,,25,42,drone-pi,aarch64,Raspberry Pi 5 Model B Rev 1.0,true,4
1,smollm2-360m-instruct-Q4_K_M-warmup,0064,714,,,end_of_speech,475.737,,,,,,140.006,335.731,,,,563.7,73.0,clean,0,,14,34,drone-pi,aarch64,Raspberry Pi 5 Model B Rev 1.0,true,4
1,smollm2-360m-instruct-Q4_K_M-warmup,0022,715,,,end_of_speech,465.393,,,,,,26.31,439.083,,,,563.7,72.5,clean,0,,18,34,drone-pi,aarch64,Raspberry Pi 5 Model B Rev 1.0,true,4
1,smollm2-360m-instruct-Q4_K_M-warmup,0149,716,,,end_of_speech,622.703,,,,,,26.519,596.184,,,,563.7,71.4,clean,0,,24,38,drone-pi,aarch64,Raspberry Pi 5 Model B Rev 1.0,true,4
1,smollm2-360m-instruct-Q4_K_M-warmup,0169,717,,,end_of_speech,650.898,,,,,,26.47,624.428,,,,563.7,72.5,clean,0,,25,44,drone-pi,aarch64,Raspberry Pi 5 Model B Rev 1.0,true,4
1,smollm2-360m-instruct-Q4_K_M-warmup,0152,718,,,end_of_speech,336.569,,,,,,26.291,310.278,,,,563.7,73.6,clean,0,,13,39,drone-pi,aarch64,Raspberry Pi 5 Model B Rev 1.0,true,4
1,smollm2-360m-instruct-Q4_K_M-warmup,0010,719,,,end_of_speech,811.279,,,,,,26.721,784.558,,,,563.7,73.0,clean,0,,31,55,drone-pi,aarch64,Raspberry Pi 5 Model B Rev 1.0,true,4
1,smollm2-360m-instruct-Q4_K_M-warmup,0151,720,,,end_of_speech,439.626,,,,,,26.404,413.222,,,,563.7,72.5,clean,0,,17,38,drone-pi,aarch64,Raspberry Pi 5 Model B Rev 1.0,true,4
1,smollm2-360m-instruct-Q4_K_M-warmup,0162,721,,,end_of_speech,600.269,,,,,,26.52,573.749,,,,563.7,72.5,clean,0,,23,52,drone-pi,aarch64,Raspberry Pi 5 Model B Rev 1.0,true,4
1,smollm2-360m-instruct-Q4_K_M-warmup,0182,722,,,end_of_speech,345.633,,,,,,189.578,156.055,,,,563.7,71.9,clean,0,,7,36,drone-pi,aarch64,Raspberry Pi 5 Model B Rev 1.0,true,4
1,smollm2-360m-instruct-Q4_K_M-warmup,0072,723,,,end_of_speech,462.57,,,,,,152.616,309.954,,,,563.7,71.9,clean,0,,13,33,drone-pi,aarch64,Raspberry Pi 5 Model B Rev 1.0,true,4
1,smollm2-360m-instruct-Q4_K_M-warmup,0033,724,,,end_of_speech,310.199,,,,,,26.031,284.168,,,,563.7,72.5,clean,0,,12,38,drone-pi,aarch64,Raspberry Pi 5 Model B Rev 1.0,true,4
1,smollm2-360m-instruct-Q4_K_M-warmup,0116,725,,,end_of_speech,388.869,,,,,,26.315,362.554,,,,563.7,71.9,clean,0,,15,44,drone-pi,aarch64,Raspberry Pi 5 Model B Rev 1.0,true,4
1,smollm2-360m-instruct-Q4_K_M-warmup,0105,726,,,end_of_speech,622.768,,,,,,26.326,596.442,,,,563.7,73.0,clean,0,,24,40,drone-pi,aarch64,Raspberry Pi 5 Model B Rev 1.0,true,4
1,smollm2-360m-instruct-Q4_K_M-warmup,0089,727,,,end_of_speech,944.846,,,,,,26.757,918.089,,,,563.7,72.5,clean,0,,36,58,drone-pi,aarch64,Raspberry Pi 5 Model B Rev 1.0,true,4
1,smollm2-360m-instruct-Q4_K_M-warmup,0062,728,,,end_of_speech,387.792,,,,,,26.384,361.408,,,,563.7,71.9,clean,0,,15,37,drone-pi,aarch64,Raspberry Pi 5 Model B Rev 1.0,true,4
1,smollm2-360m-instruct-Q4_K_M-warmup,0113,729,,,end_of_speech,894.533,,,,,,26.459,868.074,,,,563.7,72.5,clean,0,,34,47,drone-pi,aarch64,Raspberry Pi 5 Model B Rev 1.0,true,4
1,smollm2-360m-instruct-Q4_K_M-warmup,0193,730,,,end_of_speech,624.912,,,,,,26.515,598.397,,,,563.7,71.9,clean,0,,24,48,drone-pi,aarch64,Raspberry Pi 5 Model B Rev 1.0,true,4
1,smollm2-360m-instruct-Q4_K_M-warmup,0006,731,,,end_of_speech,308.193,,,,,,152.597,155.596,,,,563.7,71.4,clean,0,,7,33,drone-pi,aarch64,Raspberry Pi 5 Model B Rev 1.0,true,4
1,smollm2-360m-instruct-Q4_K_M-warmup,0196,732,,,end_of_speech,631.158,,,,,,241.456,389.702,,,,563.7,71.9,clean,0,,16,40,drone-pi,aarch64,Raspberry Pi 5 Model B Rev 1.0,true,4
1,smollm2-360m-instruct-Q4_K_M-warmup,0186,733,,,end_of_speech,623.913,,,,,,26.061,597.852,,,,563.7,73.0,clean,0,,24,41,drone-pi,aarch64,Raspberry Pi 5 Model B Rev 1.0,true,4
1,smollm2-360m-instruct-Q4_K_M-warmup,0075,734,,,end_of_speech,758.434,,,,,,26.558,731.876,,,,563.7,71.4,clean,0,,29,54,drone-pi,aarch64,Raspberry Pi 5 Model B Rev 1.0,true,4
1,smollm2-360m-instruct-Q4_K_M-warmup,0131,735,,,end_of_speech,625.292,,,,,,26.597,598.695,,,,563.7,70.8,clean,0,,24,48,drone-pi,aarch64,Raspberry Pi 5 Model B Rev 1.0,true,4
1,smollm2-360m-instruct-Q4_K_M-warmup,0121,736,,,end_of_speech,475.11,,,,,,139.892,335.218,,,,563.7,73.0,clean,0,,14,32,drone-pi,aarch64,Raspberry Pi 5 Model B Rev 1.0,true,4
1,smollm2-360m-instruct-Q4_K_M-warmup,0101,737,,,end_of_speech,518.565,,,,,,26.326,492.239,,,,563.7,71.4,clean,0,,20,41,drone-pi,aarch64,Raspberry Pi 5 Model B Rev 1.0,true,4
1,smollm2-360m-instruct-Q4_K_M-warmup,0032,738,,,end_of_speech,294.939,,,,,,139.963,154.976,,,,563.7,71.9,clean,0,,7,32,drone-pi,aarch64,Raspberry Pi 5 Model B Rev 1.0,true,4
1,smollm2-360m-instruct-Q4_K_M-warmup,0018,739,,,end_of_speech,331.726,,,,,,175.901,155.825,,,,563.7,71.9,clean,0,,7,35,drone-pi,aarch64,Raspberry Pi 5 Model B Rev 1.0,true,4
1,smollm2-360m-instruct-Q4_K_M-warmup,0049,740,,,end_of_speech,969.449,,,,,,291.64,677.809,,,,563.7,71.9,clean,0,,27,44,drone-pi,aarch64,Raspberry Pi 5 Model B Rev 1.0,true,4
1,smollm2-360m-instruct-Q4_K_M-warmup,0065,741,,,end_of_speech,783.621,,,,,,26.205,757.416,,,,563.7,73.0,clean,0,,30,52,drone-pi,aarch64,Raspberry Pi 5 Model B Rev 1.0,true,4
1,smollm2-360m-instruct-Q4_K_M-warmup,0110,742,,,end_of_speech,702.085,,,,,,26.45,675.635,,,,563.7,71.4,clean,0,,27,45,drone-pi,aarch64,Raspberry Pi 5 Model B Rev 1.0,true,4
1,smollm2-360m-instruct-Q4_K_M-warmup,0048,743,,,end_of_speech,292.697,,,,,,112.42,180.277,,,,563.7,71.9,clean,0,,8,32,drone-pi,aarch64,Raspberry Pi 5 Model B Rev 1.0,true,4
1,smollm2-360m-instruct-Q4_K_M-warmup,0097,744,,,end_of_speech,370.078,,,,,,214.348,155.73,,,,563.7,71.9,clean,0,,7,38,drone-pi,aarch64,Raspberry Pi 5 Model B Rev 1.0,true,4
1,smollm2-360m-instruct-Q4_K_M-warmup,0127,745,,,end_of_speech,642.327,,,,,,227.858,414.469,,,,563.7,72.5,clean,0,,17,39,drone-pi,aarch64,Raspberry Pi 5 Model B Rev 1.0,true,4
1,smollm2-360m-instruct-Q4_K_M-warmup,0123,746,,,end_of_speech,621.961,,,,,,25.998,595.963,,,,563.7,73.0,clean,0,,24,40,drone-pi,aarch64,Raspberry Pi 5 Model B Rev 1.0,true,4
1,smollm2-360m-instruct-Q4_K_M-warmup,0144,747,,,end_of_speech,540.672,,,,,,203.479,337.193,,,,563.7,71.9,clean,0,,14,39,drone-pi,aarch64,Raspberry Pi 5 Model B Rev 1.0,true,4
1,smollm2-360m-instruct-Q4_K_M-warmup,0057,748,,,end_of_speech,308.074,,,,,,152.584,155.49,,,,563.7,71.9,clean,0,,7,33,drone-pi,aarch64,Raspberry Pi 5 Model B Rev 1.0,true,4
1,smollm2-360m-instruct-Q4_K_M-warmup,0083,749,,,end_of_speech,720.229,,,,,,278.665,441.564,,,,563.7,73.0,clean,0,,18,43,drone-pi,aarch64,Raspberry Pi 5 Model B Rev 1.0,true,4
1,smollm2-360m-instruct-Q4_K_M-warmup,0168,750,,,end_of_speech,309.785,,,,,,26.237,283.548,,,,563.7,73.0,clean,0,,12,35,drone-pi,aarch64,Raspberry Pi 5 Model B Rev 1.0,true,4
1,smollm2-360m-instruct-Q4_K_M-warmup,0134,751,,,end_of_speech,469.019,,,,,,26.593,442.426,,,,563.7,71.4,clean,0,,18,51,drone-pi,aarch64,Raspberry Pi 5 Model B Rev 1.0,true,4
1,smollm2-360m-instruct-Q4_K_M-warmup,0128,752,,,end_of_speech,597.873,,,,,,26.415,571.458,,,,563.7,73.0,clean,0,,23,45,drone-pi,aarch64,Raspberry Pi 5 Model B Rev 1.0,true,4
1,smollm2-360m-instruct-Q4_K_M-warmup,0092,753,,,end_of_speech,466.204,,,,,,26.323,439.881,,,,563.7,71.9,clean,0,,18,37,drone-pi,aarch64,Raspberry Pi 5 Model B Rev 1.0,true,4
1,smollm2-360m-instruct-Q4_K_M-warmup,0120,754,,,end_of_speech,600.146,,,,,,26.627,573.519,,,,563.7,71.9,clean,0,,23,53,drone-pi,aarch64,Raspberry Pi 5 Model B Rev 1.0,true,4
1,smollm2-360m-instruct-Q4_K_M-warmup,0059,755,,,end_of_speech,545.802,,,,,,26.382,519.42,,,,563.7,71.4,clean,0,,21,44,drone-pi,aarch64,Raspberry Pi 5 Model B Rev 1.0,true,4
1,smollm2-360m-instruct-Q4_K_M-warmup,0141,756,,,end_of_speech,678.337,,,,,,26.531,651.806,,,,563.7,73.0,clean,0,,26,50,drone-pi,aarch64,Raspberry Pi 5 Model B Rev 1.0,true,4
1,smollm2-360m-instruct-Q4_K_M-warmup,0108,757,,,end_of_speech,361.845,,,,,,26.381,335.464,,,,563.7,71.9,clean,0,,14,41,drone-pi,aarch64,Raspberry Pi 5 Model B Rev 1.0,true,4
1,smollm2-360m-instruct-Q4_K_M-warmup,0159,758,,,end_of_speech,492.99,,,,,,26.318,466.672,,,,563.7,68.1,clean,0,,19,40,drone-pi,aarch64,Raspberry Pi 5 Model B Rev 1.0,true,4
1,smollm2-360m-instruct-Q4_K_M-warmup,0056,759,,,end_of_speech,468.324,,,,,,26.687,441.637,,,,563.7,71.9,clean,0,,18,42,drone-pi,aarch64,Raspberry Pi 5 Model B Rev 1.0,true,4
1,smollm2-360m-instruct-Q4_K_M-warmup,0009,760,,,end_of_speech,358.565,,,,,,203.033,155.532,,,,563.7,71.9,clean,0,,7,37,drone-pi,aarch64,Raspberry Pi 5 Model B Rev 1.0,true,4
1,smollm2-360m-instruct-Q4_K_M-warmup,0038,761,,,end_of_speech,1258.38,,,,,,445.156,813.224,,,,563.7,73.0,clean,0,,32,56,drone-pi,aarch64,Raspberry Pi 5 Model B Rev 1.0,true,4
1,smollm2-360m-instruct-Q4_K_M-warmup,0167,762,,,end_of_speech,465.708,,,,,,26.042,439.666,,,,563.7,72.5,clean,0,,18,37,drone-pi,aarch64,Raspberry Pi 5 Model B Rev 1.0,true,4
1,smollm2-360m-instruct-Q4_K_M-warmup,0114,763,,,end_of_speech,598.156,,,,,,26.547,571.609,,,,563.7,72.5,clean,0,,23,46,drone-pi,aarch64,Raspberry Pi 5 Model B Rev 1.0,true,4
1,smollm2-360m-instruct-Q4_K_M-warmup,0145,764,,,end_of_speech,334.067,,,,,,152.635,181.432,,,,563.7,71.9,clean,0,,8,34,drone-pi,aarch64,Raspberry Pi 5 Model B Rev 1.0,true,4
1,smollm2-360m-instruct-Q4_K_M-warmup,0137,765,,,end_of_speech,346.13,,,,,,189.785,156.345,,,,563.7,71.9,clean,0,,7,37,drone-pi,aarch64,Raspberry Pi 5 Model B Rev 1.0,true,4
1,smollm2-360m-instruct-Q4_K_M-warmup,0020,766,,,end_of_speech,474.16,,,,,,189.634,284.526,,,,563.7,71.9,clean,0,,12,36,drone-pi,aarch64,Raspberry Pi 5 Model B Rev 1.0,true,4
1,smollm2-360m-instruct-Q4_K_M-warmup,0080,767,,,end_of_speech,307.743,,,,,,152.509,155.234,,,,563.7,72.5,clean,0,,7,33,drone-pi,aarch64,Raspberry Pi 5 Model B Rev 1.0,true,4
1,smollm2-360m-instruct-Q4_K_M-warmup,0069,768,,,end_of_speech,526.333,,,,,,189.672,336.661,,,,563.7,73.0,clean,0,,14,36,drone-pi,aarch64,Raspberry Pi 5 Model B Rev 1.0,true,4
1,smollm2-360m-instruct-Q4_K_M-warmup,0047,769,,,end_of_speech,336.067,,,,,,25.952,310.115,,,,563.7,71.4,clean,0,,13,40,drone-pi,aarch64,Raspberry Pi 5 Model B Rev 1.0,true,4
1,smollm2-360m-instruct-Q4_K_M-warmup,0050,770,,,end_of_speech,362.075,,,,,,26.385,335.69,,,,563.7,71.9,clean,0,,14,39,drone-pi,aarch64,Raspberry Pi 5 Model B Rev 1.0,true,4
1,smollm2-360m-instruct-Q4_K_M-warmup,0172,771,,,end_of_speech,467.522,,,,,,26.48,441.042,,,,563.7,71.4,clean,0,,18,41,drone-pi,aarch64,Raspberry Pi 5 Model B Rev 1.0,true,4
1,smollm2-360m-instruct-Q4_K_M-warmup,0076,772,,,end_of_speech,335.573,,,,,,26.301,309.272,,,,563.7,70.8,clean,0,,13,34,drone-pi,aarch64,Raspberry Pi 5 Model B Rev 1.0,true,4
1,smollm2-360m-instruct-Q4_K_M-warmup,0180,773,,,end_of_speech,649.92,,,,,,26.498,623.422,,,,563.7,73.0,clean,0,,25,42,drone-pi,aarch64,Raspberry Pi 5 Model B Rev 1.0,true,4
1,smollm2-360m-instruct-Q4_K_M-warmup,0064,774,,,end_of_speech,476.381,,,,,,140.166,336.215,,,,563.7,71.9,clean,0,,14,34,drone-pi,aarch64,Raspberry Pi 5 Model B Rev 1.0,true,4
1,smollm2-360m-instruct-Q4_K_M-warmup,0022,775,,,end_of_speech,465.601,,,,,,26.31,439.291,,,,563.7,73.0,clean,0,,18,34,drone-pi,aarch64,Raspberry Pi 5 Model B Rev 1.0,true,4
1,smollm2-360m-instruct-Q4_K_M-warmup,0149,776,,,end_of_speech,622.195,,,,,,26.28,595.915,,,,563.7,71.4,clean,0,,24,38,drone-pi,aarch64,Raspberry Pi 5 Model B Rev 1.0,true,4
1,smollm2-360m-instruct-Q4_K_M-warmup,0169,777,,,end_of_speech,650.629,,,,,,26.595,624.034,,,,563.7,73.0,clean,0,,25,44,drone-pi,aarch64,Raspberry Pi 5 Model B Rev 1.0,true,4
1,smollm2-360m-instruct-Q4_K_M-warmup,0152,778,,,end_of_speech,336.597,,,,,,26.399,310.198,,,,563.7,71.9,clean,0,,13,39,drone-pi,aarch64,Raspberry Pi 5 Model B Rev 1.0,true,4
1,smollm2-360m-instruct-Q4_K_M-warmup,0010,779,,,end_of_speech,915.849,,,,,,26.59,889.259,,,,563.7,72.5,clean,0,,31,55,drone-pi,aarch64,Raspberry Pi 5 Model B Rev 1.0,true,4
1,smollm2-360m-instruct-Q4_K_M-warmup,0151,780,,,end_of_speech,439.621,,,,,,26.323,413.298,,,,563.7,71.4,clean,0,,17,38,drone-pi,aarch64,Raspberry Pi 5 Model B Rev 1.0,true,4
1,smollm2-360m-instruct-Q4_K_M-warmup,0162,781,,,end_of_speech,599.745,,,,,,26.534,573.211,,,,563.7,71.9,clean,0,,23,52,drone-pi,aarch64,Raspberry Pi 5 Model B Rev 1.0,true,4
1,smollm2-360m-instruct-Q4_K_M-warmup,0182,782,,,end_of_speech,345.432,,,,,,189.642,155.79,,,,563.7,71.9,clean,0,,7,36,drone-pi,aarch64,Raspberry Pi 5 Model B Rev 1.0,true,4
1,smollm2-360m-instruct-Q4_K_M-warmup,0072,783,,,end_of_speech,462.469,,,,,,152.649,309.82,,,,563.7,71.4,clean,0,,13,33,drone-pi,aarch64,Raspberry Pi 5 Model B Rev 1.0,true,4
1,smollm2-360m-instruct-Q4_K_M-warmup,0033,784,,,end_of_speech,310.448,,,,,,26.079,284.369,,,,563.7,73.0,clean,0,,12,38,drone-pi,aarch64,Raspberry Pi 5 Model B Rev 1.0,true,4
1,smollm2-360m-instruct-Q4_K_M-warmup,0116,785,,,end_of_speech,388.581,,,,,,26.389,362.192,,,,563.7,72.5,clean,0,,15,44,drone-pi,aarch64,Raspberry Pi 5 Model B Rev 1.0,true,4
1,smollm2-360m-instruct-Q4_K_M-warmup,0105,786,,,end_of_speech,622.448,,,,,,26.345,596.103,,,,563.7,72.5,clean,0,,24,40,drone-pi,aarch64,Raspberry Pi 5 Model B Rev 1.0,true,4
1,smollm2-360m-instruct-Q4_K_M-warmup,0089,787,,,end_of_speech,943.906,,,,,,26.617,917.289,,,,563.7,72.5,clean,0,,36,58,drone-pi,aarch64,Raspberry Pi 5 Model B Rev 1.0,true,4
1,smollm2-360m-instruct-Q4_K_M-warmup,0062,788,,,end_of_speech,387.293,,,,,,26.265,361.028,,,,563.7,73.0,clean,0,,15,37,drone-pi,aarch64,Raspberry Pi 5 Model B Rev 1.0,true,4
1,smollm2-360m-instruct-Q4_K_M-warmup,0113,789,,,end_of_speech,894.517,,,,,,26.481,868.036,,,,563.7,73.0,clean,0,,34,47,drone-pi,aarch64,Raspberry Pi 5 Model B Rev 1.0,true,4
1,smollm2-360m-instruct-Q4_K_M-warmup,0193,790,,,end_of_speech,624.453,,,,,,26.6,597.853,,,,563.7,71.9,clean,0,,24,48,drone-pi,aarch64,Raspberry Pi 5 Model B Rev 1.0,true,4
1,smollm2-360m-instruct-Q4_K_M-warmup,0006,791,,,end_of_speech,308.082,,,,,,152.544,155.538,,,,563.7,71.9,clean,0,,7,33,drone-pi,aarch64,Raspberry Pi 5 Model B Rev 1.0,true,4
1,smollm2-360m-instruct-Q4_K_M-warmup,0196,792,,,end_of_speech,631.503,,,,,,241.335,390.168,,,,563.7,72.5,clean,0,,16,40,drone-pi,aarch64,Raspberry Pi 5 Model B Rev 1.0,true,4
1,smollm2-360m-instruct-Q4_K_M-warmup,0186,793,,,end_of_speech,622.735,,,,,,26.078,596.657,,,,563.7,71.4,clean,0,,24,41,drone-pi,aarch64,Raspberry Pi 5 Model B Rev 1.0,true,4
1,smollm2-360m-instruct-Q4_K_M-warmup,0075,794,,,end_of_speech,756.919,,,,,,26.618,730.301,,,,563.7,72.5,clean,0,,29,54,drone-pi,aarch64,Raspberry Pi 5 Model B Rev 1.0,true,4
1,smollm2-360m-instruct-Q4_K_M-warmup,0131,795,,,end_of_speech,625.127,,,,,,26.506,598.621,,,,563.7,73.0,clean,0,,24,48,drone-pi,aarch64,Raspberry Pi 5 Model B Rev 1.0,true,4
1,smollm2-360m-instruct-Q4_K_M-warmup,0121,796,,,end_of_speech,475.136,,,,,,139.989,335.147,,,,563.7,73.0,clean,0,,14,32,drone-pi,aarch64,Raspberry Pi 5 Model B Rev 1.0,true,4
1,smollm2-360m-instruct-Q4_K_M-warmup,0101,797,,,end_of_speech,519.103,,,,,,26.442,492.661,,,,563.72,73.6,clean,0,,20,41,drone-pi,aarch64,Raspberry Pi 5 Model B Rev 1.0,true,4
1,smollm2-360m-instruct-Q4_K_M-warmup,0032,798,,,end_of_speech,294.665,,,,,,139.863,154.802,,,,563.72,71.9,clean,0,,7,32,drone-pi,aarch64,Raspberry Pi 5 Model B Rev 1.0,true,4
1,smollm2-360m-instruct-Q4_K_M-warmup,0018,799,,,end_of_speech,331.707,,,,,,175.94,155.767,,,,563.72,72.5,clean,0,,7,35,drone-pi,aarch64,Raspberry Pi 5 Model B Rev 1.0,true,4
1,smollm2-360m-instruct-Q4_K_M-warmup,0049,800,,,end_of_speech,968.444,,,,,,291.666,676.778,,,,563.72,73.0,clean,0,,27,44,drone-pi,aarch64,Raspberry Pi 5 Model B Rev 1.0,true,4
1,smollm2-360m-instruct-Q4_K_M-warmup,0065,801,,,end_of_speech,782.642,,,,,,26.044,756.598,,,,563.72,71.9,clean,0,,30,52,drone-pi,aarch64,Raspberry Pi 5 Model B Rev 1.0,true,4
1,smollm2-360m-instruct-Q4_K_M-warmup,0110,802,,,end_of_speech,702.888,,,,,,26.458,676.43,,,,563.72,71.9,clean,0,,27,45,drone-pi,aarch64,Raspberry Pi 5 Model B Rev 1.0,true,4
1,smollm2-360m-instruct-Q4_K_M-warmup,0048,803,,,end_of_speech,292.884,,,,,,112.383,180.501,,,,563.72,71.9,clean,0,,8,32,drone-pi,aarch64,Raspberry Pi 5 Model B Rev 1.0,true,4
1,smollm2-360m-instruct-Q4_K_M-warmup,0097,804,,,end_of_speech,370.233,,,,,,214.458,155.775,,,,563.72,73.0,clean,0,,7,38,drone-pi,aarch64,Raspberry Pi 5 Model B Rev 1.0,true,4
1,smollm2-360m-instruct-Q4_K_M-warmup,0127,805,,,end_of_speech,642.82,,,,,,228.049,414.771,,,,563.72,71.9,clean,0,,17,39,drone-pi,aarch64,Raspberry Pi 5 Model B Rev 1.0,true,4
1,smollm2-360m-instruct-Q4_K_M-warmup,0123,806,,,end_of_speech,622.313,,,,,,25.968,596.345,,,,563.72,72.5,clean,0,,24,40,drone-pi,aarch64,Raspberry Pi 5 Model B Rev 1.0,true,4
1,smollm2-360m-instruct-Q4_K_M-warmup,0144,807,,,end_of_speech,539.58,,,,,,203.247,336.333,,,,563.72,72.5,clean,0,,14,39,drone-pi,aarch64,Raspberry Pi 5 Model B Rev 1.0,true,4
1,smollm2-360m-instruct-Q4_K_M-warmup,0057,808,,,end_of_speech,308.067,,,,,,152.661,155.406,,,,563.72,73.6,clean,0,,7,33,drone-pi,aarch64,Raspberry Pi 5 Model B Rev 1.0,true,4
1,smollm2-360m-instruct-Q4_K_M-warmup,0083,809,,,end_of_speech,720.344,,,,,,278.679,441.665,,,,563.72,72.5,clean,0,,18,43,drone-pi,aarch64,Raspberry Pi 5 Model B Rev 1.0,true,4
1,smollm2-360m-instruct-Q4_K_M-warmup,0168,810,,,end_of_speech,309.871,,,,,,26.193,283.678,,,,563.72,72.5,clean,0,,12,35,drone-pi,aarch64,Raspberry Pi 5 Model B Rev 1.0,true,4
1,smollm2-360m-instruct-Q4_K_M-warmup,0134,811,,,end_of_speech,468.061,,,,,,26.468,441.593,,,,563.72,73.0,clean,0,,18,51,drone-pi,aarch64,Raspberry Pi 5 Model B Rev 1.0,true,4
1,smollm2-360m-instruct-Q4_K_M-warmup,0128,812,,,end_of_speech,597.233,,,,,,26.487,570.746,,,,563.72,72.5,clean,0,,23,45,drone-pi,aarch64,Raspberry Pi 5 Model B Rev 1.0,true,4
1,smollm2-360m-instruct-Q4_K_M-warmup,0092,813,,,end_of_speech,465.78,,,,,,26.215,439.565,,,,563.72,71.9,clean,0,,18,37,drone-pi,aarch64,Raspberry Pi 5 Model B Rev 1.0,true,4
1,smollm2-360m-instruct-Q4_K_M-warmup,0120,814,,,end_of_speech,600.635,,,,,,26.638,573.997,,,,563.72,71.9,clean,0,,23,53,drone-pi,aarch64,Raspberry Pi 5 Model B Rev 1.0,true,4
1,smollm2-360m-instruct-Q4_K_M-warmup,0059,815,,,end_of_speech,544.228,,,,,,26.462,517.766,,,,563.72,72.5,clean,0,,21,44,drone-pi,aarch64,Raspberry Pi 5 Model B Rev 1.0,true,4
1,smollm2-360m-instruct-Q4_K_M-warmup,0141,816,,,end_of_speech,677.732,,,,,,26.413,651.319,,,,563.72,73.0,clean,0,,26,50,drone-pi,aarch64,Raspberry Pi 5 Model B Rev 1.0,true,4
1,smollm2-360m-instruct-Q4_K_M-warmup,0108,817,,,end_of_speech,362.198,,,,,,26.411,335.787,,,,563.72,72.5,clean,0,,14,41,drone-pi,aarch64,Raspberry Pi 5 Model B Rev 1.0,true,4
1,smollm2-360m-instruct-Q4_K_M-warmup,0159,818,,,end_of_speech,492.752,,,,,,26.376,466.376,,,,563.72,73.0,clean,0,,19,40,drone-pi,aarch64,Raspberry Pi 5 Model B Rev 1.0,true,4
1,smollm2-360m-instruct-Q4_K_M-warmup,0056,819,,,end_of_speech,467.394,,,,,,26.452,440.942,,,,563.72,74.1,clean,0,,18,42,drone-pi,aarch64,Raspberry Pi 5 Model B Rev 1.0,true,4
1,smollm2-360m-instruct-Q4_K_M-warmup,0009,820,,,end_of_speech,358.404,,,,,,202.763,155.641,,,,563.72,72.5,clean,0,,7,37,drone-pi,aarch64,Raspberry Pi 5 Model B Rev 1.0,true,4
1,smollm2-360m-instruct-Q4_K_M-warmup,0038,821,,,end_of_speech,1257.106,,,,,,445.117,811.989,,,,563.72,74.1,clean,0,,32,56,drone-pi,aarch64,Raspberry Pi 5 Model B Rev 1.0,true,4
1,smollm2-360m-instruct-Q4_K_M-warmup,0167,822,,,end_of_speech,465.309,,,,,,25.961,439.348,,,,563.72,73.0,clean,0,,18,37,drone-pi,aarch64,Raspberry Pi 5 Model B Rev 1.0,true,4
1,smollm2-360m-instruct-Q4_K_M-warmup,0114,823,,,end_of_speech,597.751,,,,,,26.375,571.376,,,,563.72,71.9,clean,0,,23,46,drone-pi,aarch64,Raspberry Pi 5 Model B Rev 1.0,true,4
1,smollm2-360m-instruct-Q4_K_M-warmup,0145,824,,,end_of_speech,334.089,,,,,,152.803,181.286,,,,563.72,71.4,clean,0,,8,34,drone-pi,aarch64,Raspberry Pi 5 Model B Rev 1.0,true,4
1,smollm2-360m-instruct-Q4_K_M-warmup,0137,825,,,end_of_speech,345.384,,,,,,189.74,155.644,,,,563.72,73.0,clean,0,,7,37,drone-pi,aarch64,Raspberry Pi 5 Model B Rev 1.0,true,4
1,smollm2-360m-instruct-Q4_K_M-warmup,0020,826,,,end_of_speech,474.029,,,,,,189.519,284.51,,,,563.72,73.6,clean,0,,12,36,drone-pi,aarch64,Raspberry Pi 5 Model B Rev 1.0,true,4
1,smollm2-360m-instruct-Q4_K_M-warmup,0080,827,,,end_of_speech,308.071,,,,,,152.711,155.36,,,,563.72,71.9,clean,0,,7,33,drone-pi,aarch64,Raspberry Pi 5 Model B Rev 1.0,true,4
1,smollm2-360m-instruct-Q4_K_M-warmup,0069,828,,,end_of_speech,525.903,,,,,,189.501,336.402,,,,563.72,72.5,clean,0,,14,36,drone-pi,aarch64,Raspberry Pi 5 Model B Rev 1.0,true,4
1,smollm2-360m-instruct-Q4_K_M-warmup,0047,829,,,end_of_speech,336.327,,,,,,25.898,310.429,,,,563.72,71.9,clean,0,,13,40,drone-pi,aarch64,Raspberry Pi 5 Model B Rev 1.0,true,4
1,smollm2-360m-instruct-Q4_K_M-warmup,0050,830,,,end_of_speech,361.842,,,,,,26.291,335.551,,,,563.72,72.5,clean,0,,14,39,drone-pi,aarch64,Raspberry Pi 5 Model B Rev 1.0,true,4
1,smollm2-360m-instruct-Q4_K_M-warmup,0172,831,,,end_of_speech,466.349,,,,,,26.32,440.029,,,,563.72,71.9,clean,0,,18,41,drone-pi,aarch64,Raspberry Pi 5 Model B Rev 1.0,true,4
1,smollm2-360m-instruct-Q4_K_M-warmup,0076,832,,,end_of_speech,334.899,,,,,,26.17,308.729,,,,563.72,71.9,clean,0,,13,34,drone-pi,aarch64,Raspberry Pi 5 Model B Rev 1.0,true,4
1,smollm2-360m-instruct-Q4_K_M-warmup,0180,833,,,end_of_speech,649.336,,,,,,26.324,623.012,,,,563.72,71.4,clean,0,,25,42,drone-pi,aarch64,Raspberry Pi 5 Model B Rev 1.0,true,4
1,smollm2-360m-instruct-Q4_K_M-warmup,0064,834,,,end_of_speech,476.006,,,,,,140.146,335.86,,,,563.72,71.4,clean,0,,14,34,drone-pi,aarch64,Raspberry Pi 5 Model B Rev 1.0,true,4
1,smollm2-360m-instruct-Q4_K_M-warmup,0022,835,,,end_of_speech,465.701,,,,,,26.301,439.4,,,,563.72,72.5,clean,0,,18,34,drone-pi,aarch64,Raspberry Pi 5 Model B Rev 1.0,true,4
1,smollm2-360m-instruct-Q4_K_M-warmup,0149,836,,,end_of_speech,621.777,,,,,,26.288,595.489,,,,563.72,72.5,clean,0,,24,38,drone-pi,aarch64,Raspberry Pi 5 Model B Rev 1.0,true,4
1,smollm2-360m-instruct-Q4_K_M-warmup,0169,837,,,end_of_speech,649.809,,,,,,26.409,623.4,,,,563.72,72.5,clean,0,,25,44,drone-pi,aarch64,Raspberry Pi 5 Model B Rev 1.0,true,4
1,smollm2-360m-instruct-Q4_K_M-warmup,0152,838,,,end_of_speech,336.224,,,,,,26.388,309.836,,,,563.72,71.9,clean,0,,13,39,drone-pi,aarch64,Raspberry Pi 5 Model B Rev 1.0,true,4
1,smollm2-360m-instruct-Q4_K_M-warmup,0010,839,,,end_of_speech,811.547,,,,,,26.714,784.833,,,,563.72,72.5,clean,0,,31,55,drone-pi,aarch64,Raspberry Pi 5 Model B Rev 1.0,true,4
1,smollm2-360m-instruct-Q4_K_M-warmup,0151,840,,,end_of_speech,439.783,,,,,,26.352,413.431,,,,563.72,72.5,clean,0,,17,38,drone-pi,aarch64,Raspberry Pi 5 Model B Rev 1.0,true,4
1,smollm2-360m-instruct-Q4_K_M-warmup,0162,841,,,end_of_speech,599.938,,,,,,26.525,573.413,,,,563.72,71.9,clean,0,,23,52,drone-pi,aarch64,Raspberry Pi 5 Model B Rev 1.0,true,4
1,smollm2-360m-instruct-Q4_K_M-warmup,0182,842,,,end_of_speech,345.809,,,,,,189.915,155.894,,,,563.72,71.4,clean,0,,7,36,drone-pi,aarch64,Raspberry Pi 5 Model B Rev 1.0,true,4
1,smollm2-360m-instruct-Q4_K_M-warmup,0072,843,,,end_of_speech,462.875,,,,,,152.522,310.353,,,,563.72,72.5,clean,0,,13,33,drone-pi,aarch64,Raspberry Pi 5 Model B Rev 1.0,true,4
1,smollm2-360m-instruct-Q4_K_M-warmup,0033,844,,,end_of_speech,310.37,,,,,,25.927,284.443,,,,563.72,70.8,clean,0,,12,38,drone-pi,aarch64,Raspberry Pi 5 Model B Rev 1.0,true,4
1,smollm2-360m-instruct-Q4_K_M-warmup,0116,845,,,end_of_speech,388.624,,,,,,26.461,362.163,,,,563.72,71.4,clean,0,,15,44,drone-pi,aarch64,Raspberry Pi 5 Model B Rev 1.0,true,4
1,smollm2-360m-instruct-Q4_K_M-warmup,0105,846,,,end_of_speech,623.17,,,,,,26.375,596.795,,,,563.72,71.9,clean,0,,24,40,drone-pi,aarch64,Raspberry Pi 5 Model B Rev 1.0,true,4
1,smollm2-360m-instruct-Q4_K_M-warmup,0089,847,,,end_of_speech,943.778,,,,,,26.629,917.149,,,,563.72,72.5,clean,0,,36,58,drone-pi,aarch64,Raspberry Pi 5 Model B Rev 1.0,true,4
1,smollm2-360m-instruct-Q4_K_M-warmup,0062,848,,,end_of_speech,387.608,,,,,,26.389,361.219,,,,563.72,71.4,clean,0,,15,37,drone-pi,aarch64,Raspberry Pi 5 Model B Rev 1.0,true,4
1,smollm2-360m-instruct-Q4_K_M-warmup,0113,849,,,end_of_speech,895.69,,,,,,26.408,869.282,,,,563.72,71.4,clean,0,,34,47,drone-pi,aarch64,Raspberry Pi 5 Model B Rev 1.0,true,4
1,smollm2-360m-instruct-Q4_K_M-warmup,0193,850,,,end_of_speech,624.759,,,,,,26.518,598.241,,,,563.72,73.0,clean,0,,24,48,drone-pi,aarch64,Raspberry Pi 5 Model B Rev 1.0,true,4
1,smollm2-360m-instruct-Q4_K_M-warmup,0006,851,,,end_of_speech,308.286,,,,,,152.682,155.604,,,,563.72,71.9,clean,0,,7,33,drone-pi,aarch64,Raspberry Pi 5 Model B Rev 1.0,true,4
1,smollm2-360m-instruct-Q4_K_M-warmup,0196,852,,,end_of_speech,630.609,,,,,,241.486,389.123,,,,563.72,71.9,clean,0,,16,40,drone-pi,aarch64,Raspberry Pi 5 Model B Rev 1.0,true,4
1,smollm2-360m-instruct-Q4_K_M-warmup,0186,853,,,end_of_speech,622.511,,,,,,25.984,596.527,,,,563.72,71.9,clean,0,,24,41,drone-pi,aarch64,Raspberry Pi 5 Model B Rev 1.0,true,4
1,smollm2-360m-instruct-Q4_K_M-warmup,0075,854,,,end_of_speech,757.72,,,,,,26.646,731.074,,,,563.72,71.9,clean,0,,29,54,drone-pi,aarch64,Raspberry Pi 5 Model B Rev 1.0,true,4
1,smollm2-360m-instruct-Q4_K_M-warmup,0131,855,,,end_of_speech,624.612,,,,,,26.531,598.081,,,,563.72,71.4,clean,0,,24,48,drone-pi,aarch64,Raspberry Pi 5 Model B Rev 1.0,true,4
1,smollm2-360m-instruct-Q4_K_M-warmup,0121,856,,,end_of_speech,475.186,,,,,,140.066,335.12,,,,563.72,73.0,clean,0,,14,32,drone-pi,aarch64,Raspberry Pi 5 Model B Rev 1.0,true,4
1,smollm2-360m-instruct-Q4_K_M-warmup,0101,857,,,end_of_speech,518.522,,,,,,26.361,492.161,,,,563.72,71.9,clean,0,,20,41,drone-pi,aarch64,Raspberry Pi 5 Model B Rev 1.0,true,4
1,smollm2-360m-instruct-Q4_K_M-warmup,0032,858,,,end_of_speech,295.163,,,,,,140.173,154.99,,,,563.72,71.4,clean,0,,7,32,drone-pi,aarch64,Raspberry Pi 5 Model B Rev 1.0,true,4
1,smollm2-360m-instruct-Q4_K_M-warmup,0018,859,,,end_of_speech,331.637,,,,,,176.22,155.417,,,,563.72,72.5,clean,0,,7,35,drone-pi,aarch64,Raspberry Pi 5 Model B Rev 1.0,true,4
1,smollm2-360m-instruct-Q4_K_M-warmup,0049,860,,,end_of_speech,968.555,,,,,,291.623,676.932,,,,563.72,73.0,clean,0,,27,44,drone-pi,aarch64,Raspberry Pi 5 Model B Rev 1.0,true,4
1,smollm2-360m-instruct-Q4_K_M-warmup,0065,861,,,end_of_speech,782.462,,,,,,26.187,756.275,,,,563.72,71.9,clean,0,,30,52,drone-pi,aarch64,Raspberry Pi 5 Model B Rev 1.0,true,4
1,smollm2-360m-instruct-Q4_K_M-warmup,0110,862,,,end_of_speech,702.534,,,,,,26.507,676.027,,,,563.72,72.5,clean,0,,27,45,drone-pi,aarch64,Raspberry Pi 5 Model B Rev 1.0,true,4
1,smollm2-360m-instruct-Q4_K_M-warmup,0048,863,,,end_of_speech,293.179,,,,,,112.547,180.632,,,,563.72,71.9,clean,0,,8,32,drone-pi,aarch64,Raspberry Pi 5 Model B Rev 1.0,true,4
1,smollm2-360m-instruct-Q4_K_M-warmup,0097,864,,,end_of_speech,369.92,,,,,,214.264,155.656,,,,563.72,72.5,clean,0,,7,38,drone-pi,aarch64,Raspberry Pi 5 Model B Rev 1.0,true,4
1,smollm2-360m-instruct-Q4_K_M-warmup,0127,865,,,end_of_speech,642.489,,,,,,228.026,414.463,,,,563.72,71.9,clean,0,,17,39,drone-pi,aarch64,Raspberry Pi 5 Model B Rev 1.0,true,4
1,smollm2-360m-instruct-Q4_K_M-warmup,0123,866,,,end_of_speech,622.206,,,,,,26.031,596.175,,,,563.72,71.9,clean,0,,24,40,drone-pi,aarch64,Raspberry Pi 5 Model B Rev 1.0,true,4
1,smollm2-360m-instruct-Q4_K_M-warmup,0144,867,,,end_of_speech,539.675,,,,,,203.423,336.252,,,,563.72,72.5,clean,0,,14,39,drone-pi,aarch64,Raspberry Pi 5 Model B Rev 1.0,true,4
1,smollm2-360m-instruct-Q4_K_M-warmup,0057,868,,,end_of_speech,308.32,,,,,,152.734,155.586,,,,563.72,71.9,clean,0,,7,33,drone-pi,aarch64,Raspberry Pi 5 Model B Rev 1.0,true,4
1,smollm2-360m-instruct-Q4_K_M-warmup,0083,869,,,end_of_speech,720.657,,,,,,278.804,441.853,,,,563.72,73.0,clean,0,,18,43,drone-pi,aarch64,Raspberry Pi 5 Model B Rev 1.0,true,4
1,smollm2-360m-instruct-Q4_K_M-warmup,0168,870,,,end_of_speech,310.128,,,,,,26.214,283.914,,,,563.72,72.5,clean,0,,12,35,drone-pi,aarch64,Raspberry Pi 5 Model B Rev 1.0,true,4
1,smollm2-360m-instruct-Q4_K_M-warmup,0134,871,,,end_of_speech,469.132,,,,,,26.617,442.515,,,,563.72,71.4,clean,0,,18,51,drone-pi,aarch64,Raspberry Pi 5 Model B Rev 1.0,true,4
1,smollm2-360m-instruct-Q4_K_M-warmup,0128,872,,,end_of_speech,598.099,,,,,,26.446,571.653,,,,563.72,73.0,clean,0,,23,45,drone-pi,aarch64,Raspberry Pi 5 Model B Rev 1.0,true,4
1,smollm2-360m-instruct-Q4_K_M-warmup,0092,873,,,end_of_speech,465.633,,,,,,26.353,439.28,,,,563.72,73.0,clean,0,,18,37,drone-pi,aarch64,Raspberry Pi 5 Model B Rev 1.0,true,4
1,smollm2-360m-instruct-Q4_K_M-warmup,0120,874,,,end_of_speech,599.5,,,,,,26.539,572.961,,,,563.72,73.0,clean,0,,23,53,drone-pi,aarch64,Raspberry Pi 5 Model B Rev 1.0,true,4
1,smollm2-360m-instruct-Q4_K_M-warmup,0059,875,,,end_of_speech,544.143,,,,,,26.581,517.562,,,,563.72,71.9,clean,0,,21,44,drone-pi,aarch64,Raspberry Pi 5 Model B Rev 1.0,true,4
1,smollm2-360m-instruct-Q4_K_M-warmup,0141,876,,,end_of_speech,677.471,,,,,,26.591,650.88,,,,563.72,73.0,clean,0,,26,50,drone-pi,aarch64,Raspberry Pi 5 Model B Rev 1.0,true,4
1,smollm2-360m-instruct-Q4_K_M-warmup,0108,877,,,end_of_speech,361.909,,,,,,26.481,335.428,,,,563.72,72.5,clean,0,,14,41,drone-pi,aarch64,Raspberry Pi 5 Model B Rev 1.0,true,4
1,smollm2-360m-instruct-Q4_K_M-warmup,0159,878,,,end_of_speech,492.789,,,,,,26.276,466.513,,,,563.72,71.9,clean,0,,19,40,drone-pi,aarch64,Raspberry Pi 5 Model B Rev 1.0,true,4
1,smollm2-360m-instruct-Q4_K_M-warmup,0056,879,,,end_of_speech,466.883,,,,,,26.484,440.399,,,,563.72,71.4,clean,0,,18,42,drone-pi,aarch64,Raspberry Pi 5 Model B Rev 1.0,true,4
1,smollm2-360m-instruct-Q4_K_M-warmup,0009,880,,,end_of_speech,358.62,,,,,,202.759,155.861,,,,563.72,71.9,clean,0,,7,37,drone-pi,aarch64,Raspberry Pi 5 Model B Rev 1.0,true,4
1,smollm2-360m-instruct-Q4_K_M-warmup,0038,881,,,end_of_speech,1256.74,,,,,,445.215,811.525,,,,563.72,71.9,clean,0,,32,56,drone-pi,aarch64,Raspberry Pi 5 Model B Rev 1.0,true,4
1,smollm2-360m-instruct-Q4_K_M-warmup,0167,882,,,end_of_speech,465.478,,,,,,25.837,439.641,,,,563.72,73.6,clean,0,,18,37,drone-pi,aarch64,Raspberry Pi 5 Model B Rev 1.0,true,4
1,smollm2-360m-instruct-Q4_K_M-warmup,0114,883,,,end_of_speech,597.453,,,,,,26.511,570.942,,,,563.72,72.5,clean,0,,23,46,drone-pi,aarch64,Raspberry Pi 5 Model B Rev 1.0,true,4
1,smollm2-360m-instruct-Q4_K_M-warmup,0145,884,,,end_of_speech,334.011,,,,,,152.726,181.285,,,,563.72,71.9,clean,0,,8,34,drone-pi,aarch64,Raspberry Pi 5 Model B Rev 1.0,true,4
1,smollm2-360m-instruct-Q4_K_M-warmup,0137,885,,,end_of_speech,345.228,,,,,,189.68,155.548,,,,563.72,73.0,clean,0,,7,37,drone-pi,aarch64,Raspberry Pi 5 Model B Rev 1.0,true,4
1,smollm2-360m-instruct-Q4_K_M-warmup,0020,886,,,end_of_speech,473.862,,,,,,189.509,284.353,,,,563.72,71.9,clean,0,,12,36,drone-pi,aarch64,Raspberry Pi 5 Model B Rev 1.0,true,4
1,smollm2-360m-instruct-Q4_K_M-warmup,0080,887,,,end_of_speech,307.694,,,,,,152.561,155.133,,,,563.72,72.5,clean,0,,7,33,drone-pi,aarch64,Raspberry Pi 5 Model B Rev 1.0,true,4
1,smollm2-360m-instruct-Q4_K_M-warmup,0069,888,,,end_of_speech,526.153,,,,,,189.562,336.591,,,,563.72,72.5,clean,0,,14,36,drone-pi,aarch64,Raspberry Pi 5 Model B Rev 1.0,true,4
1,smollm2-360m-instruct-Q4_K_M-warmup,0047,889,,,end_of_speech,336.33,,,,,,25.973,310.357,,,,563.72,74.1,clean,0,,13,40,drone-pi,aarch64,Raspberry Pi 5 Model B Rev 1.0,true,4
1,smollm2-360m-instruct-Q4_K_M-warmup,0050,890,,,end_of_speech,374.704,,,,,,26.34,348.364,,,,563.72,70.8,clean,0,,14,39,drone-pi,aarch64,Raspberry Pi 5 Model B Rev 1.0,true,4
1,smollm2-360m-instruct-Q4_K_M-warmup,0172,891,,,end_of_speech,529.067,,,,,,28.4,500.667,,,,563.72,71.9,clean,0,,18,41,drone-pi,aarch64,Raspberry Pi 5 Model B Rev 1.0,true,4
1,smollm2-360m-instruct-Q4_K_M-warmup,0076,892,,,end_of_speech,360.605,,,,,,31.386,329.219,,,,563.72,70.8,clean,0,,13,34,drone-pi,aarch64,Raspberry Pi 5 Model B Rev 1.0,true,4
1,smollm2-360m-instruct-Q4_K_M-warmup,0180,893,,,end_of_speech,649.224,,,,,,26.411,622.813,,,,563.72,71.4,clean,0,,25,42,drone-pi,aarch64,Raspberry Pi 5 Model B Rev 1.0,true,4
1,smollm2-360m-instruct-Q4_K_M-warmup,0064,894,,,end_of_speech,476.035,,,,,,140.258,335.777,,,,563.72,72.5,clean,0,,14,34,drone-pi,aarch64,Raspberry Pi 5 Model B Rev 1.0,true,4
1,smollm2-360m-instruct-Q4_K_M-warmup,0022,895,,,end_of_speech,465.178,,,,,,26.251,438.927,,,,563.72,71.4,clean,0,,18,34,drone-pi,aarch64,Raspberry Pi 5 Model B Rev 1.0,true,4
1,smollm2-360m-instruct-Q4_K_M-warmup,0149,896,,,end_of_speech,622.068,,,,,,26.347,595.721,,,,563.72,71.9,clean,0,,24,38,drone-pi,aarch64,Raspberry Pi 5 Model B Rev 1.0,true,4
1,smollm2-360m-instruct-Q4_K_M-warmup,0169,897,,,end_of_speech,650.641,,,,,,26.414,624.227,,,,563.72,71.4,clean,0,,25,44,drone-pi,aarch64,Raspberry Pi 5 Model B Rev 1.0,true,4
1,smollm2-360m-instruct-Q4_K_M-warmup,0152,898,,,end_of_speech,336.71,,,,,,26.346,310.364,,,,563.72,73.0,clean,0,,13,39,drone-pi,aarch64,Raspberry Pi 5 Model B Rev 1.0,true,4
1,smollm2-360m-instruct-Q4_K_M-warmup,0010,899,,,end_of_speech,810.925,,,,,,26.536,784.389,,,,563.72,71.9,clean,0,,31,55,drone-pi,aarch64,Raspberry Pi 5 Model B Rev 1.0,true,4
1,smollm2-360m-instruct-Q4_K_M-warmup,0151,900,,,end_of_speech,440.423,,,,,,26.518,413.905,,,,563.72,72.5,clean,0,,17,38,drone-pi,aarch64,Raspberry Pi 5 Model B Rev 1.0,true,4
1,smollm2-360m-instruct-Q4_K_M-warmup,0162,901,,,end_of_speech,600.361,,,,,,26.568,573.793,,,,563.72,73.6,clean,0,,23,52,drone-pi,aarch64,Raspberry Pi 5 Model B Rev 1.0,true,4
1,smollm2-360m-instruct-Q4_K_M-warmup,0182,902,,,end_of_speech,345.386,,,,,,189.627,155.759,,,,563.72,71.9,clean,0,,7,36,drone-pi,aarch64,Raspberry Pi 5 Model B Rev 1.0,true,4
1,smollm2-360m-instruct-Q4_K_M-warmup,0072,903,,,end_of_speech,463.413,,,,,,152.544,310.869,,,,563.72,72.5,clean,0,,13,33,drone-pi,aarch64,Raspberry Pi 5 Model B Rev 1.0,true,4
1,smollm2-360m-instruct-Q4_K_M-warmup,0033,904,,,end_of_speech,310.023,,,,,,25.954,284.069,,,,563.72,71.4,clean,0,,12,38,drone-pi,aarch64,Raspberry Pi 5 Model B Rev 1.0,true,4
1,smollm2-360m-instruct-Q4_K_M-warmup,0116,905,,,end_of_speech,388.888,,,,,,26.42,362.468,,,,563.72,73.6,clean,0,,15,44,drone-pi,aarch64,Raspberry Pi 5 Model B Rev 1.0,true,4
1,smollm2-360m-instruct-Q4_K_M-warmup,0105,906,,,end_of_speech,623.118,,,,,,26.312,596.806,,,,563.72,73.6,clean,0,,24,40,drone-pi,aarch64,Raspberry Pi 5 Model B Rev 1.0,true,4
1,smollm2-360m-instruct-Q4_K_M-warmup,0089,907,,,end_of_speech,943.738,,,,,,26.67,917.068,,,,563.72,72.5,clean,0,,36,58,drone-pi,aarch64,Raspberry Pi 5 Model B Rev 1.0,true,4
1,smollm2-360m-instruct-Q4_K_M-warmup,0062,908,,,end_of_speech,387.749,,,,,,26.362,361.387,,,,563.72,73.6,clean,0,,15,37,drone-pi,aarch64,Raspberry Pi 5 Model B Rev 1.0,true,4
1,smollm2-360m-instruct-Q4_K_M-warmup,0113,909,,,end_of_speech,894.003,,,,,,26.401,867.602,,,,563.72,72.5,clean,0,,34,47,drone-pi,aarch64,Raspberry Pi 5 Model B Rev 1.0,true,4
1,smollm2-360m-instruct-Q4_K_M-warmup,0193,910,,,end_of_speech,624.713,,,,,,26.618,598.095,,,,563.72,73.0,clean,0,,24,48,drone-pi,aarch64,Raspberry Pi 5 Model B Rev 1.0,true,4
1,smollm2-360m-instruct-Q4_K_M-warmup,0006,911,,,end_of_speech,308.274,,,,,,152.665,155.609,,,,563.72,73.6,clean,0,,7,33,drone-pi,aarch64,Raspberry Pi 5 Model B Rev 1.0,true,4
1,smollm2-360m-instruct-Q4_K_M-warmup,0196,912,,,end_of_speech,630.964,,,,,,241.267,389.697,,,,563.72,72.5,clean,0,,16,40,drone-pi,aarch64,Raspberry Pi 5 Model B Rev 1.0,true,4
1,smollm2-360m-instruct-Q4_K_M-warmup,0186,913,,,end_of_speech,622.29,,,,,,25.937,596.353,,,,563.72,72.5,clean,0,,24,41,drone-pi,aarch64,Raspberry Pi 5 Model B Rev 1.0,true,4
1,smollm2-360m-instruct-Q4_K_M-warmup,0075,914,,,end_of_speech,759.017,,,,,,26.597,732.42,,,,563.72,73.0,clean,0,,29,54,drone-pi,aarch64,Raspberry Pi 5 Model B Rev 1.0,true,4
1,smollm2-360m-instruct-Q4_K_M-warmup,0131,915,,,end_of_speech,625.172,,,,,,26.57,598.602,,,,563.72,73.6,clean,0,,24,48,drone-pi,aarch64,Raspberry Pi 5 Model B Rev 1.0,true,4
1,smollm2-360m-instruct-Q4_K_M-warmup,0121,916,,,end_of_speech,475.124,,,,,,139.985,335.139,,,,563.72,73.0,clean,0,,14,32,drone-pi,aarch64,Raspberry Pi 5 Model B Rev 1.0,true,4
1,smollm2-360m-instruct-Q4_K_M-warmup,0101,917,,,end_of_speech,518.056,,,,,,26.229,491.827,,,,563.72,71.9,clean,0,,20,41,drone-pi,aarch64,Raspberry Pi 5 Model B Rev 1.0,true,4
1,smollm2-360m-instruct-Q4_K_M-warmup,0032,918,,,end_of_speech,295.302,,,,,,139.955,155.347,,,,563.72,73.6,clean,0,,7,32,drone-pi,aarch64,Raspberry Pi 5 Model B Rev 1.0,true,4
1,smollm2-360m-instruct-Q4_K_M-warmup,0018,919,,,end_of_speech,331.476,,,,,,176.197,155.279,,,,563.72,73.0,clean,0,,7,35,drone-pi,aarch64,Raspberry Pi 5 Model B Rev 1.0,true,4
1,smollm2-360m-instruct-Q4_K_M-warmup,0049,920,,,end_of_speech,969.902,,,,,,291.583,678.319,,,,563.72,72.5,clean,0,,27,44,drone-pi,aarch64,Raspberry Pi 5 Model B Rev 1.0,true,4
1,smollm2-360m-instruct-Q4_K_M-warmup,0065,921,,,end_of_speech,783.227,,,,,,26.255,756.972,,,,563.72,72.5,clean,0,,30,52,drone-pi,aarch64,Raspberry Pi 5 Model B Rev 1.0,true,4
1,smollm2-360m-instruct-Q4_K_M-warmup,0110,922,,,end_of_speech,701.519,,,,,,26.354,675.165,,,,563.72,71.4,clean,0,,27,45,drone-pi,aarch64,Raspberry Pi 5 Model B Rev 1.0,true,4
1,smollm2-360m-instruct-Q4_K_M-warmup,0048,923,,,end_of_speech,293.244,,,,,,112.492,180.752,,,,563.72,72.5,clean,0,,8,32,drone-pi,aarch64,Raspberry Pi 5 Model B Rev 1.0,true,4
1,smollm2-360m-instruct-Q4_K_M-warmup,0097,924,,,end_of_speech,369.886,,,,,,214.346,155.54,,,,563.72,74.1,clean,0,,7,38,drone-pi,aarch64,Raspberry Pi 5 Model B Rev 1.0,true,4
1,smollm2-360m-instruct-Q4_K_M-warmup,0127,925,,,end_of_speech,643.256,,,,,,228.061,415.195,,,,563.72,71.9,clean,0,,17,39,drone-pi,aarch64,Raspberry Pi 5 Model B Rev 1.0,true,4
1,smollm2-360m-instruct-Q4_K_M-warmup,0123,926,,,end_of_speech,622.464,,,,,,25.94,596.524,,,,563.72,73.6,clean,0,,24,40,drone-pi,aarch64,Raspberry Pi 5 Model B Rev 1.0,true,4
1,smollm2-360m-instruct-Q4_K_M-warmup,0144,927,,,end_of_speech,539.573,,,,,,203.416,336.157,,,,563.72,73.6,clean,0,,14,39,drone-pi,aarch64,Raspberry Pi 5 Model B Rev 1.0,true,4
1,smollm2-360m-instruct-Q4_K_M-warmup,0057,928,,,end_of_speech,308.161,,,,,,152.676,155.485,,,,563.72,72.5,clean,0,,7,33,drone-pi,aarch64,Raspberry Pi 5 Model B Rev 1.0,true,4
1,smollm2-360m-instruct-Q4_K_M-warmup,0083,929,,,end_of_speech,720.317,,,,,,278.679,441.638,,,,563.72,73.6,clean,0,,18,43,drone-pi,aarch64,Raspberry Pi 5 Model B Rev 1.0,true,4
1,smollm2-360m-instruct-Q4_K_M-warmup,0168,930,,,end_of_speech,310.361,,,,,,26.357,284.004,,,,563.72,75.2,clean,0,,12,35,drone-pi,aarch64,Raspberry Pi 5 Model B Rev 1.0,true,4
1,smollm2-360m-instruct-Q4_K_M-warmup,0134,931,,,end_of_speech,468.717,,,,,,26.571,442.146,,,,563.72,73.6,clean,0,,18,51,drone-pi,aarch64,Raspberry Pi 5 Model B Rev 1.0,true,4
1,smollm2-360m-instruct-Q4_K_M-warmup,0128,932,,,end_of_speech,598.065,,,,,,26.513,571.552,,,,563.72,73.0,clean,0,,23,45,drone-pi,aarch64,Raspberry Pi 5 Model B Rev 1.0,true,4
1,smollm2-360m-instruct-Q4_K_M-warmup,0092,933,,,end_of_speech,466.05,,,,,,26.345,439.705,,,,563.72,72.5,clean,0,,18,37,drone-pi,aarch64,Raspberry Pi 5 Model B Rev 1.0,true,4
1,smollm2-360m-instruct-Q4_K_M-warmup,0120,934,,,end_of_speech,599.678,,,,,,26.684,572.994,,,,563.72,72.5,clean,0,,23,53,drone-pi,aarch64,Raspberry Pi 5 Model B Rev 1.0,true,4
1,smollm2-360m-instruct-Q4_K_M-warmup,0059,935,,,end_of_speech,546.017,,,,,,26.403,519.614,,,,563.72,73.6,clean,0,,21,44,drone-pi,aarch64,Raspberry Pi 5 Model B Rev 1.0,true,4
1,smollm2-360m-instruct-Q4_K_M-warmup,0141,936,,,end_of_speech,677.236,,,,,,26.594,650.642,,,,563.72,71.9,clean,0,,26,50,drone-pi,aarch64,Raspberry Pi 5 Model B Rev 1.0,true,4
1,smollm2-360m-instruct-Q4_K_M-warmup,0108,937,,,end_of_speech,362.064,,,,,,26.399,335.665,,,,563.72,73.0,clean,0,,14,41,drone-pi,aarch64,Raspberry Pi 5 Model B Rev 1.0,true,4
1,smollm2-360m-instruct-Q4_K_M-warmup,0159,938,,,end_of_speech,491.861,,,,,,26.321,465.54,,,,563.72,74.1,clean,0,,19,40,drone-pi,aarch64,Raspberry Pi 5 Model B Rev 1.0,true,4
1,smollm2-360m-instruct-Q4_K_M-warmup,0056,939,,,end_of_speech,466.755,,,,,,26.339,440.416,,,,563.72,73.6,clean,0,,18,42,drone-pi,aarch64,Raspberry Pi 5 Model B Rev 1.0,true,4
1,smollm2-360m-instruct-Q4_K_M-warmup,0009,940,,,end_of_speech,358.783,,,,,,203.11,155.673,,,,563.72,72.5,clean,0,,7,37,drone-pi,aarch64,Raspberry Pi 5 Model B Rev 1.0,true,4
1,smollm2-360m-instruct-Q4_K_M-warmup,0038,941,,,end_of_speech,1257.704,,,,,,445.298,812.406,,,,563.72,73.0,clean,0,,32,56,drone-pi,aarch64,Raspberry Pi 5 Model B Rev 1.0,true,4
1,smollm2-360m-instruct-Q4_K_M-warmup,0167,942,,,end_of_speech,465.28,,,,,,25.941,439.339,,,,563.72,73.6,clean,0,,18,37,drone-pi,aarch64,Raspberry Pi 5 Model B Rev 1.0,true,4
1,smollm2-360m-instruct-Q4_K_M-warmup,0114,943,,,end_of_speech,597.434,,,,,,26.408,571.026,,,,563.72,72.5,clean,0,,23,46,drone-pi,aarch64,Raspberry Pi 5 Model B Rev 1.0,true,4
1,smollm2-360m-instruct-Q4_K_M-warmup,0145,944,,,end_of_speech,334.04,,,,,,152.708,181.332,,,,563.72,73.0,clean,0,,8,34,drone-pi,aarch64,Raspberry Pi 5 Model B Rev 1.0,true,4
1,smollm2-360m-instruct-Q4_K_M-warmup,0137,945,,,end_of_speech,345.233,,,,,,189.656,155.577,,,,563.72,74.1,clean,0,,7,37,drone-pi,aarch64,Raspberry Pi 5 Model B Rev 1.0,true,4
1,smollm2-360m-instruct-Q4_K_M-warmup,0020,946,,,end_of_speech,474.244,,,,,,189.607,284.637,,,,563.72,74.1,clean,0,,12,36,drone-pi,aarch64,Raspberry Pi 5 Model B Rev 1.0,true,4
1,smollm2-360m-instruct-Q4_K_M-warmup,0080,947,,,end_of_speech,307.754,,,,,,152.571,155.183,,,,563.72,73.0,clean,0,,7,33,drone-pi,aarch64,Raspberry Pi 5 Model B Rev 1.0,true,4
1,smollm2-360m-instruct-Q4_K_M-warmup,0069,948,,,end_of_speech,526.848,,,,,,189.779,337.069,,,,563.72,73.0,clean,0,,14,36,drone-pi,aarch64,Raspberry Pi 5 Model B Rev 1.0,true,4
1,smollm2-360m-instruct-Q4_K_M-warmup,0047,949,,,end_of_speech,335.899,,,,,,25.969,309.93,,,,563.72,73.6,clean,0,,13,40,drone-pi,aarch64,Raspberry Pi 5 Model B Rev 1.0,true,4
1,smollm2-360m-instruct-Q4_K_M-warmup,0050,950,,,end_of_speech,361.761,,,,,,26.477,335.284,,,,563.72,73.6,clean,0,,14,39,drone-pi,aarch64,Raspberry Pi 5 Model B Rev 1.0,true,4
1,smollm2-360m-instruct-Q4_K_M-warmup,0172,951,,,end_of_speech,466.922,,,,,,26.35,440.572,,,,563.72,72.5,clean,0,,18,41,drone-pi,aarch64,Raspberry Pi 5 Model B Rev 1.0,true,4
1,smollm2-360m-instruct-Q4_K_M-warmup,0076,952,,,end_of_speech,335.709,,,,,,26.191,309.518,,,,563.72,74.1,clean,0,,13,34,drone-pi,aarch64,Raspberry Pi 5 Model B Rev 1.0,true,4
1,smollm2-360m-instruct-Q4_K_M-warmup,0180,953,,,end_of_speech,649.728,,,,,,26.439,623.289,,,,563.72,72.5,clean,0,,25,42,drone-pi,aarch64,Raspberry Pi 5 Model B Rev 1.0,true,4
1,smollm2-360m-instruct-Q4_K_M-warmup,0064,954,,,end_of_speech,475.653,,,,,,140.209,335.444,,,,563.72,72.5,clean,0,,14,34,drone-pi,aarch64,Raspberry Pi 5 Model B Rev 1.0,true,4
1,smollm2-360m-instruct-Q4_K_M-warmup,0022,955,,,end_of_speech,464.992,,,,,,26.21,438.782,,,,563.72,73.0,clean,0,,18,34,drone-pi,aarch64,Raspberry Pi 5 Model B Rev 1.0,true,4
1,smollm2-360m-instruct-Q4_K_M-warmup,0149,956,,,end_of_speech,621.446,,,,,,26.257,595.189,,,,563.72,73.6,clean,0,,24,38,drone-pi,aarch64,Raspberry Pi 5 Model B Rev 1.0,true,4
1,smollm2-360m-instruct-Q4_K_M-warmup,0169,957,,,end_of_speech,650.072,,,,,,26.505,623.567,,,,563.72,71.9,clean,0,,25,44,drone-pi,aarch64,Raspberry Pi 5 Model B Rev 1.0,true,4
1,smollm2-360m-instruct-Q4_K_M-warmup,0152,958,,,end_of_speech,336.778,,,,,,26.283,310.495,,,,563.72,72.5,clean,0,,13,39,drone-pi,aarch64,Raspberry Pi 5 Model B Rev 1.0,true,4
1,smollm2-360m-instruct-Q4_K_M-warmup,0010,959,,,end_of_speech,811.591,,,,,,26.659,784.932,,,,563.72,73.6,clean,0,,31,55,drone-pi,aarch64,Raspberry Pi 5 Model B Rev 1.0,true,4
1,smollm2-360m-instruct-Q4_K_M-warmup,0151,960,,,end_of_speech,439.649,,,,,,26.29,413.359,,,,563.72,72.5,clean,0,,17,38,drone-pi,aarch64,Raspberry Pi 5 Model B Rev 1.0,true,4
1,smollm2-360m-instruct-Q4_K_M-warmup,0162,961,,,end_of_speech,599.98,,,,,,26.542,573.438,,,,563.72,72.5,clean,0,,23,52,drone-pi,aarch64,Raspberry Pi 5 Model B Rev 1.0,true,4
1,smollm2-360m-instruct-Q4_K_M-warmup,0182,962,,,end_of_speech,345.332,,,,,,189.629,155.703,,,,563.72,73.0,clean,0,,7,36,drone-pi,aarch64,Raspberry Pi 5 Model B Rev 1.0,true,4
1,smollm2-360m-instruct-Q4_K_M-warmup,0072,963,,,end_of_speech,462.57,,,,,,152.779,309.791,,,,563.72,74.1,clean,0,,13,33,drone-pi,aarch64,Raspberry Pi 5 Model B Rev 1.0,true,4
1,smollm2-360m-instruct-Q4_K_M-warmup,0033,964,,,end_of_speech,309.725,,,,,,25.962,283.763,,,,563.72,72.5,clean,0,,12,38,drone-pi,aarch64,Raspberry Pi 5 Model B Rev 1.0,true,4
1,smollm2-360m-instruct-Q4_K_M-warmup,0116,965,,,end_of_speech,388.401,,,,,,26.454,361.947,,,,563.72,73.0,clean,0,,15,44,drone-pi,aarch64,Raspberry Pi 5 Model B Rev 1.0,true,4
1,smollm2-360m-instruct-Q4_K_M-warmup,0105,966,,,end_of_speech,622.636,,,,,,26.236,596.4,,,,563.72,71.9,clean,0,,24,40,drone-pi,aarch64,Raspberry Pi 5 Model B Rev 1.0,true,4
1,smollm2-360m-instruct-Q4_K_M-warmup,0089,967,,,end_of_speech,943.834,,,,,,26.593,917.241,,,,563.72,71.9,clean,0,,36,58,drone-pi,aarch64,Raspberry Pi 5 Model B Rev 1.0,true,4
1,smollm2-360m-instruct-Q4_K_M-warmup,0062,968,,,end_of_speech,387.228,,,,,,26.333,360.895,,,,563.72,72.5,clean,0,,15,37,drone-pi,aarch64,Raspberry Pi 5 Model B Rev 1.0,true,4
1,smollm2-360m-instruct-Q4_K_M-warmup,0113,969,,,end_of_speech,895.242,,,,,,26.502,868.74,,,,563.72,73.6,clean,0,,34,47,drone-pi,aarch64,Raspberry Pi 5 Model B Rev 1.0,true,4
1,smollm2-360m-instruct-Q4_K_M-warmup,0193,970,,,end_of_speech,624.737,,,,,,26.478,598.259,,,,563.72,73.0,clean,0,,24,48,drone-pi,aarch64,Raspberry Pi 5 Model B Rev 1.0,true,4
1,smollm2-360m-instruct-Q4_K_M-warmup,0006,971,,,end_of_speech,308.323,,,,,,152.788,155.535,,,,563.72,73.0,clean,0,,7,33,drone-pi,aarch64,Raspberry Pi 5 Model B Rev 1.0,true,4
1,smollm2-360m-instruct-Q4_K_M-warmup,0196,972,,,end_of_speech,630.409,,,,,,241.373,389.036,,,,563.72,72.5,clean,0,,16,40,drone-pi,aarch64,Raspberry Pi 5 Model B Rev 1.0,true,4
1,smollm2-360m-instruct-Q4_K_M-warmup,0186,973,,,end_of_speech,622.348,,,,,,25.832,596.516,,,,563.72,73.0,clean,0,,24,41,drone-pi,aarch64,Raspberry Pi 5 Model B Rev 1.0,true,4
1,smollm2-360m-instruct-Q4_K_M-warmup,0075,974,,,end_of_speech,757.224,,,,,,26.659,730.565,,,,563.72,73.6,clean,0,,29,54,drone-pi,aarch64,Raspberry Pi 5 Model B Rev 1.0,true,4
1,smollm2-360m-instruct-Q4_K_M-warmup,0131,975,,,end_of_speech,624.651,,,,,,26.414,598.237,,,,563.72,73.6,clean,0,,24,48,drone-pi,aarch64,Raspberry Pi 5 Model B Rev 1.0,true,4
1,smollm2-360m-instruct-Q4_K_M-warmup,0121,976,,,end_of_speech,475.408,,,,,,139.902,335.506,,,,563.72,74.1,clean,0,,14,32,drone-pi,aarch64,Raspberry Pi 5 Model B Rev 1.0,true,4
1,smollm2-360m-instruct-Q4_K_M-warmup,0101,977,,,end_of_speech,518.18,,,,,,26.282,491.898,,,,563.72,73.0,clean,0,,20,41,drone-pi,aarch64,Raspberry Pi 5 Model B Rev 1.0,true,4
1,smollm2-360m-instruct-Q4_K_M-warmup,0032,978,,,end_of_speech,294.934,,,,,,139.909,155.025,,,,563.72,71.9,clean,0,,7,32,drone-pi,aarch64,Raspberry Pi 5 Model B Rev 1.0,true,4
1,smollm2-360m-instruct-Q4_K_M-warmup,0018,979,,,end_of_speech,331.663,,,,,,176.095,155.568,,,,563.72,73.0,clean,0,,7,35,drone-pi,aarch64,Raspberry Pi 5 Model B Rev 1.0,true,4
1,smollm2-360m-instruct-Q4_K_M-warmup,0049,980,,,end_of_speech,968.242,,,,,,291.647,676.595,,,,563.72,72.5,clean,0,,27,44,drone-pi,aarch64,Raspberry Pi 5 Model B Rev 1.0,true,4
1,smollm2-360m-instruct-Q4_K_M-warmup,0065,981,,,end_of_speech,782.444,,,,,,26.089,756.355,,,,563.72,72.5,clean,0,,30,52,drone-pi,aarch64,Raspberry Pi 5 Model B Rev 1.0,true,4
1,smollm2-360m-instruct-Q4_K_M-warmup,0110,982,,,end_of_speech,702.214,,,,,,26.67,675.544,,,,563.72,71.4,clean,0,,27,45,drone-pi,aarch64,Raspberry Pi 5 Model B Rev 1.0,true,4
1,smollm2-360m-instruct-Q4_K_M-warmup,0048,983,,,end_of_speech,293.266,,,,,,112.471,180.795,,,,563.72,70.3,clean,0,,8,32,drone-pi,aarch64,Raspberry Pi 5 Model B Rev 1.0,true,4
1,smollm2-360m-instruct-Q4_K_M-warmup,0097,984,,,end_of_speech,369.963,,,,,,214.366,155.597,,,,563.72,72.5,clean,0,,7,38,drone-pi,aarch64,Raspberry Pi 5 Model B Rev 1.0,true,4
1,smollm2-360m-instruct-Q4_K_M-warmup,0127,985,,,end_of_speech,642.902,,,,,,228.051,414.851,,,,563.72,71.9,clean,0,,17,39,drone-pi,aarch64,Raspberry Pi 5 Model B Rev 1.0,true,4
1,smollm2-360m-instruct-Q4_K_M-warmup,0123,986,,,end_of_speech,621.981,,,,,,25.961,596.02,,,,563.72,71.9,clean,0,,24,40,drone-pi,aarch64,Raspberry Pi 5 Model B Rev 1.0,true,4
1,smollm2-360m-instruct-Q4_K_M-warmup,0144,987,,,end_of_speech,540.358,,,,,,203.434,336.924,,,,563.72,73.0,clean,0,,14,39,drone-pi,aarch64,Raspberry Pi 5 Model B Rev 1.0,true,4
1,smollm2-360m-instruct-Q4_K_M-warmup,0057,988,,,end_of_speech,308.299,,,,,,152.745,155.554,,,,563.72,72.5,clean,0,,7,33,drone-pi,aarch64,Raspberry Pi 5 Model B Rev 1.0,true,4
1,smollm2-360m-instruct-Q4_K_M-warmup,0083,989,,,end_of_speech,721.052,,,,,,278.604,442.448,,,,563.72,73.6,clean,0,,18,43,drone-pi,aarch64,Raspberry Pi 5 Model B Rev 1.0,true,4
1,smollm2-360m-instruct-Q4_K_M-warmup,0168,990,,,end_of_speech,309.826,,,,,,26.177,283.649,,,,563.72,74.1,clean,0,,12,35,drone-pi,aarch64,Raspberry Pi 5 Model B Rev 1.0,true,4
1,smollm2-360m-instruct-Q4_K_M-warmup,0134,991,,,end_of_speech,468.606,,,,,,26.525,442.081,,,,563.72,73.0,clean,0,,18,51,drone-pi,aarch64,Raspberry Pi 5 Model B Rev 1.0,true,4
1,smollm2-360m-instruct-Q4_K_M-warmup,0128,992,,,end_of_speech,597.192,,,,,,26.373,570.819,,,,563.72,73.6,clean,0,,23,45,drone-pi,aarch64,Raspberry Pi 5 Model B Rev 1.0,true,4
1,smollm2-360m-instruct-Q4_K_M-warmup,0092,993,,,end_of_speech,465.64,,,,,,26.268,439.372,,,,563.72,73.6,clean,0,,18,37,drone-pi,aarch64,Raspberry Pi 5 Model B Rev 1.0,true,4
1,smollm2-360m-instruct-Q4_K_M-warmup,0120,994,,,end_of_speech,599.662,,,,,,26.449,573.213,,,,563.72,72.5,clean,0,,23,53,drone-pi,aarch64,Raspberry Pi 5 Model B Rev 1.0,true,4
1,smollm2-360m-instruct-Q4_K_M-warmup,0059,995,,,end_of_speech,545.194,,,,,,26.318,518.876,,,,563.72,72.5,clean,0,,21,44,drone-pi,aarch64,Raspberry Pi 5 Model B Rev 1.0,true,4
1,smollm2-360m-instruct-Q4_K_M-warmup,0141,996,,,end_of_speech,677.977,,,,,,26.426,651.551,,,,563.72,72.5,clean,0,,26,50,drone-pi,aarch64,Raspberry Pi 5 Model B Rev 1.0,true,4
1,smollm2-360m-instruct-Q4_K_M-warmup,0108,997,,,end_of_speech,362.209,,,,,,26.346,335.863,,,,563.72,72.5,clean,0,,14,41,drone-pi,aarch64,Raspberry Pi 5 Model B Rev 1.0,true,4
1,smollm2-360m-instruct-Q4_K_M-warmup,0159,998,,,end_of_speech,491.996,,,,,,26.45,465.546,,,,563.72,73.6,clean,0,,19,40,drone-pi,aarch64,Raspberry Pi 5 Model B Rev 1.0,true,4
1,smollm2-360m-instruct-Q4_K_M-warmup,0056,999,,,end_of_speech,467.218,,,,,,26.407,440.811,,,,563.72,72.5,clean,0,,18,42,drone-pi,aarch64,Raspberry Pi 5 Model B Rev 1.0,true,4
1,smollm2-360m-instruct-Q4_K_M-warmup,0009,1000,,,end_of_speech,358.071,,,,,,202.905,155.166,,,,563.72,74.1,clean,0,,7,37,drone-pi,aarch64,Raspberry Pi 5 Model B Rev 1.0,true,4
1,smollm2-360m-instruct-Q4_K_M-warmup,0038,1001,,,end_of_speech,1317.449,,,,,,445.131,872.318,,,,563.72,73.0,clean,0,,32,56,drone-pi,aarch64,Raspberry Pi 5 Model B Rev 1.0,true,4
1,smollm2-360m-instruct-Q4_K_M-warmup,0167,1002,,,end_of_speech,485.322,,,,,,29.274,456.048,,,,563.72,72.5,clean,0,,18,37,drone-pi,aarch64,Raspberry Pi 5 Model B Rev 1.0,true,4
1,smollm2-360m-instruct-Q4_K_M-warmup,0114,1003,,,end_of_speech,597.823,,,,,,26.422,571.401,,,,563.72,70.8,clean,0,,23,46,drone-pi,aarch64,Raspberry Pi 5 Model B Rev 1.0,true,4
1,smollm2-360m-instruct-Q4_K_M-warmup,0145,1004,,,end_of_speech,333.87,,,,,,152.533,181.337,,,,563.72,73.0,clean,0,,8,34,drone-pi,aarch64,Raspberry Pi 5 Model B Rev 1.0,true,4
1,smollm2-360m-instruct-Q4_K_M-warmup,0137,1005,,,end_of_speech,345.235,,,,,,189.657,155.578,,,,563.72,73.6,clean,0,,7,37,drone-pi,aarch64,Raspberry Pi 5 Model B Rev 1.0,true,4
1,smollm2-360m-instruct-Q4_K_M-warmup,0020,1006,,,end_of_speech,473.776,,,,,,189.563,284.213,,,,563.72,73.0,clean,0,,12,36,drone-pi,aarch64,Raspberry Pi 5 Model B Rev 1.0,true,4
1,smollm2-360m-instruct-Q4_K_M-warmup,0080,1007,,,end_of_speech,307.988,,,,,,152.719,155.269,,,,563.72,73.0,clean,0,,7,33,drone-pi,aarch64,Raspberry Pi 5 Model B Rev 1.0,true,4
1,smollm2-360m-instruct-Q4_K_M-warmup,0069,1008,,,end_of_speech,526.101,,,,,,189.555,336.546,,,,563.72,73.6,clean,0,,14,36,drone-pi,aarch64,Raspberry Pi 5 Model B Rev 1.0,true,4
1,smollm2-360m-instruct-Q4_K_M-warmup,0047,1009,,,end_of_speech,335.939,,,,,,25.899,310.04,,,,563.72,73.6,clean,0,,13,40,drone-pi,aarch64,Raspberry Pi 5 Model B Rev 1.0,true,4
1,smollm2-360m-instruct-Q4_K_M-warmup,0050,1010,,,end_of_speech,361.78,,,,,,26.213,335.567,,,,563.72,73.0,clean,0,,14,39,drone-pi,aarch64,Raspberry Pi 5 Model B Rev 1.0,true,4
1,smollm2-360m-instruct-Q4_K_M-warmup,0172,1011,,,end_of_speech,466.009,,,,,,26.389,439.62,,,,563.72,73.0,clean,0,,18,41,drone-pi,aarch64,Raspberry Pi 5 Model B Rev 1.0,true,4
1,smollm2-360m-instruct-Q4_K_M-warmup,0076,1012,,,end_of_speech,335.248,,,,,,26.369,308.879,,,,563.72,73.0,clean,0,,13,34,drone-pi,aarch64,Raspberry Pi 5 Model B Rev 1.0,true,4
1,smollm2-360m-instruct-Q4_K_M-warmup,0180,1013,,,end_of_speech,650.023,,,,,,26.405,623.618,,,,563.72,73.6,clean,0,,25,42,drone-pi,aarch64,Raspberry Pi 5 Model B Rev 1.0,true,4
1,smollm2-360m-instruct-Q4_K_M-warmup,0064,1014,,,end_of_speech,475.634,,,,,,140.214,335.42,,,,563.72,72.5,clean,0,,14,34,drone-pi,aarch64,Raspberry Pi 5 Model B Rev 1.0,true,4
1,smollm2-360m-instruct-Q4_K_M-warmup,0022,1015,,,end_of_speech,464.763,,,,,,26.263,438.5,,,,563.72,72.5,clean,0,,18,34,drone-pi,aarch64,Raspberry Pi 5 Model B Rev 1.0,true,4
1,smollm2-360m-instruct-Q4_K_M-warmup,0149,1016,,,end_of_speech,622.027,,,,,,26.276,595.751,,,,563.72,72.5,clean,0,,24,38,drone-pi,aarch64,Raspberry Pi 5 Model B Rev 1.0,true,4
1,smollm2-360m-instruct-Q4_K_M-warmup,0169,1017,,,end_of_speech,649.531,,,,,,26.507,623.024,,,,563.72,73.6,clean,0,,25,44,drone-pi,aarch64,Raspberry Pi 5 Model B Rev 1.0,true,4
1,smollm2-360m-instruct-Q4_K_M-warmup,0152,1018,,,end_of_speech,336.345,,,,,,26.317,310.028,,,,563.72,72.5,clean,0,,13,39,drone-pi,aarch64,Raspberry Pi 5 Model B Rev 1.0,true,4
1,smollm2-360m-instruct-Q4_K_M-warmup,0010,1019,,,end_of_speech,809.937,,,,,,26.523,783.414,,,,563.72,73.6,clean,0,,31,55,drone-pi,aarch64,Raspberry Pi 5 Model B Rev 1.0,true,4
1,smollm2-360m-instruct-Q4_K_M-warmup,0151,1020,,,end_of_speech,439.61,,,,,,26.404,413.206,,,,563.72,73.6,clean,0,,17,38,drone-pi,aarch64,Raspberry Pi 5 Model B Rev 1.0,true,4
1,smollm2-360m-instruct-Q4_K_M-warmup,0162,1021,,,end_of_speech,599.321,,,,,,26.477,572.844,,,,563.72,73.6,clean,0,,23,52,drone-pi,aarch64,Raspberry Pi 5 Model B Rev 1.0,true,4
1,smollm2-360m-instruct-Q4_K_M-warmup,0182,1022,,,end_of_speech,345.526,,,,,,189.844,155.682,,,,563.72,73.0,clean,0,,7,36,drone-pi,aarch64,Raspberry Pi 5 Model B Rev 1.0,true,4
1,smollm2-360m-instruct-Q4_K_M-warmup,0072,1023,,,end_of_speech,462.153,,,,,,152.556,309.597,,,,563.72,72.5,clean,0,,13,33,drone-pi,aarch64,Raspberry Pi 5 Model B Rev 1.0,true,4
1,smollm2-360m-instruct-Q4_K_M-warmup,0033,1024,,,end_of_speech,310.273,,,,,,25.949,284.324,,,,563.72,73.6,clean,0,,12,38,drone-pi,aarch64,Raspberry Pi 5 Model B Rev 1.0,true,4
1,smollm2-360m-instruct-Q4_K_M-warmup,0116,1025,,,end_of_speech,389.019,,,,,,26.548,362.471,,,,563.72,73.0,clean,0,,15,44,drone-pi,aarch64,Raspberry Pi 5 Model B Rev 1.0,true,4
1,smollm2-360m-instruct-Q4_K_M-warmup,0105,1026,,,end_of_speech,621.911,,,,,,26.47,595.441,,,,563.72,73.6,clean,0,,24,40,drone-pi,aarch64,Raspberry Pi 5 Model B Rev 1.0,true,4
1,smollm2-360m-instruct-Q4_K_M-warmup,0089,1027,,,end_of_speech,944.109,,,,,,26.849,917.26,,,,563.72,73.0,clean,0,,36,58,drone-pi,aarch64,Raspberry Pi 5 Model B Rev 1.0,true,4
1,smollm2-360m-instruct-Q4_K_M-warmup,0062,1028,,,end_of_speech,387.436,,,,,,26.291,361.145,,,,563.72,74.1,clean,0,,15,37,drone-pi,aarch64,Raspberry Pi 5 Model B Rev 1.0,true,4
1,smollm2-360m-instruct-Q4_K_M-warmup,0113,1029,,,end_of_speech,894.446,,,,,,26.491,867.955,,,,563.72,73.0,clean,0,,34,47,drone-pi,aarch64,Raspberry Pi 5 Model B Rev 1.0,true,4
1,smollm2-360m-instruct-Q4_K_M-warmup,0193,1030,,,end_of_speech,624.886,,,,,,26.511,598.375,,,,563.72,71.9,clean,0,,24,48,drone-pi,aarch64,Raspberry Pi 5 Model B Rev 1.0,true,4
1,smollm2-360m-instruct-Q4_K_M-warmup,0006,1031,,,end_of_speech,308.604,,,,,,152.813,155.791,,,,563.72,73.0,clean,0,,7,33,drone-pi,aarch64,Raspberry Pi 5 Model B Rev 1.0,true,4
1,smollm2-360m-instruct-Q4_K_M-warmup,0196,1032,,,end_of_speech,630.104,,,,,,241.356,388.748,,,,563.72,71.9,clean,0,,16,40,drone-pi,aarch64,Raspberry Pi 5 Model B Rev 1.0,true,4
1,smollm2-360m-instruct-Q4_K_M-warmup,0186,1033,,,end_of_speech,622.693,,,,,,26.007,596.686,,,,563.72,73.6,clean,0,,24,41,drone-pi,aarch64,Raspberry Pi 5 Model B Rev 1.0,true,4
1,smollm2-360m-instruct-Q4_K_M-warmup,0075,1034,,,end_of_speech,757.719,,,,,,26.646,731.073,,,,563.72,73.0,clean,0,,29,54,drone-pi,aarch64,Raspberry Pi 5 Model B Rev 1.0,true,4
1,smollm2-360m-instruct-Q4_K_M-warmup,0131,1035,,,end_of_speech,624.452,,,,,,26.491,597.961,,,,563.72,71.9,clean,0,,24,48,drone-pi,aarch64,Raspberry Pi 5 Model B Rev 1.0,true,4
1,smollm2-360m-instruct-Q4_K_M-warmup,0121,1036,,,end_of_speech,474.785,,,,,,139.841,334.944,,,,563.72,72.5,clean,0,,14,32,drone-pi,aarch64,Raspberry Pi 5 Model B Rev 1.0,true,4
1,smollm2-360m-instruct-Q4_K_M-warmup,0101,1037,,,end_of_speech,518.328,,,,,,26.487,491.841,,,,563.72,73.0,clean,0,,20,41,drone-pi,aarch64,Raspberry Pi 5 Model B Rev 1.0,true,4
1,smollm2-360m-instruct-Q4_K_M-warmup,0032,1038,,,end_of_speech,295.179,,,,,,139.97,155.209,,,,563.72,73.0,clean,0,,7,32,drone-pi,aarch64,Raspberry Pi 5 Model B Rev 1.0,true,4
1,smollm2-360m-instruct-Q4_K_M-warmup,0018,1039,,,end_of_speech,331.562,,,,,,175.997,155.565,,,,563.72,72.5,clean,0,,7,35,drone-pi,aarch64,Raspberry Pi 5 Model B Rev 1.0,true,4
1,smollm2-360m-instruct-Q4_K_M-warmup,0049,1040,,,end_of_speech,968.435,,,,,,291.639,676.796,,,,563.72,71.9,clean,0,,27,44,drone-pi,aarch64,Raspberry Pi 5 Model B Rev 1.0,true,4
1,smollm2-360m-instruct-Q4_K_M-warmup,0065,1041,,,end_of_speech,783.421,,,,,,26.235,757.186,,,,563.72,71.9,clean,0,,30,52,drone-pi,aarch64,Raspberry Pi 5 Model B Rev 1.0,true,4
1,smollm2-360m-instruct-Q4_K_M-warmup,0110,1042,,,end_of_speech,702.141,,,,,,26.401,675.74,,,,563.72,71.9,clean,0,,27,45,drone-pi,aarch64,Raspberry Pi 5 Model B Rev 1.0,true,4
1,smollm2-360m-instruct-Q4_K_M-warmup,0048,1043,,,end_of_speech,293.135,,,,,,112.45,180.685,,,,563.72,72.5,clean,0,,8,32,drone-pi,aarch64,Raspberry Pi 5 Model B Rev 1.0,true,4
1,smollm2-360m-instruct-Q4_K_M-warmup,0097,1044,,,end_of_speech,369.722,,,,,,214.331,155.391,,,,563.72,73.0,clean,0,,7,38,drone-pi,aarch64,Raspberry Pi 5 Model B Rev 1.0,true,4
1,smollm2-360m-instruct-Q4_K_M-warmup,0127,1045,,,end_of_speech,642.79,,,,,,228.028,414.762,,,,563.72,73.0,clean,0,,17,39,drone-pi,aarch64,Raspberry Pi 5 Model B Rev 1.0,true,4
1,smollm2-360m-instruct-Q4_K_M-warmup,0123,1046,,,end_of_speech,622.421,,,,,,25.98,596.441,,,,563.72,73.6,clean,0,,24,40,drone-pi,aarch64,Raspberry Pi 5 Model B Rev 1.0,true,4
1,smollm2-360m-instruct-Q4_K_M-warmup,0144,1047,,,end_of_speech,540.113,,,,,,203.41,336.703,,,,563.72,73.0,clean,0,,14,39,drone-pi,aarch64,Raspberry Pi 5 Model B Rev 1.0,true,4
1,smollm2-360m-instruct-Q4_K_M-warmup,0057,1048,,,end_of_speech,308.18,,,,,,152.691,155.489,,,,563.72,71.9,clean,0,,7,33,drone-pi,aarch64,Raspberry Pi 5 Model B Rev 1.0,true,4
1,smollm2-360m-instruct-Q4_K_M-warmup,0083,1049,,,end_of_speech,720.03,,,,,,278.761,441.269,,,,563.72,71.9,clean,0,,18,43,drone-pi,aarch64,Raspberry Pi 5 Model B Rev 1.0,true,4
1,smollm2-360m-instruct-Q4_K_M-warmup,0168,1050,,,end_of_speech,310.003,,,,,,26.244,283.759,,,,563.72,73.6,clean,0,,12,35,drone-pi,aarch64,Raspberry Pi 5 Model B Rev 1.0,true,4
1,smollm2-360m-instruct-Q4_K_M-warmup,0134,1051,,,end_of_speech,468.827,,,,,,26.574,442.253,,,,563.72,74.1,clean,0,,18,51,drone-pi,aarch64,Raspberry Pi 5 Model B Rev 1.0,true,4
1,smollm2-360m-instruct-Q4_K_M-warmup,0128,1052,,,end_of_speech,597.52,,,,,,26.407,571.113,,,,563.72,72.5,clean,0,,23,45,drone-pi,aarch64,Raspberry Pi 5 Model B Rev 1.0,true,4
1,smollm2-360m-instruct-Q4_K_M-warmup,0092,1053,,,end_of_speech,465.824,,,,,,26.321,439.503,,,,563.72,71.9,clean,0,,18,37,drone-pi,aarch64,Raspberry Pi 5 Model B Rev 1.0,true,4
1,smollm2-360m-instruct-Q4_K_M-warmup,0120,1054,,,end_of_speech,599.39,,,,,,26.506,572.884,,,,563.72,72.5,clean,0,,23,53,drone-pi,aarch64,Raspberry Pi 5 Model B Rev 1.0,true,4
1,smollm2-360m-instruct-Q4_K_M-warmup,0059,1055,,,end_of_speech,545.508,,,,,,26.464,519.044,,,,563.72,73.6,clean,0,,21,44,drone-pi,aarch64,Raspberry Pi 5 Model B Rev 1.0,true,4
1,smollm2-360m-instruct-Q4_K_M-warmup,0141,1056,,,end_of_speech,678.42,,,,,,26.557,651.863,,,,563.72,73.6,clean,0,,26,50,drone-pi,aarch64,Raspberry Pi 5 Model B Rev 1.0,true,4
1,smollm2-360m-instruct-Q4_K_M-warmup,0108,1057,,,end_of_speech,362.058,,,,,,26.276,335.782,,,,563.72,71.4,clean,0,,14,41,drone-pi,aarch64,Raspberry Pi 5 Model B Rev 1.0,true,4
1,smollm2-360m-instruct-Q4_K_M-warmup,0159,1058,,,end_of_speech,492.433,,,,,,26.438,465.995,,,,563.72,72.5,clean,0,,19,40,drone-pi,aarch64,Raspberry Pi 5 Model B Rev 1.0,true,4
1,smollm2-360m-instruct-Q4_K_M-warmup,0056,1059,,,end_of_speech,466.526,,,,,,26.424,440.102,,,,563.72,73.6,clean,0,,18,42,drone-pi,aarch64,Raspberry Pi 5 Model B Rev 1.0,true,4
1,smollm2-360m-instruct-Q4_K_M-warmup,0009,1060,,,end_of_speech,358.032,,,,,,202.809,155.223,,,,563.72,71.9,clean,0,,7,37,drone-pi,aarch64,Raspberry Pi 5 Model B Rev 1.0,true,4
1,smollm2-360m-instruct-Q4_K_M-warmup,0038,1061,,,end_of_speech,1257.077,,,,,,445.226,811.851,,,,563.72,71.9,clean,0,,32,56,drone-pi,aarch64,Raspberry Pi 5 Model B Rev 1.0,true,4
1,smollm2-360m-instruct-Q4_K_M-warmup,0167,1062,,,end_of_speech,465.552,,,,,,25.908,439.644,,,,563.72,74.1,clean,0,,18,37,drone-pi,aarch64,Raspberry Pi 5 Model B Rev 1.0,true,4
1,smollm2-360m-instruct-Q4_K_M-warmup,0114,1063,,,end_of_speech,597.231,,,,,,26.457,570.774,,,,563.72,73.6,clean,0,,23,46,drone-pi,aarch64,Raspberry Pi 5 Model B Rev 1.0,true,4
1,smollm2-360m-instruct-Q4_K_M-warmup,0145,1064,,,end_of_speech,333.969,,,,,,152.65,181.319,,,,563.72,71.9,clean,0,,8,34,drone-pi,aarch64,Raspberry Pi 5 Model B Rev 1.0,true,4
1,smollm2-360m-instruct-Q4_K_M-warmup,0137,1065,,,end_of_speech,345.542,,,,,,189.685,155.857,,,,563.72,73.6,clean,0,,7,37,drone-pi,aarch64,Raspberry Pi 5 Model B Rev 1.0,true,4
1,smollm2-360m-instruct-Q4_K_M-warmup,0020,1066,,,end_of_speech,474.1,,,,,,189.55,284.55,,,,563.72,73.0,clean,0,,12,36,drone-pi,aarch64,Raspberry Pi 5 Model B Rev 1.0,true,4
1,smollm2-360m-instruct-Q4_K_M-warmup,0080,1067,,,end_of_speech,308.786,,,,,,152.71,156.076,,,,563.72,71.9,clean,0,,7,33,drone-pi,aarch64,Raspberry Pi 5 Model B Rev 1.0,true,4
1,smollm2-360m-instruct-Q4_K_M-warmup,0069,1068,,,end_of_speech,526.113,,,,,,189.525,336.588,,,,563.72,71.9,clean,0,,14,36,drone-pi,aarch64,Raspberry Pi 5 Model B Rev 1.0,true,4
1,smollm2-360m-instruct-Q4_K_M-warmup,0047,1069,,,end_of_speech,336.117,,,,,,25.933,310.184,,,,563.72,72.5,clean,0,,13,40,drone-pi,aarch64,Raspberry Pi 5 Model B Rev 1.0,true,4
1,smollm2-360m-instruct-Q4_K_M-warmup,0050,1070,,,end_of_speech,361.604,,,,,,26.329,335.275,,,,563.72,71.9,clean,0,,14,39,drone-pi,aarch64,Raspberry Pi 5 Model B Rev 1.0,true,4
1,smollm2-360m-instruct-Q4_K_M-warmup,0172,1071,,,end_of_speech,466.061,,,,,,26.33,439.731,,,,563.72,73.0,clean,0,,18,41,drone-pi,aarch64,Raspberry Pi 5 Model B Rev 1.0,true,4
1,smollm2-360m-instruct-Q4_K_M-warmup,0076,1072,,,end_of_speech,334.778,,,,,,26.226,308.552,,,,563.72,72.5,clean,0,,13,34,drone-pi,aarch64,Raspberry Pi 5 Model B Rev 1.0,true,4
1,smollm2-360m-instruct-Q4_K_M-warmup,0180,1073,,,end_of_speech,648.417,,,,,,26.303,622.114,,,,563.72,73.0,clean,0,,25,42,drone-pi,aarch64,Raspberry Pi 5 Model B Rev 1.0,true,4
1,smollm2-360m-instruct-Q4_K_M-warmup,0064,1074,,,end_of_speech,475.582,,,,,,140.083,335.499,,,,563.72,73.0,clean,0,,14,34,drone-pi,aarch64,Raspberry Pi 5 Model B Rev 1.0,true,4
1,smollm2-360m-instruct-Q4_K_M-warmup,0022,1075,,,end_of_speech,465.14,,,,,,26.188,438.952,,,,563.72,73.0,clean,0,,18,34,drone-pi,aarch64,Raspberry Pi 5 Model B Rev 1.0,true,4
1,smollm2-360m-instruct-Q4_K_M-warmup,0149,1076,,,end_of_speech,621.623,,,,,,26.308,595.315,,,,563.72,71.4,clean,0,,24,38,drone-pi,aarch64,Raspberry Pi 5 Model B Rev 1.0,true,4
1,smollm2-360m-instruct-Q4_K_M-warmup,0169,1077,,,end_of_speech,650.467,,,,,,26.461,624.006,,,,563.72,71.9,clean,0,,25,44,drone-pi,aarch64,Raspberry Pi 5 Model B Rev 1.0,true,4
1,smollm2-360m-instruct-Q4_K_M-warmup,0152,1078,,,end_of_speech,336.344,,,,,,26.628,309.716,,,,563.72,72.5,clean,0,,13,39,drone-pi,aarch64,Raspberry Pi 5 Model B Rev 1.0,true,4
1,smollm2-360m-instruct-Q4_K_M-warmup,0010,1079,,,end_of_speech,811.963,,,,,,26.572,785.391,,,,563.72,73.0,clean,0,,31,55,drone-pi,aarch64,Raspberry Pi 5 Model B Rev 1.0,true,4
1,smollm2-360m-instruct-Q4_K_M,0151,0,,,end_of_speech,439.433,,,,,,26.45,412.983,,,,563.72,73.0,clean,0,,17,38,drone-pi,aarch64,Raspberry Pi 5 Model B Rev 1.0,true,4
1,smollm2-360m-instruct-Q4_K_M,0162,1,,,end_of_speech,599.661,,,,,,26.562,573.099,,,,563.72,73.0,clean,0,,23,52,drone-pi,aarch64,Raspberry Pi 5 Model B Rev 1.0,true,4
1,smollm2-360m-instruct-Q4_K_M,0182,2,,,end_of_speech,345.249,,,,,,189.691,155.558,,,,563.72,73.0,clean,0,,7,36,drone-pi,aarch64,Raspberry Pi 5 Model B Rev 1.0,true,4
1,smollm2-360m-instruct-Q4_K_M,0072,3,,,end_of_speech,462.447,,,,,,152.563,309.884,,,,563.72,72.5,clean,0,,13,33,drone-pi,aarch64,Raspberry Pi 5 Model B Rev 1.0,true,4
1,smollm2-360m-instruct-Q4_K_M,0033,4,,,end_of_speech,309.872,,,,,,25.837,284.035,,,,563.72,73.6,clean,0,,12,38,drone-pi,aarch64,Raspberry Pi 5 Model B Rev 1.0,true,4
1,smollm2-360m-instruct-Q4_K_M,0116,5,,,end_of_speech,388.618,,,,,,26.427,362.191,,,,563.72,71.9,clean,0,,15,44,drone-pi,aarch64,Raspberry Pi 5 Model B Rev 1.0,true,4
1,smollm2-360m-instruct-Q4_K_M,0105,6,,,end_of_speech,622.77,,,,,,26.339,596.431,,,,563.72,71.4,clean,0,,24,40,drone-pi,aarch64,Raspberry Pi 5 Model B Rev 1.0,true,4
1,smollm2-360m-instruct-Q4_K_M,0089,7,,,end_of_speech,943.566,,,,,,26.741,916.825,,,,563.72,72.5,clean,0,,36,58,drone-pi,aarch64,Raspberry Pi 5 Model B Rev 1.0,true,4
1,smollm2-360m-instruct-Q4_K_M,0062,8,,,end_of_speech,387.744,,,,,,26.377,361.367,,,,563.72,71.9,clean,0,,15,37,drone-pi,aarch64,Raspberry Pi 5 Model B Rev 1.0,true,4
1,smollm2-360m-instruct-Q4_K_M,0113,9,,,end_of_speech,894.249,,,,,,26.52,867.729,,,,563.72,71.9,clean,0,,34,47,drone-pi,aarch64,Raspberry Pi 5 Model B Rev 1.0,true,4
1,smollm2-360m-instruct-Q4_K_M,0193,10,,,end_of_speech,625.085,,,,,,26.551,598.534,,,,563.72,72.5,clean,0,,24,48,drone-pi,aarch64,Raspberry Pi 5 Model B Rev 1.0,true,4
1,smollm2-360m-instruct-Q4_K_M,0006,11,,,end_of_speech,308.141,,,,,,152.753,155.388,,,,563.72,72.5,clean,0,,7,33,drone-pi,aarch64,Raspberry Pi 5 Model B Rev 1.0,true,4
1,smollm2-360m-instruct-Q4_K_M,0196,12,,,end_of_speech,630.393,,,,,,241.411,388.982,,,,563.72,72.5,clean,0,,16,40,drone-pi,aarch64,Raspberry Pi 5 Model B Rev 1.0,true,4
1,smollm2-360m-instruct-Q4_K_M,0186,13,,,end_of_speech,623.262,,,,,,26.03,597.232,,,,563.72,72.5,clean,0,,24,41,drone-pi,aarch64,Raspberry Pi 5 Model B Rev 1.0,true,4
1,smollm2-360m-instruct-Q4_K_M,0075,14,,,end_of_speech,757.566,,,,,,26.547,731.019,,,,563.72,73.6,clean,0,,29,54,drone-pi,aarch64,Raspberry Pi 5 Model B Rev 1.0,true,4
1,smollm2-360m-instruct-Q4_K_M,0131,15,,,end_of_speech,625.478,,,,,,26.45,599.028,,,,563.72,73.6,clean,0,,24,48,drone-pi,aarch64,Raspberry Pi 5 Model B Rev 1.0,true,4
1,smollm2-360m-instruct-Q4_K_M,0121,16,,,end_of_speech,475.412,,,,,,139.928,335.484,,,,563.72,71.9,clean,0,,14,32,drone-pi,aarch64,Raspberry Pi 5 Model B Rev 1.0,true,4
1,smollm2-360m-instruct-Q4_K_M,0101,17,,,end_of_speech,518.088,,,,,,26.36,491.728,,,,563.72,73.0,clean,0,,20,41,drone-pi,aarch64,Raspberry Pi 5 Model B Rev 1.0,true,4
1,smollm2-360m-instruct-Q4_K_M,0032,18,,,end_of_speech,295.279,,,,,,139.919,155.36,,,,563.72,73.6,clean,0,,7,32,drone-pi,aarch64,Raspberry Pi 5 Model B Rev 1.0,true,4
1,smollm2-360m-instruct-Q4_K_M,0018,19,,,end_of_speech,331.608,,,,,,176.183,155.425,,,,563.72,73.0,clean,0,,7,35,drone-pi,aarch64,Raspberry Pi 5 Model B Rev 1.0,true,4
1,smollm2-360m-instruct-Q4_K_M,0049,20,,,end_of_speech,968.207,,,,,,291.415,676.792,,,,563.72,71.9,clean,0,,27,44,drone-pi,aarch64,Raspberry Pi 5 Model B Rev 1.0,true,4
1,smollm2-360m-instruct-Q4_K_M,0065,21,,,end_of_speech,783.075,,,,,,26.156,756.919,,,,563.72,73.6,clean,0,,30,52,drone-pi,aarch64,Raspberry Pi 5 Model B Rev 1.0,true,4
1,smollm2-360m-instruct-Q4_K_M,0110,22,,,end_of_speech,702.475,,,,,,26.486,675.989,,,,563.72,72.5,clean,0,,27,45,drone-pi,aarch64,Raspberry Pi 5 Model B Rev 1.0,true,4
1,smollm2-360m-instruct-Q4_K_M,0048,23,,,end_of_speech,292.836,,,,,,112.439,180.397,,,,563.72,69.2,clean,0,,8,32,drone-pi,aarch64,Raspberry Pi 5 Model B Rev 1.0,true,4
1,smollm2-360m-instruct-Q4_K_M,0097,24,,,end_of_speech,379.652,,,,,,224.109,155.543,,,,563.72,71.4,clean,0,,7,38,drone-pi,aarch64,Raspberry Pi 5 Model B Rev 1.0,true,4
1,smollm2-360m-instruct-Q4_K_M,0127,25,,,end_of_speech,642.694,,,,,,227.984,414.71,,,,563.72,71.9,clean,0,,17,39,drone-pi,aarch64,Raspberry Pi 5 Model B Rev 1.0,true,4
1,smollm2-360m-instruct-Q4_K_M,0123,26,,,end_of_speech,623.039,,,,,,25.923,597.116,,,,563.72,73.6,clean,0,,24,40,drone-pi,aarch64,Raspberry Pi 5 Model B Rev 1.0,true,4
1,smollm2-360m-instruct-Q4_K_M,0144,27,,,end_of_speech,539.752,,,,,,203.325,336.427,,,,563.72,71.4,clean,0,,14,39,drone-pi,aarch64,Raspberry Pi 5 Model B Rev 1.0,true,4
1,smollm2-360m-instruct-Q4_K_M,0057,28,,,end_of_speech,308.074,,,,,,152.669,155.405,,,,563.72,73.0,clean,0,,7,33,drone-pi,aarch64,Raspberry Pi 5 Model B Rev 1.0,true,4
1,smollm2-360m-instruct-Q4_K_M,0083,29,,,end_of_speech,719.474,,,,,,278.639,440.835,,,,563.72,72.5,clean,0,,18,43,drone-pi,aarch64,Raspberry Pi 5 Model B Rev 1.0,true,4
1,smollm2-360m-instruct-Q4_K_M,0168,30,,,end_of_speech,309.957,,,,,,26.314,283.643,,,,563.72,73.6,clean,0,,12,35,drone-pi,aarch64,Raspberry Pi 5 Model B Rev 1.0,true,4
1,smollm2-360m-instruct-Q4_K_M,0134,31,,,end_of_speech,469.473,,,,,,26.577,442.896,,,,563.72,71.9,clean,0,,18,51,drone-pi,aarch64,Raspberry Pi 5 Model B Rev 1.0,true,4
1,smollm2-360m-instruct-Q4_K_M,0128,32,,,end_of_speech,597.384,,,,,,26.475,570.909,,,,563.72,72.5,clean,0,,23,45,drone-pi,aarch64,Raspberry Pi 5 Model B Rev 1.0,true,4
1,smollm2-360m-instruct-Q4_K_M,0092,33,,,end_of_speech,469.783,,,,,,26.404,443.379,,,,563.72,73.0,clean,0,,18,37,drone-pi,aarch64,Raspberry Pi 5 Model B Rev 1.0,true,4
1,smollm2-360m-instruct-Q4_K_M,0120,34,,,end_of_speech,694.407,,,,,,49.231,645.176,,,,563.72,71.9,clean,0,,23,53,drone-pi,aarch64,Raspberry Pi 5 Model B Rev 1.0,true,4
1,smollm2-360m-instruct-Q4_K_M,0059,35,,,end_of_speech,550.659,,,,,,28.231,522.428,,,,563.72,73.0,clean,0,,21,44,drone-pi,aarch64,Raspberry Pi 5 Model B Rev 1.0,true,4
1,smollm2-360m-instruct-Q4_K_M,0141,36,,,end_of_speech,678.512,,,,,,26.496,652.016,,,,563.72,71.4,clean,0,,26,50,drone-pi,aarch64,Raspberry Pi 5 Model B Rev 1.0,true,4
1,smollm2-360m-instruct-Q4_K_M,0108,37,,,end_of_speech,363.079,,,,,,26.701,336.378,,,,563.72,72.5,clean,0,,14,41,drone-pi,aarch64,Raspberry Pi 5 Model B Rev 1.0,true,4
1,smollm2-360m-instruct-Q4_K_M,0159,38,,,end_of_speech,492.691,,,,,,26.299,466.392,,,,563.72,71.9,clean,0,,19,40,drone-pi,aarch64,Raspberry Pi 5 Model B Rev 1.0,true,4
1,smollm2-360m-instruct-Q4_K_M,0056,39,,,end_of_speech,467.178,,,,,,26.219,440.959,,,,563.72,73.0,clean,0,,18,42,drone-pi,aarch64,Raspberry Pi 5 Model B Rev 1.0,true,4
1,smollm2-360m-instruct-Q4_K_M,0009,40,,,end_of_speech,358.675,,,,,,202.954,155.721,,,,563.72,73.6,clean,0,,7,37,drone-pi,aarch64,Raspberry Pi 5 Model B Rev 1.0,true,4
1,smollm2-360m-instruct-Q4_K_M,0038,41,,,end_of_speech,1259.377,,,,,,445.221,814.156,,,,563.72,73.6,clean,0,,32,56,drone-pi,aarch64,Raspberry Pi 5 Model B Rev 1.0,true,4
1,smollm2-360m-instruct-Q4_K_M,0167,42,,,end_of_speech,466.51,,,,,,25.863,440.647,,,,563.72,72.5,clean,0,,18,37,drone-pi,aarch64,Raspberry Pi 5 Model B Rev 1.0,true,4
1,smollm2-360m-instruct-Q4_K_M,0114,43,,,end_of_speech,598.613,,,,,,26.491,572.122,,,,563.72,73.0,clean,0,,23,46,drone-pi,aarch64,Raspberry Pi 5 Model B Rev 1.0,true,4
1,smollm2-360m-instruct-Q4_K_M,0145,44,,,end_of_speech,334.459,,,,,,152.66,181.799,,,,563.72,73.6,clean,0,,8,34,drone-pi,aarch64,Raspberry Pi 5 Model B Rev 1.0,true,4
1,smollm2-360m-instruct-Q4_K_M,0137,45,,,end_of_speech,345.409,,,,,,189.656,155.753,,,,563.72,73.6,clean,0,,7,37,drone-pi,aarch64,Raspberry Pi 5 Model B Rev 1.0,true,4
1,smollm2-360m-instruct-Q4_K_M,0020,46,,,end_of_speech,474.847,,,,,,189.514,285.333,,,,563.72,73.0,clean,0,,12,36,drone-pi,aarch64,Raspberry Pi 5 Model B Rev 1.0,true,4
1,smollm2-360m-instruct-Q4_K_M,0080,47,,,end_of_speech,308.514,,,,,,152.842,155.672,,,,563.72,71.9,clean,0,,7,33,drone-pi,aarch64,Raspberry Pi 5 Model B Rev 1.0,true,4
1,smollm2-360m-instruct-Q4_K_M,0069,48,,,end_of_speech,526.632,,,,,,189.531,337.101,,,,563.72,72.5,clean,0,,14,36,drone-pi,aarch64,Raspberry Pi 5 Model B Rev 1.0,true,4
1,smollm2-360m-instruct-Q4_K_M,0047,49,,,end_of_speech,336.719,,,,,,26.045,310.674,,,,563.72,72.5,clean,0,,13,40,drone-pi,aarch64,Raspberry Pi 5 Model B Rev 1.0,true,4
1,smollm2-360m-instruct-Q4_K_M,0050,50,,,end_of_speech,362.208,,,,,,26.486,335.722,,,,563.72,74.1,clean,0,,14,39,drone-pi,aarch64,Raspberry Pi 5 Model B Rev 1.0,true,4
1,smollm2-360m-instruct-Q4_K_M,0172,51,,,end_of_speech,467.172,,,,,,26.345,440.827,,,,563.72,72.5,clean,0,,18,41,drone-pi,aarch64,Raspberry Pi 5 Model B Rev 1.0,true,4
1,smollm2-360m-instruct-Q4_K_M,0076,52,,,end_of_speech,335.636,,,,,,26.184,309.452,,,,563.72,73.0,clean,0,,13,34,drone-pi,aarch64,Raspberry Pi 5 Model B Rev 1.0,true,4
1,smollm2-360m-instruct-Q4_K_M,0180,53,,,end_of_speech,650.462,,,,,,26.4,624.062,,,,563.72,71.9,clean,0,,25,42,drone-pi,aarch64,Raspberry Pi 5 Model B Rev 1.0,true,4
1,smollm2-360m-instruct-Q4_K_M,0064,54,,,end_of_speech,476.682,,,,,,140.071,336.611,,,,563.72,72.5,clean,0,,14,34,drone-pi,aarch64,Raspberry Pi 5 Model B Rev 1.0,true,4
1,smollm2-360m-instruct-Q4_K_M,0022,55,,,end_of_speech,465.387,,,,,,26.257,439.13,,,,563.72,74.1,clean,0,,18,34,drone-pi,aarch64,Raspberry Pi 5 Model B Rev 1.0,true,4
1,smollm2-360m-instruct-Q4_K_M,0149,56,,,end_of_speech,623.844,,,,,,26.457,597.387,,,,563.72,73.6,clean,0,,24,38,drone-pi,aarch64,Raspberry Pi 5 Model B Rev 1.0,true,4
1,smollm2-360m-instruct-Q4_K_M,0169,57,,,end_of_speech,650.618,,,,,,26.478,624.14,,,,563.72,72.5,clean,0,,25,44,drone-pi,aarch64,Raspberry Pi 5 Model B Rev 1.0,true,4
1,smollm2-360m-instruct-Q4_K_M,0152,58,,,end_of_speech,337.405,,,,,,26.585,310.82,,,,563.72,72.5,clean,0,,13,39,drone-pi,aarch64,Raspberry Pi 5 Model B Rev 1.0,true,4
1,smollm2-360m-instruct-Q4_K_M,0010,59,,,end_of_speech,812.11,,,,,,26.659,785.451,,,,563.72,74.1,clean,0,,31,55,drone-pi,aarch64,Raspberry Pi 5 Model B Rev 1.0,true,4
